"NMID","eta.ka","eta.dur","eta.V","eta.CL"
1,-0.220449370091252,0.0111970105707006,0.303386914963803,0.432264271527265
2,-0.2459628916073,0.335767382513971,0.113093607408795,-0.418977622849571
3,-0.225006394886487,-0.00030586114790656,0.10053466185646,0.261010907222725
4,0.253670077041776,-0.248854535792186,0.0834039928016751,-0.0722106398482813
5,0.189402621231584,0.124267065505558,-0.352817751230862,-0.187311474214755
6,-0.48483993662797,-0.295632735823233,-0.142695734205395,-0.254706177012274
7,-0.274294161312484,-0.047504973586952,-0.38385836247123,-0.0448813232688032
8,-0.285467354622252,-0.182049026381255,0.160247614505501,0.269502411853109
9,0.14704443976602,-0.115477982864702,0.0699524654002904,0.0823088432864746
10,-0.114214488835088,0.0138630578921458,-0.0901639629699859,-0.0758721805572
11,-0.681621297333944,0.270152042361306,-0.0611902150440879,-0.48955225026085
12,-0.29358251577163,-0.298998141869671,0.043015774859512,-0.476010880383233
13,-0.464292618950244,-0.0424156550744297,-0.0836241205270965,0.189392904909831
14,0.0059302026480362,0.087678232786771,-0.110598612136029,-0.0669658466796541
15,-0.227194788842488,0.105722836140331,-0.203579497083139,0.247906865108628
16,-0.0949643278836931,-0.383978542803005,0.0853905259270271,-0.0518563764233262
17,-0.553579567674014,-0.188761415130151,-0.39482762108896,-0.695051338192627
18,0.39649053652226,0.102661661688774,-0.056591105077408,-0.3789476205329
19,0.308163914962608,0.0119509042878934,0.0671088017807338,0.286394193402944
20,0.1353632289729,-0.232301551031156,-0.0164182523544038,0.250332707416225
21,0.365908139897068,0.22750721034409,0.402751993580825,-0.312130686775016
22,-0.28518990990967,0.0957561755664992,0.0336132393760892,-0.0354415171446041
23,0.256832798980859,-0.4325582542368,-0.0979310566605069,0.223957937038353
24,0.0751208507823923,-0.0651279897993288,0.089155085245407,-0.435067606976935
25,0.0807849587300099,-0.111833301928882,0.115559803893355,-0.0234482530939538
26,0.0062475148231027,-0.0662282038016524,0.234737686018929,0.0012750976271881
27,0.454226470019276,0.029738863092046,0.0559349879706159,-0.0827304000374225
28,-0.196388515918825,-0.290518310099875,0.274880119552281,-0.560368466409909
29,-0.0177558516509104,0.101858863024374,-0.292726445649099,0.39584359490615
30,-0.38277803264528,-0.146013105374325,-0.200702339361689,-0.00993140852061103
31,-0.292255340909907,0.0399061953472903,-0.317201166058162,0.299845906178382
32,0.220630523220794,-0.0436518035410465,0.298212680828799,-0.0708538552531917
33,-0.255592873382945,0.0769732129959625,0.0189512078500992,-0.284299566508656
34,-0.0844734157945056,-0.411337341880614,-0.326486772215687,0.00180401399663468
35,-0.112643017162816,-0.390801504478643,-0.293091062197863,0.460822360821022
36,0.331863574301979,0.132021176992837,0.0945228768444477,-0.0974452916455074
37,-0.128967004834472,0.272277871830728,0.0765373702545454,-0.2416854991741
38,-0.260702248513773,0.295175209555437,-0.209761799242238,-0.0927895159332105
39,0.305983540063916,-0.112825340596907,-0.0287151943274476,-0.305074693020179
40,-0.095694258021637,-0.0249408439269279,-0.104617956857942,0.111451887297479
41,0.369185410508042,0.343224917146281,-0.00922104714759103,-0.155269638426016
42,-0.0858400294405422,0.218711339979706,-0.0801336340295958,0.013010758235687
43,0.015329433155747,0.0853909369602087,-0.45697989839571,0.366371562487073
44,0.0717699611599324,-0.0684858550696369,-0.113073393713836,-0.0935009794230383
45,-0.158897862095599,-0.0207323833558586,-0.00234774689986733,-0.113953994628714
46,-0.224400232819061,-0.116237652874361,0.473564870394104,0.4397080167271
47,-0.173186782376582,0.115375444978321,0.403731554746303,0.235820770029018
48,0.00554208931749584,-0.0741347256404023,-0.189260504866742,0.253569105259393
49,0.17665299785751,-0.00845099759902641,0.487854384232548,0.456789473659001
50,-0.306673641737077,-0.29157605261409,0.0368939192727909,0.156412961627767
