"NMID","TIME","DV","MDV","EVID","AMT","CMT","BLQ","WT","SEX"
1,0,0,1,1,100,1,0,70.9791557672341,1
1,0,0,1,1,100,2,0,70.9791557672341,1
1,0.25,0.1991283671028,0,0,0,3,0,70.9791557672341,1
1,0.5,0.300331107864644,0,0,0,3,0,70.9791557672341,1
1,1,0.589008545311061,0,0,0,3,0,70.9791557672341,1
1,2,0.729337033995458,0,0,0,3,0,70.9791557672341,1
1,3,0.866313437378084,0,0,0,3,0,70.9791557672341,1
1,4,0.97637380647385,0,0,0,3,0,70.9791557672341,1
1,6,0.832237634581468,0,0,0,3,0,70.9791557672341,1
1,8,0.673763129757503,0,0,0,3,0,70.9791557672341,1
1,12,0.516344832849973,0,0,0,3,0,70.9791557672341,1
1,24,0.196417593619693,0,0,0,3,0,70.9791557672341,1
2,0,0,1,1,100,1,0,85.6838165829068,1
2,0,0,1,1,100,2,0,85.6838165829068,1
2,0.25,0.228791733842989,0,0,0,3,0,85.6838165829068,1
2,0.5,0.408106093097049,0,0,0,3,0,85.6838165829068,1
2,1,0.609139000997233,0,0,0,3,0,85.6838165829068,1
2,2,0.863893122620117,0,0,0,3,0,85.6838165829068,1
2,3,1.21148231333172,0,0,0,3,0,85.6838165829068,1
2,4,1.18531861518184,0,0,0,3,0,85.6838165829068,1
2,6,1.15054763756383,0,0,0,3,0,85.6838165829068,1
2,8,1.30829657476666,0,0,0,3,0,85.6838165829068,1
2,12,0.927226511637562,0,0,0,3,0,85.6838165829068,1
2,24,0.544096132839206,0,0,0,3,0,85.6838165829068,1
3,0,0,1,1,100,1,0,68.8184796460017,1
3,0,0,1,1,100,2,0,68.8184796460017,1
3,0.25,0.207449901693587,0,0,0,3,0,68.8184796460017,1
3,0.5,0.443094500881411,0,0,0,3,0,68.8184796460017,1
3,1,0.660175058491912,0,0,0,3,0,68.8184796460017,1
3,2,0.949473396143953,0,0,0,3,0,68.8184796460017,1
3,3,0.96448235015721,0,0,0,3,0,68.8184796460017,1
3,4,1.10880667708533,0,0,0,3,0,68.8184796460017,1
3,6,1.11782446387582,0,0,0,3,0,68.8184796460017,1
3,8,0.933223223158925,0,0,0,3,0,68.8184796460017,1
3,12,0.693242619326736,0,0,0,3,0,68.8184796460017,1
3,24,0.247858575555494,0,0,0,3,0,68.8184796460017,1
4,0,0,1,1,100,1,0,78.9637876805263,1
4,0,0,1,1,100,2,0,78.9637876805263,1
4,0.25,0.351935834401744,0,0,0,3,0,78.9637876805263,1
4,0.5,0.554216248343497,0,0,0,3,0,78.9637876805263,1
4,1,0.807030128529547,0,0,0,3,0,78.9637876805263,1
4,2,0.986844895759603,0,0,0,3,0,78.9637876805263,1
4,3,0.94273762591599,0,0,0,3,0,78.9637876805263,1
4,4,1.48393325263811,0,0,0,3,0,78.9637876805263,1
4,6,1.22158291673043,0,0,0,3,0,78.9637876805263,1
4,8,1.24928536224683,0,0,0,3,0,78.9637876805263,1
4,12,0.900937756145407,0,0,0,3,0,78.9637876805263,1
4,24,0.45904382999528,0,0,0,3,0,78.9637876805263,1
5,0,0,1,1,100,1,0,46.3111715993097,0
5,0,0,1,1,100,2,0,46.3111715993097,0
5,0.25,0.464571164030982,0,0,0,3,0,46.3111715993097,0
5,0.5,0.911445236047094,0,0,0,3,0,46.3111715993097,0
5,1,1.19659935243144,0,0,0,3,0,46.3111715993097,0
5,2,1.31556899203337,0,0,0,3,0,46.3111715993097,0
5,3,1.43446954441385,0,0,0,3,0,46.3111715993097,0
5,4,1.64557313346673,0,0,0,3,0,46.3111715993097,0
5,6,1.58227391708487,0,0,0,3,0,46.3111715993097,0
5,8,1.55065156303922,0,0,0,3,0,46.3111715993097,0
5,12,0.996081887112973,0,0,0,3,0,46.3111715993097,0
5,24,0.39435435161527,0,0,0,3,0,46.3111715993097,0
6,0,0,1,1,100,1,0,55.5776100616142,0
6,0,0,1,1,100,2,0,55.5776100616142,0
6,0.25,0.226465074122535,0,0,0,3,0,55.5776100616142,0
6,0.5,0.413261897594346,0,0,0,3,0,55.5776100616142,0
6,1,0.819824368346237,0,0,0,3,0,55.5776100616142,0
6,2,1.24908180168939,0,0,0,3,0,55.5776100616142,0
6,3,1.73823381084775,0,0,0,3,0,55.5776100616142,0
6,4,1.46195651497248,0,0,0,3,0,55.5776100616142,0
6,6,1.69915672865833,0,0,0,3,0,55.5776100616142,0
6,8,1.32138509685199,0,0,0,3,0,55.5776100616142,0
6,12,0.956532348175771,0,0,0,3,0,55.5776100616142,0
6,24,0.550352694035959,0,0,0,3,0,55.5776100616142,0
7,0,0,1,1,100,2,0,48.8139968238336,0
7,0,0,1,1,100,1,0,48.8139968238336,0
7,0.25,0.302551527285676,0,0,0,3,0,48.8139968238336,0
7,0.5,0.638216403448689,0,0,0,3,0,48.8139968238336,0
7,1,0.905469830624514,0,0,0,3,0,48.8139968238336,0
7,2,1.71867177044901,0,0,0,3,0,48.8139968238336,0
7,3,1.86040936983141,0,0,0,3,0,48.8139968238336,0
7,4,1.9809036687198,0,0,0,3,0,48.8139968238336,0
7,6,1.7227861944118,0,0,0,3,0,48.8139968238336,0
7,8,1.25861480877794,0,0,0,3,0,48.8139968238336,0
7,12,0.922900252263106,0,0,0,3,0,48.8139968238336,0
7,24,0.306698454447675,0,0,0,3,0,48.8139968238336,0
8,0,0,1,1,100,1,0,63.0104562369238,0
8,0,0,1,1,100,2,0,63.0104562369238,0
8,0.25,0.172865023052464,0,0,0,3,0,63.0104562369238,0
8,0.5,0.28981089662197,0,0,0,3,0,63.0104562369238,0
8,1,0.563550545341014,0,0,0,3,0,63.0104562369238,0
8,2,0.942355549173726,0,0,0,3,0,63.0104562369238,0
8,3,1.03751487655037,0,0,0,3,0,63.0104562369238,0
8,4,0.979024893663528,0,0,0,3,0,63.0104562369238,0
8,6,1.09265425437585,0,0,0,3,0,63.0104562369238,0
8,8,0.916673587624721,0,0,0,3,0,63.0104562369238,0
8,12,0.659169181065743,0,0,0,3,0,63.0104562369238,0
8,24,0.290915336759475,0,0,0,3,0,63.0104562369238,0
9,0,0,1,1,100,1,0,83.4848034360376,0
9,0,0,1,1,100,2,0,83.4848034360376,0
9,0.25,0.289522504204576,0,0,0,3,0,83.4848034360376,0
9,0.5,0.47289771404921,0,0,0,3,0,83.4848034360376,0
9,1,0.785060167571394,0,0,0,3,0,83.4848034360376,0
9,2,0.993500194924767,0,0,0,3,0,83.4848034360376,0
9,3,1.11808689230976,0,0,0,3,0,83.4848034360376,0
9,4,1.43899533605856,0,0,0,3,0,83.4848034360376,0
9,6,1.27251188293022,0,0,0,3,0,83.4848034360376,0
9,8,0.952003318012593,0,0,0,3,0,83.4848034360376,0
9,12,0.75313456510167,0,0,0,3,0,83.4848034360376,0
9,24,0.328474001848814,0,0,0,3,0,83.4848034360376,0
10,0,0,1,1,100,1,0,53.574834670575,0
10,0,0,1,1,100,2,0,53.574834670575,0
10,0.25,0.305852894526949,0,0,0,3,0,53.574834670575,0
10,0.5,0.498005757885391,0,0,0,3,0,53.574834670575,0
10,1,0.844640139084203,0,0,0,3,0,53.574834670575,0
10,2,1.29297578249412,0,0,0,3,0,53.574834670575,0
10,3,1.26268053273686,0,0,0,3,0,53.574834670575,0
10,4,1.57215147853606,0,0,0,3,0,53.574834670575,0
10,6,1.51874796893705,0,0,0,3,0,53.574834670575,0
10,8,1.20385047302346,0,0,0,3,0,53.574834670575,0
10,12,0.989302942424159,0,0,0,3,0,53.574834670575,0
10,24,0.396794383412351,0,0,0,3,0,53.574834670575,0
11,0,0,1,1,100,2,0,67.2974454256711,0
11,0,0,1,1,100,1,0,67.2974454256711,0
11,0.25,0.193802156384482,0,0,0,3,0,67.2974454256711,0
11,0.5,0.329240753445376,0,0,0,3,0,67.2974454256711,0
11,1,0.611116211399191,0,0,0,3,0,67.2974454256711,0
11,2,0.957347635423661,0,0,0,3,0,67.2974454256711,0
11,3,1.31988433585358,0,0,0,3,0,67.2974454256711,0
11,4,1.46078464073618,0,0,0,3,0,67.2974454256711,0
11,6,1.59079711043487,0,0,0,3,0,67.2974454256711,0
11,8,1.19085460048763,0,0,0,3,0,67.2974454256711,0
11,12,1.2644255796847,0,0,0,3,0,67.2974454256711,0
11,24,0.583867870932419,0,0,0,3,0,67.2974454256711,0
12,0,0,1,1,100,1,0,91.2923422329526,0
12,0,0,1,1,100,2,0,91.2923422329526,0
12,0.25,0.203204252113961,0,0,0,3,0,91.2923422329526,0
12,0.5,0.37154261934965,0,0,0,3,0,91.2923422329526,0
12,1,0.741668028805159,0,0,0,3,0,91.2923422329526,0
12,2,1.12760792789661,0,0,0,3,0,91.2923422329526,0
12,3,1.5744040653555,0,0,0,3,0,91.2923422329526,0
12,4,1.30400347616855,0,0,0,3,0,91.2923422329526,0
12,6,1.27556157689752,0,0,0,3,0,91.2923422329526,0
12,8,1.41727140630248,0,0,0,3,0,91.2923422329526,0
12,12,1.13828448916261,0,0,0,3,0,91.2923422329526,0
12,24,0.557652817600612,0,0,0,3,0,91.2923422329526,0
13,0,0,1,1,100,1,0,66.0731361550123,0
13,0,0,1,1,100,2,0,66.0731361550123,0
13,0.25,0.179352045459407,0,0,0,3,0,66.0731361550123,0
13,0.5,0.392033902333074,0,0,0,3,0,66.0731361550123,0
13,1,0.591022218714332,0,0,0,3,0,66.0731361550123,0
13,2,0.987423867039986,0,0,0,3,0,66.0731361550123,0
13,3,1.35205910420742,0,0,0,3,0,66.0731361550123,0
13,4,1.14653821188408,0,0,0,3,0,66.0731361550123,0
13,6,1.31457014950098,0,0,0,3,0,66.0731361550123,0
13,8,1.16298436011446,0,0,0,3,0,66.0731361550123,0
13,12,0.77063163227987,0,0,0,3,0,66.0731361550123,0
13,24,0.303189439255039,0,0,0,3,0,66.0731361550123,0
14,0,0,1,1,100,1,0,68.291956869149,0
14,0,0,1,1,100,2,0,68.291956869149,0
14,0.25,0.353422437303252,0,0,0,3,0,68.291956869149,0
14,0.5,0.557903366894814,0,0,0,3,0,68.291956869149,0
14,1,0.890378717082218,0,0,0,3,0,68.291956869149,0
14,2,1.24717394499953,0,0,0,3,0,68.291956869149,0
14,3,1.1169174760231,0,0,0,3,0,68.291956869149,0
14,4,1.76703118214263,0,0,0,3,0,68.291956869149,0
14,6,1.26901447161014,0,0,0,3,0,68.291956869149,0
14,8,1.23916510407502,0,0,0,3,0,68.291956869149,0
14,12,0.980286845926734,0,0,0,3,0,68.291956869149,0
14,24,0.44621825479563,0,0,0,3,0,68.291956869149,0
15,0,0,1,1,100,1,0,75.6694453174799,0
15,0,0,1,1,100,2,0,75.6694453174799,0
15,0.25,0.334351309800292,0,0,0,3,0,75.6694453174799,0
15,0.5,0.566484959947155,0,0,0,3,0,75.6694453174799,0
15,1,0.841829650082798,0,0,0,3,0,75.6694453174799,0
15,2,1.08206074647768,0,0,0,3,0,75.6694453174799,0
15,3,1.37302112278544,0,0,0,3,0,75.6694453174799,0
15,4,1.36922171621614,0,0,0,3,0,75.6694453174799,0
15,6,1.24602167396128,0,0,0,3,0,75.6694453174799,0
15,8,1.11804482728138,0,0,0,3,0,75.6694453174799,0
15,12,0.707677755801812,0,0,0,3,0,75.6694453174799,0
15,24,0.231759934025025,0,0,0,3,0,75.6694453174799,0
16,0,0,1,1,100,2,0,91.5915525899094,1
16,0,0,1,1,100,1,0,91.5915525899094,1
16,0.25,0.259876057933068,0,0,0,3,0,91.5915525899094,1
16,0.5,0.446963557999971,0,0,0,3,0,91.5915525899094,1
16,1,0.857435034189154,0,0,0,3,0,91.5915525899094,1
16,2,1.1073943611323,0,0,0,3,0,91.5915525899094,1
16,3,1.16597938258941,0,0,0,3,0,91.5915525899094,1
16,4,1.48609742209053,0,0,0,3,0,91.5915525899094,1
16,6,1.1751896420452,0,0,0,3,0,91.5915525899094,1
16,8,0.835204746472775,0,0,0,3,0,91.5915525899094,1
16,12,0.794528650203586,0,0,0,3,0,91.5915525899094,1
16,24,0.474195910143935,0,0,0,3,0,91.5915525899094,1
17,0,0,1,1,100,1,0,71.2868305738159,1
17,0,0,1,1,100,2,0,71.2868305738159,1
17,0.25,0.327525179285903,0,0,0,3,0,71.2868305738159,1
17,0.5,0.438583760683134,0,0,0,3,0,71.2868305738159,1
17,1,0.904225056550023,0,0,0,3,0,71.2868305738159,1
17,2,1.53163461380732,0,0,0,3,0,71.2868305738159,1
17,3,1.99245404011932,0,0,0,3,0,71.2868305738159,1
17,4,1.90880500220121,0,0,0,3,0,71.2868305738159,1
17,6,1.68414312755037,0,0,0,3,0,71.2868305738159,1
17,8,1.8731464337573,0,0,0,3,0,71.2868305738159,1
17,12,1.46634920063808,0,0,0,3,0,71.2868305738159,1
17,24,0.742846191807625,0,0,0,3,0,71.2868305738159,1
18,0,0,1,1,100,1,0,63.7478301629094,1
18,0,0,1,1,100,2,0,63.7478301629094,1
18,0.25,0.355151372528533,0,0,0,3,0,63.7478301629094,1
18,0.5,0.65774237862614,0,0,0,3,0,63.7478301629094,1
18,1,1.07753745000963,0,0,0,3,0,63.7478301629094,1
18,2,0.981172916330264,0,0,0,3,0,63.7478301629094,1
18,3,1.40071261294021,0,0,0,3,0,63.7478301629094,1
18,4,1.55845080428622,0,0,0,3,0,63.7478301629094,1
18,6,1.32996930986698,0,0,0,3,0,63.7478301629094,1
18,8,1.38488201017872,0,0,0,3,0,63.7478301629094,1
18,12,1.19413872145137,0,0,0,3,0,63.7478301629094,1
18,24,0.619606169432902,0,0,0,3,0,63.7478301629094,1
19,0,0,1,1,100,1,0,61.713182965321,0
19,0,0,1,1,100,2,0,61.713182965321,0
19,0.25,0.39168735142722,0,0,0,3,0,61.713182965321,0
19,0.5,0.512901724426739,0,0,0,3,0,61.713182965321,0
19,1,0.687549182432624,0,0,0,3,0,61.713182965321,0
19,2,1.02119136978519,0,0,0,3,0,61.713182965321,0
19,3,1.27626422044635,0,0,0,3,0,61.713182965321,0
19,4,1.19822701646474,0,0,0,3,0,61.713182965321,0
19,6,1.03910944683344,0,0,0,3,0,61.713182965321,0
19,8,0.894623943634652,0,0,0,3,0,61.713182965321,0
19,12,0.789514696919107,0,0,0,3,0,61.713182965321,0
19,24,0.167709913918651,0,0,0,3,0,61.713182965321,0
20,0,0,1,1,100,1,0,57.9631466074133,1
20,0,0,1,1,100,2,0,57.9631466074133,1
20,0.25,0.344759628072098,0,0,0,3,0,57.9631466074133,1
20,0.5,0.505936847251656,0,0,0,3,0,57.9631466074133,1
20,1,1.04796359244343,0,0,0,3,0,57.9631466074133,1
20,2,1.34175801911673,0,0,0,3,0,57.9631466074133,1
20,3,1.5727249771759,0,0,0,3,0,57.9631466074133,1
20,4,1.21146113587598,0,0,0,3,0,57.9631466074133,1
20,6,1.1592428975154,0,0,0,3,0,57.9631466074133,1
20,8,1.09276693848505,0,0,0,3,0,57.9631466074133,1
20,12,0.566585731629626,0,0,0,3,0,57.9631466074133,1
20,24,0.217539184442836,0,0,0,3,0,57.9631466074133,1
21,0,0,1,1,100,1,0,80.6907595965632,0
21,0,0,1,1,100,2,0,80.6907595965632,0
21,0.25,0.28462137818206,0,0,0,3,0,80.6907595965632,0
21,0.5,0.382154101071612,0,0,0,3,0,80.6907595965632,0
21,1,0.612091251582053,0,0,0,3,0,80.6907595965632,0
21,2,0.849583464328291,0,0,0,3,0,80.6907595965632,0
21,3,0.838191266939997,0,0,0,3,0,80.6907595965632,0
21,4,0.755382078258343,0,0,0,3,0,80.6907595965632,0
21,6,0.980938291544654,0,0,0,3,0,80.6907595965632,0
21,8,0.756524311032686,0,0,0,3,0,80.6907595965632,0
21,12,0.824063603870368,0,0,0,3,0,80.6907595965632,0
21,24,0.598194671840355,0,0,0,3,0,80.6907595965632,0
22,0,0,1,1,100,1,0,61.3786300613217,0
22,0,0,1,1,100,2,0,61.3786300613217,0
22,0.25,0.255363406831962,0,0,0,3,0,61.3786300613217,0
22,0.5,0.397766662982461,0,0,0,3,0,61.3786300613217,0
22,1,0.62278497340017,0,0,0,3,0,61.3786300613217,0
22,2,0.902211964230511,0,0,0,3,0,61.3786300613217,0
22,3,1.10462098532369,0,0,0,3,0,61.3786300613217,0
22,4,1.28382370174485,0,0,0,3,0,61.3786300613217,0
22,6,1.38327203194207,0,0,0,3,0,61.3786300613217,0
22,8,1.0214936186411,0,0,0,3,0,61.3786300613217,0
22,12,0.786613517822865,0,0,0,3,0,61.3786300613217,0
22,24,0.359092686231128,0,0,0,3,0,61.3786300613217,0
23,0,0,1,1,100,1,0,89.6795103403588,0
23,0,0,1,1,100,2,0,89.6795103403588,0
23,0.25,0.325960672126663,0,0,0,3,0,89.6795103403588,0
23,0.5,0.632712517662026,0,0,0,3,0,89.6795103403588,0
23,1,0.876779654576864,0,0,0,3,0,89.6795103403588,0
23,2,1.19305503207884,0,0,0,3,0,89.6795103403588,0
23,3,1.49846387524198,0,0,0,3,0,89.6795103403588,0
23,4,1.31001997059024,0,0,0,3,0,89.6795103403588,0
23,6,1.30515822452102,0,0,0,3,0,89.6795103403588,0
23,8,0.786365953386644,0,0,0,3,0,89.6795103403588,0
23,12,0.686186393761399,0,0,0,3,0,89.6795103403588,0
23,24,0.232745658953551,0,0,0,3,0,89.6795103403588,0
24,0,0,1,1,100,2,0,98.1335448389215,0
24,0,0,1,1,100,1,0,98.1335448389215,0
24,0.25,0.275310228794417,0,0,0,3,0,98.1335448389215,0
24,0.5,0.571990127672328,0,0,0,3,0,98.1335448389215,0
24,1,0.675462275608613,0,0,0,3,0,98.1335448389215,0
24,2,1.20499404075753,0,0,0,3,0,98.1335448389215,0
24,3,1.15109132480896,0,0,0,3,0,98.1335448389215,0
24,4,1.32485923267288,0,0,0,3,0,98.1335448389215,0
24,6,1.16448131838728,0,0,0,3,0,98.1335448389215,0
24,8,1.02893646637728,0,0,0,3,0,98.1335448389215,0
24,12,1.01951325910546,0,0,0,3,0,98.1335448389215,0
24,24,0.526334539754208,0,0,0,3,0,98.1335448389215,0
25,0,0,1,1,100,1,0,70.9890511107565,1
25,0,0,1,1,100,2,0,70.9890511107565,1
25,0.25,0.293520306687545,0,0,0,3,0,70.9890511107565,1
25,0.5,0.475099103519565,0,0,0,3,0,70.9890511107565,1
25,1,0.667017349489905,0,0,0,3,0,70.9890511107565,1
25,2,1.06702465928613,0,0,0,3,0,70.9890511107565,1
25,3,1.25125545152051,0,0,0,3,0,70.9890511107565,1
25,4,1.16846759223066,0,0,0,3,0,70.9890511107565,1
25,6,1.24968763945993,0,0,0,3,0,70.9890511107565,1
25,8,0.967935496506736,0,0,0,3,0,70.9890511107565,1
25,12,0.759235873109208,0,0,0,3,0,70.9890511107565,1
25,24,0.400140999147526,0,0,0,3,0,70.9890511107565,1
26,0,0,1,1,100,1,0,82.073003096275,1
26,0,0,1,1,100,2,0,82.073003096275,1
26,0.25,0.240627577062319,0,0,0,3,0,82.073003096275,1
26,0.5,0.434829907008169,0,0,0,3,0,82.073003096275,1
26,1,0.598192428517955,0,0,0,3,0,82.073003096275,1
26,2,0.819630042230983,0,0,0,3,0,82.073003096275,1
26,3,1.21945387629163,0,0,0,3,0,82.073003096275,1
26,4,0.819314557533442,0,0,0,3,0,82.073003096275,1
26,6,1.15731191002401,0,0,0,3,0,82.073003096275,1
26,8,0.888369346100939,0,0,0,3,0,82.073003096275,1
26,12,0.714903368625343,0,0,0,3,0,82.073003096275,1
26,24,0.407226159178485,0,0,0,3,0,82.073003096275,1
27,0,0,1,1,100,2,0,54.6942938149346,1
27,0,0,1,1,100,1,0,54.6942938149346,1
27,0.25,0.35919149094442,0,0,0,3,0,54.6942938149346,1
27,0.5,0.601609954083917,0,0,0,3,0,54.6942938149346,1
27,1,0.773276521102812,0,0,0,3,0,54.6942938149346,1
27,2,1.18470092731727,0,0,0,3,0,54.6942938149346,1
27,3,1.23353896762166,0,0,0,3,0,54.6942938149346,1
27,4,1.30145952887649,0,0,0,3,0,54.6942938149346,1
27,6,1.16474595342534,0,0,0,3,0,54.6942938149346,1
27,8,1.07361348845772,0,0,0,3,0,54.6942938149346,1
27,12,0.711999951102277,0,0,0,3,0,54.6942938149346,1
27,24,0.391673220851257,0,0,0,3,0,54.6942938149346,1
28,0,0,1,1,100,1,0,43.4624020956364,0
28,0,0,1,1,100,2,0,43.4624020956364,0
28,0.25,0.231014487254722,0,0,0,3,0,43.4624020956364,0
28,0.5,0.386551556897768,0,0,0,3,0,43.4624020956364,0
28,1,0.480299348015063,0,0,0,3,0,43.4624020956364,0
28,2,0.908974015917851,0,0,0,3,0,43.4624020956364,0
28,3,1.18795220102356,0,0,0,3,0,43.4624020956364,0
28,4,1.17269410733017,0,0,0,3,0,43.4624020956364,0
28,6,0.99255615246346,0,0,0,3,0,43.4624020956364,0
28,8,0.957743687865188,0,0,0,3,0,43.4624020956364,0
28,12,0.810007163276392,0,0,0,3,0,43.4624020956364,0
28,24,0.644120717116146,0,0,0,3,0,43.4624020956364,0
29,0,0,1,1,100,1,0,90.9327746823959,0
29,0,0,1,1,100,2,0,90.9327746823959,0
29,0.25,0.373126121469259,0,0,0,3,0,90.9327746823959,0
29,0.5,0.658870917372294,0,0,0,3,0,90.9327746823959,0
29,1,1.10861714802708,0,0,0,3,0,90.9327746823959,0
29,2,1.28998043673161,0,0,0,3,0,90.9327746823959,0
29,3,1.44470482619139,0,0,0,3,0,90.9327746823959,0
29,4,1.50756713588319,0,0,0,3,0,90.9327746823959,0
29,6,1.18342399645259,0,0,0,3,0,90.9327746823959,0
29,8,0.888290933353707,0,0,0,3,0,90.9327746823959,0
29,12,0.507263467253353,0,0,0,3,0,90.9327746823959,0
29,24,0.133063174231004,0,0,0,3,0,90.9327746823959,0
30,0,0,1,1,100,1,0,55.1415476865485,0
30,0,0,1,1,100,2,0,55.1415476865485,0
30,0.25,0.234995061661414,0,0,0,3,0,55.1415476865485,0
30,0.5,0.46552879915667,0,0,0,3,0,55.1415476865485,0
30,1,0.627728997405187,0,0,0,3,0,55.1415476865485,0
30,2,1.31596061596041,0,0,0,3,0,55.1415476865485,0
30,3,1.55535699028157,0,0,0,3,0,55.1415476865485,0
30,4,1.38009743495207,0,0,0,3,0,55.1415476865485,0
30,6,1.44729488361382,0,0,0,3,0,55.1415476865485,0
30,8,1.34446121423103,0,0,0,3,0,55.1415476865485,0
30,12,1.01974014110532,0,0,0,3,0,55.1415476865485,0
30,24,0.340989309018946,0,0,0,3,0,55.1415476865485,0
31,0,0,1,1,100,2,0,76.008452754345,1
31,0,0,1,1,100,1,0,76.008452754345,1
31,0.25,0.360564007031903,0,0,0,3,0,76.008452754345,1
31,0.5,0.591978254994435,0,0,0,3,0,76.008452754345,1
31,1,0.925843608515702,0,0,0,3,0,76.008452754345,1
31,2,1.25964339188772,0,0,0,3,0,76.008452754345,1
31,3,1.13565565957589,0,0,0,3,0,76.008452754345,1
31,4,1.62142998493533,0,0,0,3,0,76.008452754345,1
31,6,1.27127931211709,0,0,0,3,0,76.008452754345,1
31,8,1.0968274781233,0,0,0,3,0,76.008452754345,1
31,12,0.516715033402115,0,0,0,3,0,76.008452754345,1
31,24,0.165203608037513,0,0,0,3,0,76.008452754345,1
32,0,0,1,1,100,1,0,98.9428380044018,0
32,0,0,1,1,100,2,0,98.9428380044018,0
32,0.25,0.309408676548565,0,0,0,3,0,98.9428380044018,0
32,0.5,0.438948627006208,0,0,0,3,0,98.9428380044018,0
32,1,0.632259441789918,0,0,0,3,0,98.9428380044018,0
32,2,0.759440077848176,0,0,0,3,0,98.9428380044018,0
32,3,0.949353512875302,0,0,0,3,0,98.9428380044018,0
32,4,1.08773906999579,0,0,0,3,0,98.9428380044018,0
32,6,0.96429304062795,0,0,0,3,0,98.9428380044018,0
32,8,0.886981793414898,0,0,0,3,0,98.9428380044018,0
32,12,0.703344626500107,0,0,0,3,0,98.9428380044018,0
32,24,0.436409481922274,0,0,0,3,0,98.9428380044018,0
33,0,0,1,1,100,1,0,67.6606795058419,0
33,0,0,1,1,100,2,0,67.6606795058419,0
33,0.25,0.221883714105807,0,0,0,3,0,67.6606795058419,0
33,0.5,0.392416541857226,0,0,0,3,0,67.6606795058419,0
33,1,0.608023969931056,0,0,0,3,0,67.6606795058419,0
33,2,0.86108001885273,0,0,0,3,0,67.6606795058419,0
33,3,1.33606355480545,0,0,0,3,0,67.6606795058419,0
33,4,1.42042028359076,0,0,0,3,0,67.6606795058419,0
33,6,1.30617587020656,0,0,0,3,0,67.6606795058419,0
33,8,1.0133939057981,0,0,0,3,0,67.6606795058419,0
33,12,0.850872248825517,0,0,0,3,0,67.6606795058419,0
33,24,0.489731637465592,0,0,0,3,0,67.6606795058419,0
34,0,0,1,1,100,2,0,53.3825193401443,0
34,0,0,1,1,100,1,0,53.3825193401443,0
34,0.25,0.290713755792875,0,0,0,3,0,53.3825193401443,0
34,0.5,0.623366127109424,0,0,0,3,0,53.3825193401443,0
34,1,1.12959566577078,0,0,0,3,0,53.3825193401443,0
34,2,1.62050062279285,0,0,0,3,0,53.3825193401443,0
34,3,1.89193569512145,0,0,0,3,0,53.3825193401443,0
34,4,1.62055234868442,0,0,0,3,0,53.3825193401443,0
34,6,1.48223307610504,0,0,0,3,0,53.3825193401443,0
34,8,1.40665805510964,0,0,0,3,0,53.3825193401443,0
34,12,0.810017421389079,0,0,0,3,0,53.3825193401443,0
34,24,0.290511292795892,0,0,0,3,0,53.3825193401443,0
35,0,0,1,1,100,1,0,77.225626737773,0
35,0,0,1,1,100,2,0,77.225626737773,0
35,0.25,0.405201186925932,0,0,0,3,0,77.225626737773,0
35,0.5,0.72894263902759,0,0,0,3,0,77.225626737773,0
35,1,1.09772257294163,0,0,0,3,0,77.225626737773,0
35,2,1.50585309111573,0,0,0,3,0,77.225626737773,0
35,3,1.51073535991952,0,0,0,3,0,77.225626737773,0
35,4,1.20691532356882,0,0,0,3,0,77.225626737773,0
35,6,1.18581697031319,0,0,0,3,0,77.225626737773,0
35,8,0.885600473675722,0,0,0,3,0,77.225626737773,0
35,12,0.384130628696032,0,0,0,3,0,77.225626737773,0
35,24,0.0964241246087602,0,0,0,3,0,77.225626737773,0
36,0,0,1,1,100,1,0,80.5072055661512,1
36,0,0,1,1,100,2,0,80.5072055661512,1
36,0.25,0.391577458890244,0,0,0,3,0,80.5072055661512,1
36,0.5,0.6079853668645,0,0,0,3,0,80.5072055661512,1
36,1,0.87925533706947,0,0,0,3,0,80.5072055661512,1
36,2,0.881800632711654,0,0,0,3,0,80.5072055661512,1
36,3,1.14138747511325,0,0,0,3,0,80.5072055661512,1
36,4,1.20518404109629,0,0,0,3,0,80.5072055661512,1
36,6,1.07658272496331,0,0,0,3,0,80.5072055661512,1
36,8,0.853778850085473,0,0,0,3,0,80.5072055661512,1
36,12,0.92714341736984,0,0,0,3,0,80.5072055661512,1
36,24,0.497085793038146,0,0,0,3,0,80.5072055661512,1
37,0,0,1,1,100,1,0,66.8790227622265,0
37,0,0,1,1,100,2,0,66.8790227622265,0
37,0.25,0.207999105335398,0,0,0,3,0,66.8790227622265,0
37,0.5,0.445151397803137,0,0,0,3,0,66.8790227622265,0
37,1,0.729217789828749,0,0,0,3,0,66.8790227622265,0
37,2,0.99466777961169,0,0,0,3,0,66.8790227622265,0
37,3,1.02642418177097,0,0,0,3,0,66.8790227622265,0
37,4,1.32036965491865,0,0,0,3,0,66.8790227622265,0
37,6,1.13444772536655,0,0,0,3,0,66.8790227622265,0
37,8,1.24302142613339,0,0,0,3,0,66.8790227622265,0
37,12,1.04506442039978,0,0,0,3,0,66.8790227622265,0
37,24,0.502092530018582,0,0,0,3,0,66.8790227622265,0
38,0,0,1,1,100,1,0,62.4004933272176,1
38,0,0,1,1,100,2,0,62.4004933272176,1
38,0.25,0.260791352647279,0,0,0,3,0,62.4004933272176,1
38,0.5,0.482849089131973,0,0,0,3,0,62.4004933272176,1
38,1,0.749807586931809,0,0,0,3,0,62.4004933272176,1
38,2,1.33620353720119,0,0,0,3,0,62.4004933272176,1
38,3,1.06480718643006,0,0,0,3,0,62.4004933272176,1
38,4,1.47092621478285,0,0,0,3,0,62.4004933272176,1
38,6,1.74162480956671,0,0,0,3,0,62.4004933272176,1
38,8,1.27508122760943,0,0,0,3,0,62.4004933272176,1
38,12,0.887833346677496,0,0,0,3,0,62.4004933272176,1
38,24,0.449350709223755,0,0,0,3,0,62.4004933272176,1
39,0,0,1,1,100,2,0,68.7272314955828,0
39,0,0,1,1,100,1,0,68.7272314955828,0
39,0.25,0.449800167472449,0,0,0,3,0,68.7272314955828,0
39,0.5,0.571077822011937,0,0,0,3,0,68.7272314955828,0
39,1,0.85951246627629,0,0,0,3,0,68.7272314955828,0
39,2,1.24716972829505,0,0,0,3,0,68.7272314955828,0
39,3,1.16293875915348,0,0,0,3,0,68.7272314955828,0
39,4,1.43837530436335,0,0,0,3,0,68.7272314955828,0
39,6,1.43456448110263,0,0,0,3,0,68.7272314955828,0
39,8,1.17612395500122,0,0,0,3,0,68.7272314955828,0
39,12,0.978000168243019,0,0,0,3,0,68.7272314955828,0
39,24,0.569146588989093,0,0,0,3,0,68.7272314955828,0
40,0,0,1,1,100,1,0,49.5146758423374,1
40,0,0,1,1,100,2,0,49.5146758423374,1
40,0.25,0.306042670515165,0,0,0,3,0,49.5146758423374,1
40,0.5,0.544543660262346,0,0,0,3,0,49.5146758423374,1
40,1,0.699418548047718,0,0,0,3,0,49.5146758423374,1
40,2,1.13377605454787,0,0,0,3,0,49.5146758423374,1
40,3,1.1010244767292,0,0,0,3,0,49.5146758423374,1
40,4,1.36405680885061,0,0,0,3,0,49.5146758423374,1
40,6,1.6417319156569,0,0,0,3,0,49.5146758423374,1
40,8,1.22642584058806,0,0,0,3,0,49.5146758423374,1
40,12,0.843391028262505,0,0,0,3,0,49.5146758423374,1
40,24,0.25200751544119,0,0,0,3,0,49.5146758423374,1
41,0,0,1,1,100,1,0,63.5228517920158,1
41,0,0,1,1,100,2,0,63.5228517920158,1
41,0.25,0.37432626428947,0,0,0,3,0,63.5228517920158,1
41,0.5,0.646339376686128,0,0,0,3,0,63.5228517920158,1
41,1,0.836745779227773,0,0,0,3,0,63.5228517920158,1
41,2,1.08531080829362,0,0,0,3,0,63.5228517920158,1
41,3,1.27291097573974,0,0,0,3,0,63.5228517920158,1
41,4,1.29206153612117,0,0,0,3,0,63.5228517920158,1
41,6,1.32731866541657,0,0,0,3,0,63.5228517920158,1
41,8,1.05832849182599,0,0,0,3,0,63.5228517920158,1
41,12,1.003247012811,0,0,0,3,0,63.5228517920158,1
41,24,0.470718313857881,0,0,0,3,0,63.5228517920158,1
42,0,0,1,1,100,1,0,85.3912740240691,0
42,0,0,1,1,100,2,0,85.3912740240691,0
42,0.25,0.256154995284986,0,0,0,3,0,85.3912740240691,0
42,0.5,0.56140423281437,0,0,0,3,0,85.3912740240691,0
42,1,0.723175241408014,0,0,0,3,0,85.3912740240691,0
42,2,1.03945548122589,0,0,0,3,0,85.3912740240691,0
42,3,1.23033250523811,0,0,0,3,0,85.3912740240691,0
42,4,1.15615408589129,0,0,0,3,0,85.3912740240691,0
42,6,1.36490252730938,0,0,0,3,0,85.3912740240691,0
42,8,1.12176792838466,0,0,0,3,0,85.3912740240691,0
42,12,0.753501992930698,0,0,0,3,0,85.3912740240691,0
42,24,0.339782440103754,0,0,0,3,0,85.3912740240691,0
43,0,0,1,1,100,1,0,42.015757015382,1
43,0,0,1,1,100,2,0,42.015757015382,1
43,0.25,0.484053586833856,0,0,0,3,0,42.015757015382,1
43,0.5,0.762340567627371,0,0,0,3,0,42.015757015382,1
43,1,1.14704995116902,0,0,0,3,0,42.015757015382,1
43,2,1.76474137288913,0,0,0,3,0,42.015757015382,1
43,3,1.69677863524193,0,0,0,3,0,42.015757015382,1
43,4,1.94408172204353,0,0,0,3,0,42.015757015382,1
43,6,1.49856987249315,0,0,0,3,0,42.015757015382,1
43,8,1.0984421620163,0,0,0,3,0,42.015757015382,1
43,12,0.570710187723544,0,0,0,3,0,42.015757015382,1
43,24,0.0888778663370818,0,0,0,3,0,42.015757015382,1
44,0,0,1,1,100,2,0,40,1
44,0,0,1,1,100,1,0,40,1
44,0.25,0.355322183176299,0,0,0,3,0,40,1
44,0.5,0.656217278315316,0,0,0,3,0,40,1
44,1,0.964932436337402,0,0,0,3,0,40,1
44,2,1.12509681124948,0,0,0,3,0,40,1
44,3,1.41654692060972,0,0,0,3,0,40,1
44,4,1.28704835569478,0,0,0,3,0,40,1
44,6,1.52140274392549,0,0,0,3,0,40,1
44,8,1.24631759754303,0,0,0,3,0,40,1
44,12,0.7610833185779,0,0,0,3,0,40,1
44,24,0.345343698658889,0,0,0,3,0,40,1
45,0,0,1,1,100,1,0,86.7942138379127,0
45,0,0,1,1,100,2,0,86.7942138379127,0
45,0.25,0.242888310890678,0,0,0,3,0,86.7942138379127,0
45,0.5,0.434227180412369,0,0,0,3,0,86.7942138379127,0
45,1,0.55272963318998,0,0,0,3,0,86.7942138379127,0
45,2,1.04015482844516,0,0,0,3,0,86.7942138379127,0
45,3,1.20348899237774,0,0,0,3,0,86.7942138379127,0
45,4,1.25252344357876,0,0,0,3,0,86.7942138379127,0
45,6,1.38640067157444,0,0,0,3,0,86.7942138379127,0
45,8,1.21399870790252,0,0,0,3,0,86.7942138379127,0
45,12,0.752954312394345,0,0,0,3,0,86.7942138379127,0
45,24,0.458102614072438,0,0,0,3,0,86.7942138379127,0
46,0,0,1,1,100,1,0,86.6963601201332,1
46,0,0,1,1,100,2,0,86.6963601201332,1
46,0.25,0.161803721340798,0,0,0,3,0,86.6963601201332,1
46,0.5,0.198461526602054,0,0,0,3,0,86.6963601201332,1
46,1,0.425419702826902,0,0,0,3,0,86.6963601201332,1
46,2,0.564928152959179,0,0,0,3,0,86.6963601201332,1
46,3,0.773712639497677,0,0,0,3,0,86.6963601201332,1
46,4,0.879757770724317,0,0,0,3,0,86.6963601201332,1
46,6,0.740804459547287,0,0,0,3,0,86.6963601201332,1
46,8,0.677707518353755,0,0,0,3,0,86.6963601201332,1
46,12,0.532137809815633,0,0,0,3,0,86.6963601201332,1
46,24,0.217735143251337,0,0,0,3,0,86.6963601201332,1
47,0,0,1,1,100,1,0,41.634301377981,1
47,0,0,1,1,100,2,0,41.634301377981,1
47,0.25,0.173719357984947,0,0,0,3,0,41.634301377981,1
47,0.5,0.264667443353761,0,0,0,3,0,41.634301377981,1
47,1,0.529298614385809,0,0,0,3,0,41.634301377981,1
47,2,0.650171457032442,0,0,0,3,0,41.634301377981,1
47,3,0.709974163935736,0,0,0,3,0,41.634301377981,1
47,4,0.730262571946096,0,0,0,3,0,41.634301377981,1
47,6,0.786077199903936,0,0,0,3,0,41.634301377981,1
47,8,0.67410866297742,0,0,0,3,0,41.634301377981,1
47,12,0.60633094873271,0,0,0,3,0,41.634301377981,1
47,24,0.296128191869255,0,0,0,3,0,41.634301377981,1
48,0,0,1,1,100,1,0,80.1844410591039,0
48,0,0,1,1,100,2,0,80.1844410591039,0
48,0.25,0.360274387638807,0,0,0,3,0,80.1844410591039,0
48,0.5,0.582823310280524,0,0,0,3,0,80.1844410591039,0
48,1,0.92758633030334,0,0,0,3,0,80.1844410591039,0
48,2,1.34773234303816,0,0,0,3,0,80.1844410591039,0
48,3,1.24560194567582,0,0,0,3,0,80.1844410591039,0
48,4,1.376236413166,0,0,0,3,0,80.1844410591039,0
48,6,1.25567732950127,0,0,0,3,0,80.1844410591039,0
48,8,1.16458113135073,0,0,0,3,0,80.1844410591039,0
48,12,0.72669445889949,0,0,0,3,0,80.1844410591039,0
48,24,0.218028081228992,0,0,0,3,0,80.1844410591039,0
49,0,0,1,1,100,2,0,83.3715331235103,1
49,0,0,1,1,100,1,0,83.3715331235103,1
49,0.25,0.210389870499784,0,0,0,3,0,83.3715331235103,1
49,0.5,0.324101991399696,0,0,0,3,0,83.3715331235103,1
49,1,0.588189869460338,0,0,0,3,0,83.3715331235103,1
49,2,0.609216325812685,0,0,0,3,0,83.3715331235103,1
49,3,0.773097455723997,0,0,0,3,0,83.3715331235103,1
49,4,0.80645887611357,0,0,0,3,0,83.3715331235103,1
49,6,0.722329464796525,0,0,0,3,0,83.3715331235103,1
49,8,0.682533542222696,0,0,0,3,0,83.3715331235103,1
49,12,0.444578011190557,0,0,0,3,0,83.3715331235103,1
49,24,0.233325432014847,0,0,0,3,0,83.3715331235103,1
50,0,0,1,1,100,1,0,61.4245356681923,0
50,0,0,1,1,100,2,0,61.4245356681923,0
50,0.25,0.223342993451524,0,0,0,3,0,61.4245356681923,0
50,0.5,0.406581187660045,0,0,0,3,0,61.4245356681923,0
50,1,0.77555963705304,0,0,0,3,0,61.4245356681923,0
50,2,0.947910871884479,0,0,0,3,0,61.4245356681923,0
50,3,1.04098563441837,0,0,0,3,0,61.4245356681923,0
50,4,1.36860467398768,0,0,0,3,0,61.4245356681923,0
50,6,1.14304344558144,0,0,0,3,0,61.4245356681923,0
50,8,1.17136939318716,0,0,0,3,0,61.4245356681923,0
50,12,0.686740756476594,0,0,0,3,0,61.4245356681923,0
50,24,0.314373459010248,0,0,0,3,0,61.4245356681923,0
