"NMID","eta.V1","eta.Q2","eta.Q3","eta.CL"
1,0.00274571774153087,-0.351353367230199,0.0923411986460516,0.587226831969923
2,-0.0206143793178007,0.573678135216897,0.138527914852744,0.448615906663273
3,0.0943139012282381,0.277855224100732,0.0325017036471377,0.137949780392628
4,-0.324083695673414,-0.0580118467920415,-0.141412902900902,0.0196977017978114
5,0.0391993676403792,-0.0547085070448623,-0.436120881955103,-0.496299498770054
6,-0.0314892754720979,0.0904190328563157,0.037641954035948,0.630163416641818
7,0.0498638590904121,-0.000104242628209306,-0.149721824683742,0.354798710996026
8,0.0360934366443853,0.164067048425611,0.4845961780177,0.251840425086588
9,0.0419831221626955,-0.0761089880991026,-0.0952955141148494,-0.00537803945384521
10,-0.059502237136707,0.0988939160004748,0.176203991657585,0.0748463571317763
11,-0.191119968752335,0.141474053385905,0.0612174213399521,-0.31562874511407
12,-0.078765049929588,0.0289449181716264,0.133757585539361,0.563926573565975
13,0.0632979629014968,0.0362370325065544,0.385128049579593,0.389891416129435
14,0.0372881480283781,-0.394607519359767,0.0139057212429834,0.241277714601657
15,0.194446596032512,0.464035633923263,-0.259006591675998,-0.256896157130753
16,0.272176856140513,0.273940380791206,-0.196551098681925,0.184576627905002
17,-0.0688100785646528,0.491147837291856,-0.0683684273541534,0.0997588553160614
18,-0.253786163761972,0.29175198358834,0.0807221844007277,-0.439634026822644
19,-0.109474587681198,-0.0442563602360072,-0.225272486282808,0.0297732683968421
20,-0.145876347668298,-0.312922626574597,0.14414909302501,0.296631833243694
21,-0.11457600069249,-0.359612872308861,0.01836503430658,-0.411055880151177
22,0.0896237046932324,0.094478032092678,-0.0696770687281724,0.0258879705210338
23,-0.203752773349858,0.130115560510447,-0.350997179126157,-0.222234645310359
24,-0.112868272649605,0.26467418337403,-0.0220362561153584,0.505277343530235
25,0.155379647280738,-0.080922506375767,-0.321105316893247,-0.196141643557393
26,-0.0407692700524508,-0.175044141809777,-0.0250698728760541,0.0945074512145476
27,-0.0636853495254337,-0.0709581309209667,-0.137352528167522,-0.0662661106845779
28,0.0872833695234358,0.00771518733323131,-0.137979212348871,0.152020251486362
29,0.0295016564545833,0.0713159208486453,-0.512305531178784,0.538846291166524
30,0.0947915566972514,0.184084105438892,-0.297888592199422,0.0684381966388044
31,-0.0658471017666464,-0.186805109873984,-0.19222314776133,0.126391501026053
32,-0.0991538347943632,-0.240433627317251,0.267414731401639,-0.268656517333496
33,-0.103509544014794,0.0455384920691081,-0.0402115964853936,0.500321252535112
34,0.105012432358107,-0.492400701699015,0.413088593387029,0.207702545012792
35,0.0152623128928702,0.0553295167053249,0.460268081004886,0.535178265576771
36,-0.231918385059019,0.174993283429819,0.151780170140037,0.313025168915911
37,0.330667776787909,-0.190849818542936,-0.287835310714371,0.340337946545602
38,0.0477107166810733,-0.280165758833722,0.0827158959801045,0.2722565702911
39,-0.0118016033101209,-0.0398501472495418,0.41631559643006,-0.0505971504855955
40,0.0152903938580118,0.0294819146647819,-0.520197000823455,-0.100398794528512
41,0.420133057961618,-0.0510172525031855,-0.0585256041352476,0.446931942814743
42,-0.117072426554826,-0.160834429233054,0.300902133947436,0.300075252516423
43,0.151446758940655,-0.29089502180877,-0.190660107875534,-0.198305657987234
44,0.305143401311312,-0.340853157063309,-0.179147291061881,0.495373909243046
45,0.096086879325322,-0.202558452051203,0.000733709313232168,0.149297585706252
46,0.395352508332773,0.170897062337195,0.137592003744054,-0.226117107997208
47,-0.0837202050863144,0.208300970612722,0.165867979597951,0.161039689023861
48,0.0177554847702597,-0.319338199162266,0.189111930488346,-0.243424749061104
49,0.182212434678781,-0.268893985490939,0.178982453916132,-0.0614752464645394
50,0.195302271337877,0.254967474425177,-0.101866722360509,0.0324611594577435
