"NMID","TIME","OCC","DV","MDV","EVID","AMT","CMT","BLQ","WT","SEX"
1,0,"1",0,1,1,100,1,0,76.7508127466622,0
1,0.5,"1",0.967121735841103,0,0,0,2,0,76.7508127466622,0
1,1,"1",1.44517040356918,0,0,0,2,0,76.7508127466622,0
1,2,"1",1.22165949231062,0,0,0,2,0,76.7508127466622,0
1,4,"1",1.35146332661563,0,0,0,2,0,76.7508127466622,0
1,8,"1",0.894787578668652,0,0,0,2,0,76.7508127466622,0
1,12,"1",0.906761461647856,0,0,0,2,0,76.7508127466622,0
1,24,"1",0.336398888377606,0,0,0,2,0,76.7508127466622,0
1,168,"2",0,1,1,100,1,0,76.7508127466622,0
1,168.5,"2",0.737568446261725,0,0,0,2,0,76.7508127466622,0
1,169,"2",1.21423191751248,0,0,0,2,0,76.7508127466622,0
1,170,"2",1.37335719817827,0,0,0,2,0,76.7508127466622,0
1,172,"2",1.25685789125759,0,0,0,2,0,76.7508127466622,0
1,176,"2",0.956837863698309,0,0,0,2,0,76.7508127466622,0
1,180,"2",0.876198380285887,0,0,0,2,0,76.7508127466622,0
1,192,"2",0.354664302512415,0,0,0,2,0,76.7508127466622,0
1,336,"3",0,1,1,100,1,0,76.7508127466622,0
1,336.5,"3",0.847026265686031,0,0,0,2,0,76.7508127466622,0
1,337,"3",1.2450784163961,0,0,0,2,0,76.7508127466622,0
1,338,"3",1.28107365899835,0,0,0,2,0,76.7508127466622,0
1,340,"3",1.38670964924775,0,0,0,2,0,76.7508127466622,0
1,344,"3",0.952278189190843,0,0,0,2,0,76.7508127466622,0
1,348,"3",0.750524596494561,0,0,0,2,0,76.7508127466622,0
1,360,"3",0.332063366912989,0,0,0,2,0,76.7508127466622,0
2,0,"1",0,1,1,100,1,0,48.9281283132231,1
2,0.5,"1",0.457340820299736,0,0,0,2,0,48.9281283132231,1
2,1,"1",0.806820185345099,0,0,0,2,0,48.9281283132231,1
2,2,"1",1.29331074424188,0,0,0,2,0,48.9281283132231,1
2,4,"1",1.45157230707217,0,0,0,2,0,48.9281283132231,1
2,8,"1",1.27681357917378,0,0,0,2,0,48.9281283132231,1
2,12,"1",1.02463279314222,0,0,0,2,0,48.9281283132231,1
2,24,"1",0.699254248652791,0,0,0,2,0,48.9281283132231,1
2,168,"2",0,1,1,100,1,0,48.9281283132231,1
2,168.5,"2",0.668439912939288,0,0,0,2,0,48.9281283132231,1
2,169,"2",1.1020893190181,0,0,0,2,0,48.9281283132231,1
2,170,"2",1.37618052871791,0,0,0,2,0,48.9281283132231,1
2,172,"2",1.1400836130677,0,0,0,2,0,48.9281283132231,1
2,176,"2",1.19035393219928,0,0,0,2,0,48.9281283132231,1
2,180,"2",0.961124198209815,0,0,0,2,0,48.9281283132231,1
2,192,"2",0.682748684491373,0,0,0,2,0,48.9281283132231,1
2,336,"3",0,1,1,100,1,0,48.9281283132231,1
2,336.5,"3",0.743798084249759,0,0,0,2,0,48.9281283132231,1
2,337,"3",1.15725634577508,0,0,0,2,0,48.9281283132231,1
2,338,"3",1.26899602662662,0,0,0,2,0,48.9281283132231,1
2,340,"3",1.38518156778809,0,0,0,2,0,48.9281283132231,1
2,344,"3",1.12452553629954,0,0,0,2,0,48.9281283132231,1
2,348,"3",1.00796432009959,0,0,0,2,0,48.9281283132231,1
2,360,"3",0.695005036769471,0,0,0,2,0,48.9281283132231,1
3,0,"1",0,1,1,100,1,0,78.6639536421422,0
3,0.5,"1",0.757282804012986,0,0,0,2,0,78.6639536421422,0
3,1,"1",1.21778297911043,0,0,0,2,0,78.6639536421422,0
3,2,"1",1.83249994855972,0,0,0,2,0,78.6639536421422,0
3,4,"1",1.56984041329669,0,0,0,2,0,78.6639536421422,0
3,8,"1",1.31152598379014,0,0,0,2,0,78.6639536421422,0
3,12,"1",0.74498742257915,0,0,0,2,0,78.6639536421422,0
3,24,"1",0.352230949593325,0,0,0,2,0,78.6639536421422,0
3,168,"2",0,1,1,100,1,0,78.6639536421422,0
3,168.5,"2",0.970589430530129,0,0,0,2,0,78.6639536421422,0
3,169,"2",1.41399755095311,0,0,0,2,0,78.6639536421422,0
3,170,"2",1.64740006708593,0,0,0,2,0,78.6639536421422,0
3,172,"2",1.6114755665034,0,0,0,2,0,78.6639536421422,0
3,176,"2",1.11848675299486,0,0,0,2,0,78.6639536421422,0
3,180,"2",0.841910750499527,0,0,0,2,0,78.6639536421422,0
3,192,"2",0.318203692632408,0,0,0,2,0,78.6639536421422,0
3,336,"3",0,1,1,100,1,0,78.6639536421422,0
3,336.5,"3",1.57955386159418,0,0,0,2,0,78.6639536421422,0
3,337,"3",1.60550431540881,0,0,0,2,0,78.6639536421422,0
3,338,"3",2.03098926737652,0,0,0,2,0,78.6639536421422,0
3,340,"3",1.51330898289892,0,0,0,2,0,78.6639536421422,0
3,344,"3",0.962219664565163,0,0,0,2,0,78.6639536421422,0
3,348,"3",0.835176692232791,0,0,0,2,0,78.6639536421422,0
3,360,"3",0.300591026149464,0,0,0,2,0,78.6639536421422,0
4,0,"1",0,1,1,100,1,0,76.3015705078044,1
4,0.5,"1",0.345682781004914,0,0,0,2,0,76.3015705078044,1
4,1,"1",0.622823307259366,0,0,0,2,0,76.3015705078044,1
4,2,"1",1.13177020673782,0,0,0,2,0,76.3015705078044,1
4,4,"1",1.42122424740655,0,0,0,2,0,76.3015705078044,1
4,8,"1",1.03399703628702,0,0,0,2,0,76.3015705078044,1
4,12,"1",0.873378915238739,0,0,0,2,0,76.3015705078044,1
4,24,"1",0.456975825681842,0,0,0,2,0,76.3015705078044,1
4,168,"2",0,1,1,100,1,0,76.3015705078044,1
4,168.5,"2",0.499651964507497,0,0,0,2,0,76.3015705078044,1
4,169,"2",0.699739003531733,0,0,0,2,0,76.3015705078044,1
4,170,"2",1.28025397281827,0,0,0,2,0,76.3015705078044,1
4,172,"2",1.48820391115929,0,0,0,2,0,76.3015705078044,1
4,176,"2",1.1084085542057,0,0,0,2,0,76.3015705078044,1
4,180,"2",1.0547432957147,0,0,0,2,0,76.3015705078044,1
4,192,"2",0.522830651685601,0,0,0,2,0,76.3015705078044,1
4,336,"3",0,1,1,100,1,0,76.3015705078044,1
4,336.5,"3",0.594789690635419,0,0,0,2,0,76.3015705078044,1
4,337,"3",1.04427622112377,0,0,0,2,0,76.3015705078044,1
4,338,"3",1.39653409881805,0,0,0,2,0,76.3015705078044,1
4,340,"3",1.43540134987076,0,0,0,2,0,76.3015705078044,1
4,344,"3",1.11287259518486,0,0,0,2,0,76.3015705078044,1
4,348,"3",0.93947970495788,0,0,0,2,0,76.3015705078044,1
4,360,"3",0.566911583720085,0,0,0,2,0,76.3015705078044,1
5,0,"1",0,1,1,100,1,0,66.5730128126311,0
5,0.5,"1",0.703066165960409,0,0,0,2,0,66.5730128126311,0
5,1,"1",1.29965967261031,0,0,0,2,0,66.5730128126311,0
5,2,"1",1.82881267971253,0,0,0,2,0,66.5730128126311,0
5,4,"1",1.46524211475679,0,0,0,2,0,66.5730128126311,0
5,8,"1",1.59671731219959,0,0,0,2,0,66.5730128126311,0
5,12,"1",1.37893518724154,0,0,0,2,0,66.5730128126311,0
5,24,"1",0.794668710314379,0,0,0,2,0,66.5730128126311,0
5,168,"2",0,1,1,100,1,0,66.5730128126311,0
5,168.5,"2",0.828047092059635,0,0,0,2,0,66.5730128126311,0
5,169,"2",1.37417118966656,0,0,0,2,0,66.5730128126311,0
5,170,"2",1.99650089522444,0,0,0,2,0,66.5730128126311,0
5,172,"2",1.62093987801508,0,0,0,2,0,66.5730128126311,0
5,176,"2",1.63127124093479,0,0,0,2,0,66.5730128126311,0
5,180,"2",1.24843702543053,0,0,0,2,0,66.5730128126311,0
5,192,"2",0.635911266482583,0,0,0,2,0,66.5730128126311,0
5,336,"3",0,1,1,100,1,0,66.5730128126311,0
5,336.5,"3",0.809488890865218,0,0,0,2,0,66.5730128126311,0
5,337,"3",1.30136471630239,0,0,0,2,0,66.5730128126311,0
5,338,"3",1.88773663453618,0,0,0,2,0,66.5730128126311,0
5,340,"3",1.82961914192748,0,0,0,2,0,66.5730128126311,0
5,344,"3",1.41221711517105,0,0,0,2,0,66.5730128126311,0
5,348,"3",1.3684767599015,0,0,0,2,0,66.5730128126311,0
5,360,"3",0.665298467558237,0,0,0,2,0,66.5730128126311,0
6,0,"1",0,1,1,100,1,0,96.7766996964469,0
6,0.5,"1",0.315509395919999,0,0,0,2,0,96.7766996964469,0
6,1,"1",0.609210387271923,0,0,0,2,0,96.7766996964469,0
6,2,"1",1.00183407016072,0,0,0,2,0,96.7766996964469,0
6,4,"1",1.13955383054876,0,0,0,2,0,96.7766996964469,0
6,8,"1",1.07119664279658,0,0,0,2,0,96.7766996964469,0
6,12,"1",0.81483507986337,0,0,0,2,0,96.7766996964469,0
6,24,"1",0.567575388686399,0,0,0,2,0,96.7766996964469,0
6,168,"2",0,1,1,100,1,0,96.7766996964469,0
6,168.5,"2",0.385897078388702,0,0,0,2,0,96.7766996964469,0
6,169,"2",0.691207167797844,0,0,0,2,0,96.7766996964469,0
6,170,"2",0.719289946328973,0,0,0,2,0,96.7766996964469,0
6,172,"2",1.15399692151764,0,0,0,2,0,96.7766996964469,0
6,176,"2",1.14114443006208,0,0,0,2,0,96.7766996964469,0
6,180,"2",1.01420719527267,0,0,0,2,0,96.7766996964469,0
6,192,"2",0.693165737568431,0,0,0,2,0,96.7766996964469,0
6,336,"3",0,1,1,100,1,0,96.7766996964469,0
6,336.5,"3",0.341495498680348,0,0,0,2,0,96.7766996964469,0
6,337,"3",0.495517542467877,0,0,0,2,0,96.7766996964469,0
6,338,"3",0.845607126728695,0,0,0,2,0,96.7766996964469,0
6,340,"3",1.26850717373665,0,0,0,2,0,96.7766996964469,0
6,344,"3",1.13038911440148,0,0,0,2,0,96.7766996964469,0
6,348,"3",0.874890143649105,0,0,0,2,0,96.7766996964469,0
6,360,"3",0.747820739242409,0,0,0,2,0,96.7766996964469,0
7,0,"1",0,1,1,100,1,0,75.1354197902087,1
7,0.5,"1",0.668768877238559,0,0,0,2,0,75.1354197902087,1
7,1,"1",1.0659129971762,0,0,0,2,0,75.1354197902087,1
7,2,"1",1.53468213581936,0,0,0,2,0,75.1354197902087,1
7,4,"1",1.79515128279356,0,0,0,2,0,75.1354197902087,1
7,8,"1",1.03083874801967,0,0,0,2,0,75.1354197902087,1
7,12,"1",0.674784679180515,0,0,0,2,0,75.1354197902087,1
7,24,"1",0.0992554105510993,0,0,0,2,0,75.1354197902087,1
7,168,"2",0,1,1,100,1,0,75.1354197902087,1
7,168.5,"2",1.30308809779083,0,0,0,2,0,75.1354197902087,1
7,169,"2",1.55606064183989,0,0,0,2,0,75.1354197902087,1
7,170,"2",1.91800184909867,0,0,0,2,0,75.1354197902087,1
7,172,"2",1.53771935678038,0,0,0,2,0,75.1354197902087,1
7,176,"2",1.16860964442079,0,0,0,2,0,75.1354197902087,1
7,180,"2",0.563742854298529,0,0,0,2,0,75.1354197902087,1
7,192,"2",0.122168061891624,0,0,0,2,0,75.1354197902087,1
7,336,"3",0,1,1,100,1,0,75.1354197902087,1
7,336.5,"3",0.876766353137234,0,0,0,2,0,75.1354197902087,1
7,337,"3",1.22830100630662,0,0,0,2,0,75.1354197902087,1
7,338,"3",1.58416295693314,0,0,0,2,0,75.1354197902087,1
7,340,"3",1.97960647705913,0,0,0,2,0,75.1354197902087,1
7,344,"3",1.1417733415296,0,0,0,2,0,75.1354197902087,1
7,348,"3",0.560414622106172,0,0,0,2,0,75.1354197902087,1
7,360,"3",0.107946788618854,0,0,0,2,0,75.1354197902087,1
8,0,"1",0,1,1,100,1,0,70.76295943372,1
8,0.5,"1",1.13075528155978,0,0,0,2,0,70.76295943372,1
8,1,"1",1.53118819765965,0,0,0,2,0,70.76295943372,1
8,2,"1",1.64083014279564,0,0,0,2,0,70.76295943372,1
8,4,"1",1.67032339308838,0,0,0,2,0,70.76295943372,1
8,8,"1",1.03597109369947,0,0,0,2,0,70.76295943372,1
8,12,"1",0.708362079195942,0,0,0,2,0,70.76295943372,1
8,24,"1",0.269949225716963,0,0,0,2,0,70.76295943372,1
8,168,"2",0,1,1,100,1,0,70.76295943372,1
8,168.5,"2",0.664730222939827,0,0,0,2,0,70.76295943372,1
8,169,"2",1.10777303127503,0,0,0,2,0,70.76295943372,1
8,170,"2",1.63004549301054,0,0,0,2,0,70.76295943372,1
8,172,"2",1.46549538286031,0,0,0,2,0,70.76295943372,1
8,176,"2",1.10139290380915,0,0,0,2,0,70.76295943372,1
8,180,"2",0.806420004345287,0,0,0,2,0,70.76295943372,1
8,192,"2",0.30727551553256,0,0,0,2,0,70.76295943372,1
8,336,"3",0,1,1,100,1,0,70.76295943372,1
8,336.5,"3",0.82725560811573,0,0,0,2,0,70.76295943372,1
8,337,"3",1.42487132735057,0,0,0,2,0,70.76295943372,1
8,338,"3",1.48812378598079,0,0,0,2,0,70.76295943372,1
8,340,"3",1.41358389081006,0,0,0,2,0,70.76295943372,1
8,344,"3",1.05575145118249,0,0,0,2,0,70.76295943372,1
8,348,"3",0.805448872741881,0,0,0,2,0,70.76295943372,1
8,360,"3",0.346289537056233,0,0,0,2,0,70.76295943372,1
9,0,"1",0,1,1,100,1,0,57.6285412350274,0
9,0.5,"1",0.692227302119624,0,0,0,2,0,57.6285412350274,0
9,1,"1",1.19382028383614,0,0,0,2,0,57.6285412350274,0
9,2,"1",1.46339831692428,0,0,0,2,0,57.6285412350274,0
9,4,"1",1.58936100264715,0,0,0,2,0,57.6285412350274,0
9,8,"1",1.28311828936752,0,0,0,2,0,57.6285412350274,0
9,12,"1",1.01462338501899,0,0,0,2,0,57.6285412350274,0
9,24,"1",0.492410914554716,0,0,0,2,0,57.6285412350274,0
9,168,"2",0,1,1,100,1,0,57.6285412350274,0
9,168.5,"2",0.48885803105971,0,0,0,2,0,57.6285412350274,0
9,169,"2",0.90770305336479,0,0,0,2,0,57.6285412350274,0
9,170,"2",1.37814201009291,0,0,0,2,0,57.6285412350274,0
9,172,"2",1.38512355379596,0,0,0,2,0,57.6285412350274,0
9,176,"2",1.27871356281783,0,0,0,2,0,57.6285412350274,0
9,180,"2",0.896837931840304,0,0,0,2,0,57.6285412350274,0
9,192,"2",0.519946429514871,0,0,0,2,0,57.6285412350274,0
9,336,"3",0,1,1,100,1,0,57.6285412350274,0
9,336.5,"3",0.83273442259441,0,0,0,2,0,57.6285412350274,0
9,337,"3",1.49418753711098,0,0,0,2,0,57.6285412350274,0
9,338,"3",1.39086585334553,0,0,0,2,0,57.6285412350274,0
9,340,"3",1.44587781430824,0,0,0,2,0,57.6285412350274,0
9,344,"3",1.21223719188033,0,0,0,2,0,57.6285412350274,0
9,348,"3",1.03256474013585,0,0,0,2,0,57.6285412350274,0
9,360,"3",0.517763235398774,0,0,0,2,0,57.6285412350274,0
10,0,"1",0,1,1,100,1,0,98.7083467430853,0
10,0.5,"1",0.585641314838055,0,0,0,2,0,98.7083467430853,0
10,1,"1",1.02111391955304,0,0,0,2,0,98.7083467430853,0
10,2,"1",1.17850986639462,0,0,0,2,0,98.7083467430853,0
10,4,"1",1.43703639277015,0,0,0,2,0,98.7083467430853,0
10,8,"1",1.02469156067177,0,0,0,2,0,98.7083467430853,0
10,12,"1",0.838714113140133,0,0,0,2,0,98.7083467430853,0
10,24,"1",0.372919543691647,0,0,0,2,0,98.7083467430853,0
10,168,"2",0,1,1,100,1,0,98.7083467430853,0
10,168.5,"2",0.581365731939612,0,0,0,2,0,98.7083467430853,0
10,169,"2",1.0364169052939,0,0,0,2,0,98.7083467430853,0
10,170,"2",1.33379378687965,0,0,0,2,0,98.7083467430853,0
10,172,"2",0.980934017182296,0,0,0,2,0,98.7083467430853,0
10,176,"2",1.14304196941859,0,0,0,2,0,98.7083467430853,0
10,180,"2",0.930551745885586,0,0,0,2,0,98.7083467430853,0
10,192,"2",0.444064121087456,0,0,0,2,0,98.7083467430853,0
10,336,"3",0,1,1,100,1,0,98.7083467430853,0
10,336.5,"3",0.75967879241775,0,0,0,2,0,98.7083467430853,0
10,337,"3",1.14975828972146,0,0,0,2,0,98.7083467430853,0
10,338,"3",1.25915566246466,0,0,0,2,0,98.7083467430853,0
10,340,"3",1.31517136523366,0,0,0,2,0,98.7083467430853,0
10,344,"3",0.943332748071037,0,0,0,2,0,98.7083467430853,0
10,348,"3",0.768676102403914,0,0,0,2,0,98.7083467430853,0
10,360,"3",0.404663161414769,0,0,0,2,0,98.7083467430853,0
11,0,"1",0,1,1,100,1,0,57.642845833305,1
11,0.5,"1",0.997014209753928,0,0,0,2,0,57.642845833305,1
11,1,"1",1.59680209722308,0,0,0,2,0,57.642845833305,1
11,2,"1",2.07150314281614,0,0,0,2,0,57.642845833305,1
11,4,"1",1.6451712864774,0,0,0,2,0,57.642845833305,1
11,8,"1",1.26496234401984,0,0,0,2,0,57.642845833305,1
11,12,"1",0.972485451098595,0,0,0,2,0,57.642845833305,1
11,24,"1",0.340357540071452,0,0,0,2,0,57.642845833305,1
11,168,"2",0,1,1,100,1,0,57.642845833305,1
11,168.5,"2",1.43401009927266,0,0,0,2,0,57.642845833305,1
11,169,"2",1.94888453319454,0,0,0,2,0,57.642845833305,1
11,170,"2",1.60775192296717,0,0,0,2,0,57.642845833305,1
11,172,"2",1.81650348968229,0,0,0,2,0,57.642845833305,1
11,176,"2",1.33892095670716,0,0,0,2,0,57.642845833305,1
11,180,"2",0.92302496619092,0,0,0,2,0,57.642845833305,1
11,192,"2",0.362870664478655,0,0,0,2,0,57.642845833305,1
11,336,"3",0,1,1,100,1,0,57.642845833305,1
11,336.5,"3",0.995820233804047,0,0,0,2,0,57.642845833305,1
11,337,"3",1.39609082477826,0,0,0,2,0,57.642845833305,1
11,338,"3",1.98070031073098,0,0,0,2,0,57.642845833305,1
11,340,"3",1.67186965644501,0,0,0,2,0,57.642845833305,1
11,344,"3",1.3303647984072,0,0,0,2,0,57.642845833305,1
11,348,"3",0.968827614141522,0,0,0,2,0,57.642845833305,1
11,360,"3",0.384947355521895,0,0,0,2,0,57.642845833305,1
12,0,"1",0,1,1,100,1,0,68.83891297306,1
12,0.5,"1",0.280068655974348,0,0,0,2,0,68.83891297306,1
12,1,"1",0.491408079622899,0,0,0,2,0,68.83891297306,1
12,2,"1",0.830168747655631,0,0,0,2,0,68.83891297306,1
12,4,"1",0.777380959601949,0,0,0,2,0,68.83891297306,1
12,8,"1",0.864007943088371,0,0,0,2,0,68.83891297306,1
12,12,"1",0.718780285514936,0,0,0,2,0,68.83891297306,1
12,24,"1",0.299073509475849,0,0,0,2,0,68.83891297306,1
12,168,"2",0,1,1,100,1,0,68.83891297306,1
12,168.5,"2",0.353160367155039,0,0,0,2,0,68.83891297306,1
12,169,"2",0.741988025789735,0,0,0,2,0,68.83891297306,1
12,170,"2",0.851239240922271,0,0,0,2,0,68.83891297306,1
12,172,"2",1.00676626031571,0,0,0,2,0,68.83891297306,1
12,176,"2",0.748415362977473,0,0,0,2,0,68.83891297306,1
12,180,"2",0.628294005928496,0,0,0,2,0,68.83891297306,1
12,192,"2",0.355607372220968,0,0,0,2,0,68.83891297306,1
12,336,"3",0,1,1,100,1,0,68.83891297306,1
12,336.5,"3",0.398514741972655,0,0,0,2,0,68.83891297306,1
12,337,"3",0.649812766325632,0,0,0,2,0,68.83891297306,1
12,338,"3",0.941411131903984,0,0,0,2,0,68.83891297306,1
12,340,"3",0.928465682376553,0,0,0,2,0,68.83891297306,1
12,344,"3",0.790858955654756,0,0,0,2,0,68.83891297306,1
12,348,"3",0.704628181719404,0,0,0,2,0,68.83891297306,1
12,360,"3",0.290655753381496,0,0,0,2,0,68.83891297306,1
13,0,"1",0,1,1,100,1,0,93.2299038573677,0
13,0.5,"1",1.00336417959013,0,0,0,2,0,93.2299038573677,0
13,1,"1",1.4939454255504,0,0,0,2,0,93.2299038573677,0
13,2,"1",1.64187526690742,0,0,0,2,0,93.2299038573677,0
13,4,"1",1.40601542673837,0,0,0,2,0,93.2299038573677,0
13,8,"1",1.19643004431597,0,0,0,2,0,93.2299038573677,0
13,12,"1",1.00328059244636,0,0,0,2,0,93.2299038573677,0
13,24,"1",0.592276914051359,0,0,0,2,0,93.2299038573677,0
13,168,"2",0,1,1,100,1,0,93.2299038573677,0
13,168.5,"2",0.891386180895522,0,0,0,2,0,93.2299038573677,0
13,169,"2",1.50415313002737,0,0,0,2,0,93.2299038573677,0
13,170,"2",1.55783792984145,0,0,0,2,0,93.2299038573677,0
13,172,"2",1.59122592242343,0,0,0,2,0,93.2299038573677,0
13,176,"2",1.27353634378837,0,0,0,2,0,93.2299038573677,0
13,180,"2",1.13521842234773,0,0,0,2,0,93.2299038573677,0
13,192,"2",0.415557808447304,0,0,0,2,0,93.2299038573677,0
13,336,"3",0,1,1,100,1,0,93.2299038573677,0
13,336.5,"3",0.793189569207458,0,0,0,2,0,93.2299038573677,0
13,337,"3",1.21125603227471,0,0,0,2,0,93.2299038573677,0
13,338,"3",1.80002316476577,0,0,0,2,0,93.2299038573677,0
13,340,"3",1.40434373760395,0,0,0,2,0,93.2299038573677,0
13,344,"3",1.31305355132473,0,0,0,2,0,93.2299038573677,0
13,348,"3",0.867576950640702,0,0,0,2,0,93.2299038573677,0
13,360,"3",0.580645719553199,0,0,0,2,0,93.2299038573677,0
14,0,"1",0,1,1,100,1,0,76.8967924589591,1
14,0.5,"1",0.933736706114149,0,0,0,2,0,76.8967924589591,1
14,1,"1",1.28620323117986,0,0,0,2,0,76.8967924589591,1
14,2,"1",1.52415408820312,0,0,0,2,0,76.8967924589591,1
14,4,"1",1.30479183840779,0,0,0,2,0,76.8967924589591,1
14,8,"1",1.03518980167002,0,0,0,2,0,76.8967924589591,1
14,12,"1",0.641407527595523,0,0,0,2,0,76.8967924589591,1
14,24,"1",0.461414436429645,0,0,0,2,0,76.8967924589591,1
14,168,"2",0,1,1,100,1,0,76.8967924589591,1
14,168.5,"2",0.586004208539782,0,0,0,2,0,76.8967924589591,1
14,169,"2",0.945223354001115,0,0,0,2,0,76.8967924589591,1
14,170,"2",1.41503775732246,0,0,0,2,0,76.8967924589591,1
14,172,"2",1.23333793047152,0,0,0,2,0,76.8967924589591,1
14,176,"2",1.01966050549038,0,0,0,2,0,76.8967924589591,1
14,180,"2",0.957062620313645,0,0,0,2,0,76.8967924589591,1
14,192,"2",0.56764506418481,0,0,0,2,0,76.8967924589591,1
14,336,"3",0,1,1,100,1,0,76.8967924589591,1
14,336.5,"3",0.62754646035413,0,0,0,2,0,76.8967924589591,1
14,337,"3",0.957294210935135,0,0,0,2,0,76.8967924589591,1
14,338,"3",1.21581422330971,0,0,0,2,0,76.8967924589591,1
14,340,"3",1.35515750332831,0,0,0,2,0,76.8967924589591,1
14,344,"3",0.993491186334655,0,0,0,2,0,76.8967924589591,1
14,348,"3",0.873519835178144,0,0,0,2,0,76.8967924589591,1
14,360,"3",0.469939943927635,0,0,0,2,0,76.8967924589591,1
15,0,"1",0,1,1,100,1,0,48.9088005946887,0
15,0.5,"1",0.744834777924227,0,0,0,2,0,48.9088005946887,0
15,1,"1",1.07144533060944,0,0,0,2,0,48.9088005946887,0
15,2,"1",1.12254369509994,0,0,0,2,0,48.9088005946887,0
15,4,"1",1.28461870202901,0,0,0,2,0,48.9088005946887,0
15,8,"1",0.816900288659626,0,0,0,2,0,48.9088005946887,0
15,12,"1",0.801804406853209,0,0,0,2,0,48.9088005946887,0
15,24,"1",0.314302077412323,0,0,0,2,0,48.9088005946887,0
15,168,"2",0,1,1,100,1,0,48.9088005946887,0
15,168.5,"2",0.657270165648017,0,0,0,2,0,48.9088005946887,0
15,169,"2",0.845922852178959,0,0,0,2,0,48.9088005946887,0
15,170,"2",1.16081028719605,0,0,0,2,0,48.9088005946887,0
15,172,"2",1.2152612912734,0,0,0,2,0,48.9088005946887,0
15,176,"2",1.13545104773917,0,0,0,2,0,48.9088005946887,0
15,180,"2",0.881332610575189,0,0,0,2,0,48.9088005946887,0
15,192,"2",0.364453222916791,0,0,0,2,0,48.9088005946887,0
15,336,"3",0,1,1,100,1,0,48.9088005946887,0
15,336.5,"3",0.45630893208106,0,0,0,2,0,48.9088005946887,0
15,337,"3",0.678501227589664,0,0,0,2,0,48.9088005946887,0
15,338,"3",0.914002388318336,0,0,0,2,0,48.9088005946887,0
15,340,"3",1.295530135788,0,0,0,2,0,48.9088005946887,0
15,344,"3",1.19033060570474,0,0,0,2,0,48.9088005946887,0
15,348,"3",0.712475263862824,0,0,0,2,0,48.9088005946887,0
15,360,"3",0.361157405114197,0,0,0,2,0,48.9088005946887,0
16,0,"1",0,1,1,100,1,0,50.578523800414,1
16,0.5,"1",0.586858671763477,0,0,0,2,0,50.578523800414,1
16,1,"1",1.03072357567769,0,0,0,2,0,50.578523800414,1
16,2,"1",1.4252658900976,0,0,0,2,0,50.578523800414,1
16,4,"1",1.46351775037256,0,0,0,2,0,50.578523800414,1
16,8,"1",1.10211377271206,0,0,0,2,0,50.578523800414,1
16,12,"1",0.817212763710972,0,0,0,2,0,50.578523800414,1
16,24,"1",0.391799175744698,0,0,0,2,0,50.578523800414,1
16,168,"2",0,1,1,100,1,0,50.578523800414,1
16,168.5,"2",0.692241998434541,0,0,0,2,0,50.578523800414,1
16,169,"2",1.01249887528324,0,0,0,2,0,50.578523800414,1
16,170,"2",1.16666053639803,0,0,0,2,0,50.578523800414,1
16,172,"2",1.3929129892899,0,0,0,2,0,50.578523800414,1
16,176,"2",1.08908911261868,0,0,0,2,0,50.578523800414,1
16,180,"2",0.88155776332055,0,0,0,2,0,50.578523800414,1
16,192,"2",0.366935663218433,0,0,0,2,0,50.578523800414,1
16,336,"3",0,1,1,100,1,0,50.578523800414,1
16,336.5,"3",0.959160515078838,0,0,0,2,0,50.578523800414,1
16,337,"3",1.32434867628257,0,0,0,2,0,50.578523800414,1
16,338,"3",1.6011837138663,0,0,0,2,0,50.578523800414,1
16,340,"3",1.5290940632037,0,0,0,2,0,50.578523800414,1
16,344,"3",1.18985924386562,0,0,0,2,0,50.578523800414,1
16,348,"3",0.984843004766696,0,0,0,2,0,50.578523800414,1
16,360,"3",0.340701293391511,0,0,0,2,0,50.578523800414,1
17,0,"1",0,1,1,100,1,0,75.1447014267738,1
17,0.5,"1",0.67343725537631,0,0,0,2,0,75.1447014267738,1
17,1,"1",1.19764182937277,0,0,0,2,0,75.1447014267738,1
17,2,"1",1.78004086358087,0,0,0,2,0,75.1447014267738,1
17,4,"1",1.40291184942054,0,0,0,2,0,75.1447014267738,1
17,8,"1",1.25404968308592,0,0,0,2,0,75.1447014267738,1
17,12,"1",1.05678934882598,0,0,0,2,0,75.1447014267738,1
17,24,"1",0.599371563708487,0,0,0,2,0,75.1447014267738,1
17,168,"2",0,1,1,100,1,0,75.1447014267738,1
17,168.5,"2",1.22802047440246,0,0,0,2,0,75.1447014267738,1
17,169,"2",1.47210248159107,0,0,0,2,0,75.1447014267738,1
17,170,"2",1.53597344670927,0,0,0,2,0,75.1447014267738,1
17,172,"2",1.61706379917761,0,0,0,2,0,75.1447014267738,1
17,176,"2",1.43617772646914,0,0,0,2,0,75.1447014267738,1
17,180,"2",1.09990720542931,0,0,0,2,0,75.1447014267738,1
17,192,"2",0.474079268779863,0,0,0,2,0,75.1447014267738,1
17,336,"3",0,1,1,100,1,0,75.1447014267738,1
17,336.5,"3",1.07305345382474,0,0,0,2,0,75.1447014267738,1
17,337,"3",1.52905949475044,0,0,0,2,0,75.1447014267738,1
17,338,"3",1.83643245047775,0,0,0,2,0,75.1447014267738,1
17,340,"3",1.65056458488464,0,0,0,2,0,75.1447014267738,1
17,344,"3",1.20643298653225,0,0,0,2,0,75.1447014267738,1
17,348,"3",0.941211775427124,0,0,0,2,0,75.1447014267738,1
17,360,"3",0.522221270024508,0,0,0,2,0,75.1447014267738,1
18,0,"1",0,1,1,100,1,0,58.7945389094482,1
18,0.5,"1",0.697614909860584,0,0,0,2,0,58.7945389094482,1
18,1,"1",1.21765361050593,0,0,0,2,0,58.7945389094482,1
18,2,"1",1.71092508329522,0,0,0,2,0,58.7945389094482,1
18,4,"1",1.60922372910034,0,0,0,2,0,58.7945389094482,1
18,8,"1",1.20414036326185,0,0,0,2,0,58.7945389094482,1
18,12,"1",0.91947896124758,0,0,0,2,0,58.7945389094482,1
18,24,"1",0.44929604399468,0,0,0,2,0,58.7945389094482,1
18,168,"2",0,1,1,100,1,0,58.7945389094482,1
18,168.5,"2",0.687762034048308,0,0,0,2,0,58.7945389094482,1
18,169,"2",1.13908796662286,0,0,0,2,0,58.7945389094482,1
18,170,"2",1.68718697811636,0,0,0,2,0,58.7945389094482,1
18,172,"2",1.60470305428813,0,0,0,2,0,58.7945389094482,1
18,176,"2",1.29819085724095,0,0,0,2,0,58.7945389094482,1
18,180,"2",0.965176645408804,0,0,0,2,0,58.7945389094482,1
18,192,"2",0.450720928418185,0,0,0,2,0,58.7945389094482,1
18,336,"3",0,1,1,100,1,0,58.7945389094482,1
18,336.5,"3",0.989906389305608,0,0,0,2,0,58.7945389094482,1
18,337,"3",1.54189234278567,0,0,0,2,0,58.7945389094482,1
18,338,"3",2.00716578590323,0,0,0,2,0,58.7945389094482,1
18,340,"3",1.85786586150327,0,0,0,2,0,58.7945389094482,1
18,344,"3",1.26837438747117,0,0,0,2,0,58.7945389094482,1
18,348,"3",1.14335763619025,0,0,0,2,0,58.7945389094482,1
18,360,"3",0.521377560311646,0,0,0,2,0,58.7945389094482,1
19,0,"1",0,1,1,100,1,0,87.3018776528925,0
19,0.5,"1",0.46698631460996,0,0,0,2,0,87.3018776528925,0
19,1,"1",0.912445339316729,0,0,0,2,0,87.3018776528925,0
19,2,"1",1.24198838079551,0,0,0,2,0,87.3018776528925,0
19,4,"1",1.49083804724296,0,0,0,2,0,87.3018776528925,0
19,8,"1",1.00175610297007,0,0,0,2,0,87.3018776528925,0
19,12,"1",0.973381925782533,0,0,0,2,0,87.3018776528925,0
19,24,"1",0.44967006150861,0,0,0,2,0,87.3018776528925,0
19,168,"2",0,1,1,100,1,0,87.3018776528925,0
19,168.5,"2",0.707510187185645,0,0,0,2,0,87.3018776528925,0
19,169,"2",1.3672651422397,0,0,0,2,0,87.3018776528925,0
19,170,"2",1.91736075848833,0,0,0,2,0,87.3018776528925,0
19,172,"2",1.58332255437047,0,0,0,2,0,87.3018776528925,0
19,176,"2",1.65196708062258,0,0,0,2,0,87.3018776528925,0
19,180,"2",0.945294995340765,0,0,0,2,0,87.3018776528925,0
19,192,"2",0.365700387126726,0,0,0,2,0,87.3018776528925,0
19,336,"3",0,1,1,100,1,0,87.3018776528925,0
19,336.5,"3",0.620276559409633,0,0,0,2,0,87.3018776528925,0
19,337,"3",0.984969543686171,0,0,0,2,0,87.3018776528925,0
19,338,"3",1.6997201734249,0,0,0,2,0,87.3018776528925,0
19,340,"3",1.63113302272125,0,0,0,2,0,87.3018776528925,0
19,344,"3",1.4014930864234,0,0,0,2,0,87.3018776528925,0
19,348,"3",1.03908566853218,0,0,0,2,0,87.3018776528925,0
19,360,"3",0.418330739824603,0,0,0,2,0,87.3018776528925,0
20,0,"1",0,1,1,100,1,0,67.1588718309693,0
20,0.5,"1",1.17235522266854,0,0,0,2,0,67.1588718309693,0
20,1,"1",1.63266079497873,0,0,0,2,0,67.1588718309693,0
20,2,"1",1.61603199096653,0,0,0,2,0,67.1588718309693,0
20,4,"1",1.47007654399481,0,0,0,2,0,67.1588718309693,0
20,8,"1",0.853023877322548,0,0,0,2,0,67.1588718309693,0
20,12,"1",0.586343900574187,0,0,0,2,0,67.1588718309693,0
20,24,"1",0.156672206468392,0,0,0,2,0,67.1588718309693,0
20,168,"2",0,1,1,100,1,0,67.1588718309693,0
20,168.5,"2",0.894703133753257,0,0,0,2,0,67.1588718309693,0
20,169,"2",1.54739276047349,0,0,0,2,0,67.1588718309693,0
20,170,"2",1.65049154557675,0,0,0,2,0,67.1588718309693,0
20,172,"2",1.73825230191178,0,0,0,2,0,67.1588718309693,0
20,176,"2",1.01164435913841,0,0,0,2,0,67.1588718309693,0
20,180,"2",0.611482490462135,0,0,0,2,0,67.1588718309693,0
20,192,"2",0.151967361033911,0,0,0,2,0,67.1588718309693,0
20,336,"3",0,1,1,100,1,0,67.1588718309693,0
20,336.5,"3",1.21762069540897,0,0,0,2,0,67.1588718309693,0
20,337,"3",1.82369953870438,0,0,0,2,0,67.1588718309693,0
20,338,"3",1.69038624909926,0,0,0,2,0,67.1588718309693,0
20,340,"3",1.39729969485427,0,0,0,2,0,67.1588718309693,0
20,344,"3",0.919800278450924,0,0,0,2,0,67.1588718309693,0
20,348,"3",0.616137804868688,0,0,0,2,0,67.1588718309693,0
20,360,"3",0.162632263494127,0,0,0,2,0,67.1588718309693,0
21,0,"1",0,1,1,100,1,0,42.5465132837257,1
21,0.5,"1",1.31347208896611,0,0,0,2,0,42.5465132837257,1
21,1,"1",1.44446672842567,0,0,0,2,0,42.5465132837257,1
21,2,"1",1.61747116685312,0,0,0,2,0,42.5465132837257,1
21,4,"1",1.34866557003776,0,0,0,2,0,42.5465132837257,1
21,8,"1",0.833449926612901,0,0,0,2,0,42.5465132837257,1
21,12,"1",0.590767639256719,0,0,0,2,0,42.5465132837257,1
21,24,"1",0.30870125309884,0,0,0,2,0,42.5465132837257,1
21,168,"2",0,1,1,100,1,0,42.5465132837257,1
21,168.5,"2",0.930902834585075,0,0,0,2,0,42.5465132837257,1
21,169,"2",1.06399344862812,0,0,0,2,0,42.5465132837257,1
21,170,"2",1.31862712516896,0,0,0,2,0,42.5465132837257,1
21,172,"2",1.22347583546901,0,0,0,2,0,42.5465132837257,1
21,176,"2",1.10507826469535,0,0,0,2,0,42.5465132837257,1
21,180,"2",0.873539160390105,0,0,0,2,0,42.5465132837257,1
21,192,"2",0.312087290119928,0,0,0,2,0,42.5465132837257,1
21,336,"3",0,1,1,100,1,0,42.5465132837257,1
21,336.5,"3",1.2379485849516,0,0,0,2,0,42.5465132837257,1
21,337,"3",1.32152051614827,0,0,0,2,0,42.5465132837257,1
21,338,"3",1.49405193994929,0,0,0,2,0,42.5465132837257,1
21,340,"3",1.38033535268092,0,0,0,2,0,42.5465132837257,1
21,344,"3",1.07231306011692,0,0,0,2,0,42.5465132837257,1
21,348,"3",0.648341101734527,0,0,0,2,0,42.5465132837257,1
21,360,"3",0.274039646308103,0,0,0,2,0,42.5465132837257,1
22,0,"1",0,1,1,100,1,0,100.242085475492,1
22,0.5,"1",0.603195311832013,0,0,0,2,0,100.242085475492,1
22,1,"1",0.913002715765711,0,0,0,2,0,100.242085475492,1
22,2,"1",1.26311429966784,0,0,0,2,0,100.242085475492,1
22,4,"1",1.34537975016294,0,0,0,2,0,100.242085475492,1
22,8,"1",1.18955075153363,0,0,0,2,0,100.242085475492,1
22,12,"1",0.893172845053349,0,0,0,2,0,100.242085475492,1
22,24,"1",0.414642563845459,0,0,0,2,0,100.242085475492,1
22,168,"2",0,1,1,100,1,0,100.242085475492,1
22,168.5,"2",0.417923277037828,0,0,0,2,0,100.242085475492,1
22,169,"2",0.92843133429466,0,0,0,2,0,100.242085475492,1
22,170,"2",1.01806143129888,0,0,0,2,0,100.242085475492,1
22,172,"2",1.25488633090757,0,0,0,2,0,100.242085475492,1
22,176,"2",1.23794755159435,0,0,0,2,0,100.242085475492,1
22,180,"2",0.988763577276583,0,0,0,2,0,100.242085475492,1
22,192,"2",0.427381084143307,0,0,0,2,0,100.242085475492,1
22,336,"3",0,1,1,100,1,0,100.242085475492,1
22,336.5,"3",0.496274637120341,0,0,0,2,0,100.242085475492,1
22,337,"3",0.866774267271025,0,0,0,2,0,100.242085475492,1
22,338,"3",1.26085416272218,0,0,0,2,0,100.242085475492,1
22,340,"3",1.59418037815437,0,0,0,2,0,100.242085475492,1
22,344,"3",1.13411500107061,0,0,0,2,0,100.242085475492,1
22,348,"3",1.0800674308927,0,0,0,2,0,100.242085475492,1
22,360,"3",0.43132968877631,0,0,0,2,0,100.242085475492,1
23,0,"1",0,1,1,100,1,0,52.4591081758326,0
23,0.5,"1",1.03647122832317,0,0,0,2,0,52.4591081758326,0
23,1,"1",1.48469210659067,0,0,0,2,0,52.4591081758326,0
23,2,"1",1.16615834301665,0,0,0,2,0,52.4591081758326,0
23,4,"1",1.14941010798764,0,0,0,2,0,52.4591081758326,0
23,8,"1",0.63046437171082,0,0,0,2,0,52.4591081758326,0
23,12,"1",0.369263102291285,0,0,0,2,0,52.4591081758326,0
23,24,"1",0.0967803543507769,0,0,0,2,0,52.4591081758326,0
23,168,"2",0,1,1,100,1,0,52.4591081758326,0
23,168.5,"2",1.05972171213428,0,0,0,2,0,52.4591081758326,0
23,169,"2",1.26331725439793,0,0,0,2,0,52.4591081758326,0
23,170,"2",1.14151101959965,0,0,0,2,0,52.4591081758326,0
23,172,"2",1.18738588588936,0,0,0,2,0,52.4591081758326,0
23,176,"2",0.740421963199996,0,0,0,2,0,52.4591081758326,0
23,180,"2",0.451748515373411,0,0,0,2,0,52.4591081758326,0
23,192,"2",0.0799900401775477,0,0,0,2,0,52.4591081758326,0
23,336,"3",0,1,1,100,1,0,52.4591081758326,0
23,336.5,"3",1.28394123323893,0,0,0,2,0,52.4591081758326,0
23,337,"3",1.31118308842367,0,0,0,2,0,52.4591081758326,0
23,338,"3",1.40402933029319,0,0,0,2,0,52.4591081758326,0
23,340,"3",1.1801881699652,0,0,0,2,0,52.4591081758326,0
23,344,"3",0.671475556055607,0,0,0,2,0,52.4591081758326,0
23,348,"3",0.454578197019614,0,0,0,2,0,52.4591081758326,0
23,360,"3",0.0899215837882605,0,0,0,2,0,52.4591081758326,0
24,0,"1",0,1,1,100,1,0,80.4386893642501,0
24,0.5,"1",0.486060512080428,0,0,0,2,0,80.4386893642501,0
24,1,"1",0.946984157389907,0,0,0,2,0,80.4386893642501,0
24,2,"1",1.37451964661525,0,0,0,2,0,80.4386893642501,0
24,4,"1",1.34072244867481,0,0,0,2,0,80.4386893642501,0
24,8,"1",1.47496715424789,0,0,0,2,0,80.4386893642501,0
24,12,"1",1.10599284390953,0,0,0,2,0,80.4386893642501,0
24,24,"1",0.728272215643156,0,0,0,2,0,80.4386893642501,0
24,168,"2",0,1,1,100,1,0,80.4386893642501,0
24,168.5,"2",0.605225009414848,0,0,0,2,0,80.4386893642501,0
24,169,"2",1.12689619961886,0,0,0,2,0,80.4386893642501,0
24,170,"2",1.57364951135147,0,0,0,2,0,80.4386893642501,0
24,172,"2",1.81134860103428,0,0,0,2,0,80.4386893642501,0
24,176,"2",1.546443786838,0,0,0,2,0,80.4386893642501,0
24,180,"2",1.03242585260422,0,0,0,2,0,80.4386893642501,0
24,192,"2",0.831833060808632,0,0,0,2,0,80.4386893642501,0
24,336,"3",0,1,1,100,1,0,80.4386893642501,0
24,336.5,"3",0.452875551516973,0,0,0,2,0,80.4386893642501,0
24,337,"3",1.18427748206932,0,0,0,2,0,80.4386893642501,0
24,338,"3",1.29595745574789,0,0,0,2,0,80.4386893642501,0
24,340,"3",1.57047573700871,0,0,0,2,0,80.4386893642501,0
24,344,"3",1.39838960940747,0,0,0,2,0,80.4386893642501,0
24,348,"3",1.22016983958617,0,0,0,2,0,80.4386893642501,0
24,360,"3",0.757271050812756,0,0,0,2,0,80.4386893642501,0
25,0,"1",0,1,1,100,1,0,68.8384025603442,0
25,0.5,"1",0.89205124694377,0,0,0,2,0,68.8384025603442,0
25,1,"1",1.22373449525424,0,0,0,2,0,68.8384025603442,0
25,2,"1",1.35903056639862,0,0,0,2,0,68.8384025603442,0
25,4,"1",1.47437986169117,0,0,0,2,0,68.8384025603442,0
25,8,"1",1.53040342898054,0,0,0,2,0,68.8384025603442,0
25,12,"1",1.17071126048312,0,0,0,2,0,68.8384025603442,0
25,24,"1",0.765480611306553,0,0,0,2,0,68.8384025603442,0
25,168,"2",0,1,1,100,1,0,68.8384025603442,0
25,168.5,"2",1.04984799899304,0,0,0,2,0,68.8384025603442,0
25,169,"2",1.1477218118776,0,0,0,2,0,68.8384025603442,0
25,170,"2",1.94830609793237,0,0,0,2,0,68.8384025603442,0
25,172,"2",1.43617532723063,0,0,0,2,0,68.8384025603442,0
25,176,"2",1.37856958419278,0,0,0,2,0,68.8384025603442,0
25,180,"2",1.24153932376665,0,0,0,2,0,68.8384025603442,0
25,192,"2",0.816727859658048,0,0,0,2,0,68.8384025603442,0
25,336,"3",0,1,1,100,1,0,68.8384025603442,0
25,336.5,"3",1.06229831490201,0,0,0,2,0,68.8384025603442,0
25,337,"3",1.4596703521169,0,0,0,2,0,68.8384025603442,0
25,338,"3",1.83249479937225,0,0,0,2,0,68.8384025603442,0
25,340,"3",1.57236949014171,0,0,0,2,0,68.8384025603442,0
25,344,"3",1.57221703032356,0,0,0,2,0,68.8384025603442,0
25,348,"3",1.36239608501034,0,0,0,2,0,68.8384025603442,0
25,360,"3",0.911620819241513,0,0,0,2,0,68.8384025603442,0
26,0,"1",0,1,1,100,1,0,76.2571951587089,1
26,0.5,"1",1.23649706329179,0,0,0,2,0,76.2571951587089,1
26,1,"1",1.38049426096305,0,0,0,2,0,76.2571951587089,1
26,2,"1",2.23036974372262,0,0,0,2,0,76.2571951587089,1
26,4,"1",1.7054329153128,0,0,0,2,0,76.2571951587089,1
26,8,"1",1.4958146874361,0,0,0,2,0,76.2571951587089,1
26,12,"1",1.11491528166408,0,0,0,2,0,76.2571951587089,1
26,24,"1",0.398685873496222,0,0,0,2,0,76.2571951587089,1
26,168,"2",0,1,1,100,1,0,76.2571951587089,1
26,168.5,"2",1.18121306296807,0,0,0,2,0,76.2571951587089,1
26,169,"2",1.4294173968806,0,0,0,2,0,76.2571951587089,1
26,170,"2",1.74979685827116,0,0,0,2,0,76.2571951587089,1
26,172,"2",1.61813343776401,0,0,0,2,0,76.2571951587089,1
26,176,"2",1.56395079090645,0,0,0,2,0,76.2571951587089,1
26,180,"2",1.03533633888701,0,0,0,2,0,76.2571951587089,1
26,192,"2",0.407849937771092,0,0,0,2,0,76.2571951587089,1
26,336,"3",0,1,1,100,1,0,76.2571951587089,1
26,336.5,"3",1.09192931949586,0,0,0,2,0,76.2571951587089,1
26,337,"3",1.44005916757055,0,0,0,2,0,76.2571951587089,1
26,338,"3",2.00007808328638,0,0,0,2,0,76.2571951587089,1
26,340,"3",1.63334668462785,0,0,0,2,0,76.2571951587089,1
26,344,"3",1.1006533269291,0,0,0,2,0,76.2571951587089,1
26,348,"3",1.14945302984788,0,0,0,2,0,76.2571951587089,1
26,360,"3",0.471629266538886,0,0,0,2,0,76.2571951587089,1
27,0,"1",0,1,1,100,1,0,81.564429957923,0
27,0.5,"1",0.744598228471591,0,0,0,2,0,81.564429957923,0
27,1,"1",1.36409424537575,0,0,0,2,0,81.564429957923,0
27,2,"1",1.60862570677039,0,0,0,2,0,81.564429957923,0
27,4,"1",1.62528426264627,0,0,0,2,0,81.564429957923,0
27,8,"1",0.861921891817305,0,0,0,2,0,81.564429957923,0
27,12,"1",0.526384275284768,0,0,0,2,0,81.564429957923,0
27,24,"1",0.0888910873936304,0,0,0,2,0,81.564429957923,0
27,168,"2",0,1,1,100,1,0,81.564429957923,0
27,168.5,"2",0.712727091632076,0,0,0,2,0,81.564429957923,0
27,169,"2",0.915670190382788,0,0,0,2,0,81.564429957923,0
27,170,"2",1.66699701043937,0,0,0,2,0,81.564429957923,0
27,172,"2",1.74430251842635,0,0,0,2,0,81.564429957923,0
27,176,"2",0.882702641212391,0,0,0,2,0,81.564429957923,0
27,180,"2",0.530163196678248,0,0,0,2,0,81.564429957923,0
27,192,"2",0.0881981511523276,0,0,0,2,0,81.564429957923,0
27,336,"3",0,1,1,100,1,0,81.564429957923,0
27,336.5,"3",0.66722355773231,0,0,0,2,0,81.564429957923,0
27,337,"3",1.10483109517998,0,0,0,2,0,81.564429957923,0
27,338,"3",1.64597985575988,0,0,0,2,0,81.564429957923,0
27,340,"3",1.61120612414261,0,0,0,2,0,81.564429957923,0
27,344,"3",0.878069245022986,0,0,0,2,0,81.564429957923,0
27,348,"3",0.503916766991148,0,0,0,2,0,81.564429957923,0
27,360,"3",0.0867571419490792,0,0,0,2,0,81.564429957923,0
28,0,"1",0,1,1,100,1,0,52.3274753192231,0
28,0.5,"1",0.463467336218089,0,0,0,2,0,52.3274753192231,0
28,1,"1",0.886341944564303,0,0,0,2,0,52.3274753192231,0
28,2,"1",1.17662836673081,0,0,0,2,0,52.3274753192231,0
28,4,"1",1.15236675694058,0,0,0,2,0,52.3274753192231,0
28,8,"1",0.965811962868127,0,0,0,2,0,52.3274753192231,0
28,12,"1",0.711688318816732,0,0,0,2,0,52.3274753192231,0
28,24,"1",0.327557654823141,0,0,0,2,0,52.3274753192231,0
28,168,"2",0,1,1,100,1,0,52.3274753192231,0
28,168.5,"2",0.372381208166153,0,0,0,2,0,52.3274753192231,0
28,169,"2",0.64204319195315,0,0,0,2,0,52.3274753192231,0
28,170,"2",0.861452469889024,0,0,0,2,0,52.3274753192231,0
28,172,"2",1.20097880726806,0,0,0,2,0,52.3274753192231,0
28,176,"2",1.07530314273399,0,0,0,2,0,52.3274753192231,0
28,180,"2",0.817185720722734,0,0,0,2,0,52.3274753192231,0
28,192,"2",0.387400255936106,0,0,0,2,0,52.3274753192231,0
28,336,"3",0,1,1,100,1,0,52.3274753192231,0
28,336.5,"3",0.444910349853196,0,0,0,2,0,52.3274753192231,0
28,337,"3",0.736971206511914,0,0,0,2,0,52.3274753192231,0
28,338,"3",1.10923167407832,0,0,0,2,0,52.3274753192231,0
28,340,"3",1.40036914737718,0,0,0,2,0,52.3274753192231,0
28,344,"3",1.08396229238978,0,0,0,2,0,52.3274753192231,0
28,348,"3",0.803064887951008,0,0,0,2,0,52.3274753192231,0
28,360,"3",0.398157188664516,0,0,0,2,0,52.3274753192231,0
29,0,"1",0,1,1,100,1,0,68.8773992892148,1
29,0.5,"1",1.16955362380202,0,0,0,2,0,68.8773992892148,1
29,1,"1",1.70236494830626,0,0,0,2,0,68.8773992892148,1
29,2,"1",1.74460986123631,0,0,0,2,0,68.8773992892148,1
29,4,"1",1.24879752320903,0,0,0,2,0,68.8773992892148,1
29,8,"1",0.782263919197921,0,0,0,2,0,68.8773992892148,1
29,12,"1",0.637409210805338,0,0,0,2,0,68.8773992892148,1
29,24,"1",0.156372006995483,0,0,0,2,0,68.8773992892148,1
29,168,"2",0,1,1,100,1,0,68.8773992892148,1
29,168.5,"2",0.768964081838167,0,0,0,2,0,68.8773992892148,1
29,169,"2",1.10940764073812,0,0,0,2,0,68.8773992892148,1
29,170,"2",1.72707796965274,0,0,0,2,0,68.8773992892148,1
29,172,"2",1.33613027394401,0,0,0,2,0,68.8773992892148,1
29,176,"2",1.01191467688498,0,0,0,2,0,68.8773992892148,1
29,180,"2",0.514136004494894,0,0,0,2,0,68.8773992892148,1
29,192,"2",0.151877423245124,0,0,0,2,0,68.8773992892148,1
29,336,"3",0,1,1,100,1,0,68.8773992892148,1
29,336.5,"3",0.807337584085021,0,0,0,2,0,68.8773992892148,1
29,337,"3",1.9197089113095,0,0,0,2,0,68.8773992892148,1
29,338,"3",1.38994724582853,0,0,0,2,0,68.8773992892148,1
29,340,"3",1.45534222130928,0,0,0,2,0,68.8773992892148,1
29,344,"3",0.893836518278644,0,0,0,2,0,68.8773992892148,1
29,348,"3",0.538931332800566,0,0,0,2,0,68.8773992892148,1
29,360,"3",0.152498398033984,0,0,0,2,0,68.8773992892148,1
30,0,"1",0,1,1,100,1,0,59.6450799086442,0
30,0.5,"1",1.1196122911004,0,0,0,2,0,59.6450799086442,0
30,1,"1",1.34134645771527,0,0,0,2,0,59.6450799086442,0
30,2,"1",1.78706216583038,0,0,0,2,0,59.6450799086442,0
30,4,"1",1.27850211893346,0,0,0,2,0,59.6450799086442,0
30,8,"1",1.27031789259029,0,0,0,2,0,59.6450799086442,0
30,12,"1",1.00534622273563,0,0,0,2,0,59.6450799086442,0
30,24,"1",0.32959748845494,0,0,0,2,0,59.6450799086442,0
30,168,"2",0,1,1,100,1,0,59.6450799086442,0
30,168.5,"2",0.959720289424213,0,0,0,2,0,59.6450799086442,0
30,169,"2",1.70360945896871,0,0,0,2,0,59.6450799086442,0
30,170,"2",1.53779036863217,0,0,0,2,0,59.6450799086442,0
30,172,"2",1.63057908751835,0,0,0,2,0,59.6450799086442,0
30,176,"2",1.13147766183077,0,0,0,2,0,59.6450799086442,0
30,180,"2",0.919648758636368,0,0,0,2,0,59.6450799086442,0
30,192,"2",0.375041629207414,0,0,0,2,0,59.6450799086442,0
30,336,"3",0,1,1,100,1,0,59.6450799086442,0
30,336.5,"3",1.07362234285526,0,0,0,2,0,59.6450799086442,0
30,337,"3",1.45513850807696,0,0,0,2,0,59.6450799086442,0
30,338,"3",1.94276152723039,0,0,0,2,0,59.6450799086442,0
30,340,"3",1.81868473385667,0,0,0,2,0,59.6450799086442,0
30,344,"3",1.10014871356353,0,0,0,2,0,59.6450799086442,0
30,348,"3",0.877111391402792,0,0,0,2,0,59.6450799086442,0
30,360,"3",0.429335316953101,0,0,0,2,0,59.6450799086442,0
31,0,"1",0,1,1,100,1,0,66.3138614813443,0
31,0.5,"1",0.555872190793902,0,0,0,2,0,66.3138614813443,0
31,1,"1",0.9348268647394,0,0,0,2,0,66.3138614813443,0
31,2,"1",1.33476508109194,0,0,0,2,0,66.3138614813443,0
31,4,"1",1.09297922081881,0,0,0,2,0,66.3138614813443,0
31,8,"1",0.989756936610585,0,0,0,2,0,66.3138614813443,0
31,12,"1",0.765477588970988,0,0,0,2,0,66.3138614813443,0
31,24,"1",0.482594612734995,0,0,0,2,0,66.3138614813443,0
31,168,"2",0,1,1,100,1,0,66.3138614813443,0
31,168.5,"2",0.550489178675293,0,0,0,2,0,66.3138614813443,0
31,169,"2",0.902567903177853,0,0,0,2,0,66.3138614813443,0
31,170,"2",1.18441581692988,0,0,0,2,0,66.3138614813443,0
31,172,"2",1.3122759426562,0,0,0,2,0,66.3138614813443,0
31,176,"2",0.978848036894691,0,0,0,2,0,66.3138614813443,0
31,180,"2",0.86027612809876,0,0,0,2,0,66.3138614813443,0
31,192,"2",0.495873642641076,0,0,0,2,0,66.3138614813443,0
31,336,"3",0,1,1,100,1,0,66.3138614813443,0
31,336.5,"3",0.674222347962895,0,0,0,2,0,66.3138614813443,0
31,337,"3",0.85846101881632,0,0,0,2,0,66.3138614813443,0
31,338,"3",1.3685864989092,0,0,0,2,0,66.3138614813443,0
31,340,"3",1.32830945962661,0,0,0,2,0,66.3138614813443,0
31,344,"3",1.00798871616667,0,0,0,2,0,66.3138614813443,0
31,348,"3",0.790886246806573,0,0,0,2,0,66.3138614813443,0
31,360,"3",0.524561892221677,0,0,0,2,0,66.3138614813443,0
32,0,"1",0,1,1,100,1,0,74.4395687241482,1
32,0.5,"1",0.688408770185322,0,0,0,2,0,74.4395687241482,1
32,1,"1",0.977776465857443,0,0,0,2,0,74.4395687241482,1
32,2,"1",1.26469133930084,0,0,0,2,0,74.4395687241482,1
32,4,"1",1.32483648983134,0,0,0,2,0,74.4395687241482,1
32,8,"1",0.94679131895352,0,0,0,2,0,74.4395687241482,1
32,12,"1",0.697986546737252,0,0,0,2,0,74.4395687241482,1
32,24,"1",0.275694894140693,0,0,0,2,0,74.4395687241482,1
32,168,"2",0,1,1,100,1,0,74.4395687241482,1
32,168.5,"2",0.721510692321909,0,0,0,2,0,74.4395687241482,1
32,169,"2",0.938908155791563,0,0,0,2,0,74.4395687241482,1
32,170,"2",1.22117127046107,0,0,0,2,0,74.4395687241482,1
32,172,"2",1.33833157956963,0,0,0,2,0,74.4395687241482,1
32,176,"2",1.02465530113077,0,0,0,2,0,74.4395687241482,1
32,180,"2",0.570070222869082,0,0,0,2,0,74.4395687241482,1
32,192,"2",0.256998892924848,0,0,0,2,0,74.4395687241482,1
32,336,"3",0,1,1,100,1,0,74.4395687241482,1
32,336.5,"3",0.950000244040887,0,0,0,2,0,74.4395687241482,1
32,337,"3",1.26710639687988,0,0,0,2,0,74.4395687241482,1
32,338,"3",1.35800286306497,0,0,0,2,0,74.4395687241482,1
32,340,"3",1.2910840235365,0,0,0,2,0,74.4395687241482,1
32,344,"3",1.00255598725761,0,0,0,2,0,74.4395687241482,1
32,348,"3",0.650395175339929,0,0,0,2,0,74.4395687241482,1
32,360,"3",0.253609809399088,0,0,0,2,0,74.4395687241482,1
33,0,"1",0,1,1,100,1,0,88.4734596579171,1
33,0.5,"1",0.999874279428985,0,0,0,2,0,88.4734596579171,1
33,1,"1",1.23135424197332,0,0,0,2,0,88.4734596579171,1
33,2,"1",1.21444330439399,0,0,0,2,0,88.4734596579171,1
33,4,"1",1.23269602346516,0,0,0,2,0,88.4734596579171,1
33,8,"1",0.56247515830976,0,0,0,2,0,88.4734596579171,1
33,12,"1",0.271415565700404,0,0,0,2,0,88.4734596579171,1
33,24,"1",0.0310945110105284,0,0,0,2,0,88.4734596579171,1
33,168,"2",0,1,1,100,1,0,88.4734596579171,1
33,168.5,"2",0.674497511607352,0,0,0,2,0,88.4734596579171,1
33,169,"2",1.0546633730342,0,0,0,2,0,88.4734596579171,1
33,170,"2",1.57120494933643,0,0,0,2,0,88.4734596579171,1
33,172,"2",1.00772327058703,0,0,0,2,0,88.4734596579171,1
33,176,"2",0.553191109872276,0,0,0,2,0,88.4734596579171,1
33,180,"2",0.298525018633678,0,0,0,2,0,88.4734596579171,1
33,192,"2",0.0339781974965676,0,0,0,2,0,88.4734596579171,1
33,336,"3",0,1,1,100,1,0,88.4734596579171,1
33,336.5,"3",0.864385995413328,0,0,0,2,0,88.4734596579171,1
33,337,"3",1.46636845806725,0,0,0,2,0,88.4734596579171,1
33,338,"3",1.51297100668427,0,0,0,2,0,88.4734596579171,1
33,340,"3",1.00714404820426,0,0,0,2,0,88.4734596579171,1
33,344,"3",0.58891563105987,0,0,0,2,0,88.4734596579171,1
33,348,"3",0.29619951185505,0,0,0,2,0,88.4734596579171,1
33,360,"3",0.0378130999298013,0,0,0,2,0,88.4734596579171,1
34,0,"1",0,1,1,100,1,0,86.0891523262245,0
34,0.5,"1",0.545902011320068,0,0,0,2,0,86.0891523262245,0
34,1,"1",0.786604134507458,0,0,0,2,0,86.0891523262245,0
34,2,"1",1.01726135409107,0,0,0,2,0,86.0891523262245,0
34,4,"1",1.13384821199992,0,0,0,2,0,86.0891523262245,0
34,8,"1",0.84981020902805,0,0,0,2,0,86.0891523262245,0
34,12,"1",0.615869735570573,0,0,0,2,0,86.0891523262245,0
34,24,"1",0.44521982282319,0,0,0,2,0,86.0891523262245,0
34,168,"2",0,1,1,100,1,0,86.0891523262245,0
34,168.5,"2",0.336000471482628,0,0,0,2,0,86.0891523262245,0
34,169,"2",0.493775526312161,0,0,0,2,0,86.0891523262245,0
34,170,"2",0.882530908833065,0,0,0,2,0,86.0891523262245,0
34,172,"2",0.83443576063771,0,0,0,2,0,86.0891523262245,0
34,176,"2",0.785629853483945,0,0,0,2,0,86.0891523262245,0
34,180,"2",0.672697096554128,0,0,0,2,0,86.0891523262245,0
34,192,"2",0.434354436074537,0,0,0,2,0,86.0891523262245,0
34,336,"3",0,1,1,100,1,0,86.0891523262245,0
34,336.5,"3",0.255394670534801,0,0,0,2,0,86.0891523262245,0
34,337,"3",0.504126840515336,0,0,0,2,0,86.0891523262245,0
34,338,"3",0.78132382078078,0,0,0,2,0,86.0891523262245,0
34,340,"3",1.11378976779521,0,0,0,2,0,86.0891523262245,0
34,344,"3",0.890105826614916,0,0,0,2,0,86.0891523262245,0
34,348,"3",0.729198416972727,0,0,0,2,0,86.0891523262245,0
34,360,"3",0.447601727501276,0,0,0,2,0,86.0891523262245,0
35,0,"1",0,1,1,100,1,0,64.5765488690447,1
35,0.5,"1",1.07383201091701,0,0,0,2,0,64.5765488690447,1
35,1,"1",1.5877320365878,0,0,0,2,0,64.5765488690447,1
35,2,"1",1.95272236794313,0,0,0,2,0,64.5765488690447,1
35,4,"1",1.86379496763138,0,0,0,2,0,64.5765488690447,1
35,8,"1",1.14865437796869,0,0,0,2,0,64.5765488690447,1
35,12,"1",0.90339488826364,0,0,0,2,0,64.5765488690447,1
35,24,"1",0.338959397710464,0,0,0,2,0,64.5765488690447,1
35,168,"2",0,1,1,100,1,0,64.5765488690447,1
35,168.5,"2",1.09802056289659,0,0,0,2,0,64.5765488690447,1
35,169,"2",1.65994595807478,0,0,0,2,0,64.5765488690447,1
35,170,"2",1.87795996551054,0,0,0,2,0,64.5765488690447,1
35,172,"2",2.03800902171943,0,0,0,2,0,64.5765488690447,1
35,176,"2",1.12991849239254,0,0,0,2,0,64.5765488690447,1
35,180,"2",0.96909176656353,0,0,0,2,0,64.5765488690447,1
35,192,"2",0.321329270324703,0,0,0,2,0,64.5765488690447,1
35,336,"3",0,1,1,100,1,0,64.5765488690447,1
35,336.5,"3",0.960759062356039,0,0,0,2,0,64.5765488690447,1
35,337,"3",1.48065765935376,0,0,0,2,0,64.5765488690447,1
35,338,"3",1.70254467889408,0,0,0,2,0,64.5765488690447,1
35,340,"3",2.02077550311521,0,0,0,2,0,64.5765488690447,1
35,344,"3",1.1263934976733,0,0,0,2,0,64.5765488690447,1
35,348,"3",0.913784540330893,0,0,0,2,0,64.5765488690447,1
35,360,"3",0.370240670141444,0,0,0,2,0,64.5765488690447,1
36,0,"1",0,1,1,100,1,0,95.2957996459332,1
36,0.5,"1",0.386174124369996,0,0,0,2,0,95.2957996459332,1
36,1,"1",0.725443726345552,0,0,0,2,0,95.2957996459332,1
36,2,"1",1.33234496220377,0,0,0,2,0,95.2957996459332,1
36,4,"1",1.32046488738567,0,0,0,2,0,95.2957996459332,1
36,8,"1",0.942124990662689,0,0,0,2,0,95.2957996459332,1
36,12,"1",0.877147409059207,0,0,0,2,0,95.2957996459332,1
36,24,"1",0.49292794185678,0,0,0,2,0,95.2957996459332,1
36,168,"2",0,1,1,100,1,0,95.2957996459332,1
36,168.5,"2",0.447330871994221,0,0,0,2,0,95.2957996459332,1
36,169,"2",0.775178518641672,0,0,0,2,0,95.2957996459332,1
36,170,"2",1.11878293985227,0,0,0,2,0,95.2957996459332,1
36,172,"2",1.19871457517205,0,0,0,2,0,95.2957996459332,1
36,176,"2",0.989471981101481,0,0,0,2,0,95.2957996459332,1
36,180,"2",0.878025393951767,0,0,0,2,0,95.2957996459332,1
36,192,"2",0.402805227190121,0,0,0,2,0,95.2957996459332,1
36,336,"3",0,1,1,100,1,0,95.2957996459332,1
36,336.5,"3",0.206511202219754,0,0,0,2,0,95.2957996459332,1
36,337,"3",0.436145325036399,0,0,0,2,0,95.2957996459332,1
36,338,"3",0.56340069375327,0,0,0,2,0,95.2957996459332,1
36,340,"3",0.835253339531361,0,0,0,2,0,95.2957996459332,1
36,344,"3",0.977132776706344,0,0,0,2,0,95.2957996459332,1
36,348,"3",1.10228274851565,0,0,0,2,0,95.2957996459332,1
36,360,"3",0.50940933658465,0,0,0,2,0,95.2957996459332,1
37,0,"1",0,1,1,100,1,0,69.6704471790812,0
37,0.5,"1",0.66964108697056,0,0,0,2,0,69.6704471790812,0
37,1,"1",1.14081127269426,0,0,0,2,0,69.6704471790812,0
37,2,"1",1.16265907946055,0,0,0,2,0,69.6704471790812,0
37,4,"1",1.09114911707182,0,0,0,2,0,69.6704471790812,0
37,8,"1",0.768451344345029,0,0,0,2,0,69.6704471790812,0
37,12,"1",0.59894986239773,0,0,0,2,0,69.6704471790812,0
37,24,"1",0.337527476630915,0,0,0,2,0,69.6704471790812,0
37,168,"2",0,1,1,100,1,0,69.6704471790812,0
37,168.5,"2",0.844847638018127,0,0,0,2,0,69.6704471790812,0
37,169,"2",0.965210030728768,0,0,0,2,0,69.6704471790812,0
37,170,"2",1.31695409546978,0,0,0,2,0,69.6704471790812,0
37,172,"2",1.05571699667656,0,0,0,2,0,69.6704471790812,0
37,176,"2",0.915665140575579,0,0,0,2,0,69.6704471790812,0
37,180,"2",0.665989714895438,0,0,0,2,0,69.6704471790812,0
37,192,"2",0.301348459438731,0,0,0,2,0,69.6704471790812,0
37,336,"3",0,1,1,100,1,0,69.6704471790812,0
37,336.5,"3",0.56263582292372,0,0,0,2,0,69.6704471790812,0
37,337,"3",0.963075229543143,0,0,0,2,0,69.6704471790812,0
37,338,"3",1.32425865058069,0,0,0,2,0,69.6704471790812,0
37,340,"3",1.15473352018632,0,0,0,2,0,69.6704471790812,0
37,344,"3",0.904350073698801,0,0,0,2,0,69.6704471790812,0
37,348,"3",0.572460451029935,0,0,0,2,0,69.6704471790812,0
37,360,"3",0.276460525138881,0,0,0,2,0,69.6704471790812,0
38,0,"1",0,1,1,100,1,0,85.0005813915142,0
38,0.5,"1",0.607074126459133,0,0,0,2,0,85.0005813915142,0
38,1,"1",1.04464473691885,0,0,0,2,0,85.0005813915142,0
38,2,"1",1.32540762786032,0,0,0,2,0,85.0005813915142,0
38,4,"1",1.26787394415746,0,0,0,2,0,85.0005813915142,0
38,8,"1",1.05439515964547,0,0,0,2,0,85.0005813915142,0
38,12,"1",0.724593288014112,0,0,0,2,0,85.0005813915142,0
38,24,"1",0.429743317183638,0,0,0,2,0,85.0005813915142,0
38,168,"2",0,1,1,100,1,0,85.0005813915142,0
38,168.5,"2",0.696858874162766,0,0,0,2,0,85.0005813915142,0
38,169,"2",1.19434740292265,0,0,0,2,0,85.0005813915142,0
38,170,"2",1.37863389359508,0,0,0,2,0,85.0005813915142,0
38,172,"2",1.32467329692344,0,0,0,2,0,85.0005813915142,0
38,176,"2",1.09367662105539,0,0,0,2,0,85.0005813915142,0
38,180,"2",0.725730665092273,0,0,0,2,0,85.0005813915142,0
38,192,"2",0.474044275053927,0,0,0,2,0,85.0005813915142,0
38,336,"3",0,1,1,100,1,0,85.0005813915142,0
38,336.5,"3",0.84169784788866,0,0,0,2,0,85.0005813915142,0
38,337,"3",1.08311913335422,0,0,0,2,0,85.0005813915142,0
38,338,"3",1.67569826815895,0,0,0,2,0,85.0005813915142,0
38,340,"3",1.16066580949768,0,0,0,2,0,85.0005813915142,0
38,344,"3",1.06882849429956,0,0,0,2,0,85.0005813915142,0
38,348,"3",0.931001434390438,0,0,0,2,0,85.0005813915142,0
38,360,"3",0.462133351902437,0,0,0,2,0,85.0005813915142,0
39,0,"1",0,1,1,100,1,0,54.4942319793078,0
39,0.5,"1",0.550999665760004,0,0,0,2,0,54.4942319793078,0
39,1,"1",0.916503173772805,0,0,0,2,0,54.4942319793078,0
39,2,"1",1.21033909100469,0,0,0,2,0,54.4942319793078,0
39,4,"1",1.19191055101576,0,0,0,2,0,54.4942319793078,0
39,8,"1",1.241257044308,0,0,0,2,0,54.4942319793078,0
39,12,"1",1.00180105202681,0,0,0,2,0,54.4942319793078,0
39,24,"1",0.527278399947073,0,0,0,2,0,54.4942319793078,0
39,168,"2",0,1,1,100,1,0,54.4942319793078,0
39,168.5,"2",0.716284719847279,0,0,0,2,0,54.4942319793078,0
39,169,"2",1.07821294526016,0,0,0,2,0,54.4942319793078,0
39,170,"2",1.30969554829282,0,0,0,2,0,54.4942319793078,0
39,172,"2",1.44267117293387,0,0,0,2,0,54.4942319793078,0
39,176,"2",1.33575160721549,0,0,0,2,0,54.4942319793078,0
39,180,"2",1.13816678708768,0,0,0,2,0,54.4942319793078,0
39,192,"2",0.596937052288095,0,0,0,2,0,54.4942319793078,0
39,336,"3",0,1,1,100,1,0,54.4942319793078,0
39,336.5,"3",0.802536684526918,0,0,0,2,0,54.4942319793078,0
39,337,"3",1.34912958848174,0,0,0,2,0,54.4942319793078,0
39,338,"3",1.53444010952637,0,0,0,2,0,54.4942319793078,0
39,340,"3",1.65885055692435,0,0,0,2,0,54.4942319793078,0
39,344,"3",1.08989081478034,0,0,0,2,0,54.4942319793078,0
39,348,"3",1.01067937475458,0,0,0,2,0,54.4942319793078,0
39,360,"3",0.572951340754743,0,0,0,2,0,54.4942319793078,0
40,0,"1",0,1,1,100,1,0,82.5602374759743,1
40,0.5,"1",1.27710124051929,0,0,0,2,0,82.5602374759743,1
40,1,"1",1.92597281896066,0,0,0,2,0,82.5602374759743,1
40,2,"1",1.82457628146893,0,0,0,2,0,82.5602374759743,1
40,4,"1",1.17216485637012,0,0,0,2,0,82.5602374759743,1
40,8,"1",0.70547105635276,0,0,0,2,0,82.5602374759743,1
40,12,"1",0.373954681091776,0,0,0,2,0,82.5602374759743,1
40,24,"1",0.0477700582144127,0,0,0,2,0,82.5602374759743,1
40,168,"2",0,1,1,100,1,0,82.5602374759743,1
40,168.5,"2",1.35637149461258,0,0,0,2,0,82.5602374759743,1
40,169,"2",2.09173475256161,0,0,0,2,0,82.5602374759743,1
40,170,"2",1.94050706591879,0,0,0,2,0,82.5602374759743,1
40,172,"2",1.40108382595328,0,0,0,2,0,82.5602374759743,1
40,176,"2",0.738480010174193,0,0,0,2,0,82.5602374759743,1
40,180,"2",0.423732128490599,0,0,0,2,0,82.5602374759743,1
40,192,"2",0.0435449116460548,0,0,0,2,0,82.5602374759743,1
40,336,"3",0,1,1,100,1,0,82.5602374759743,1
40,336.5,"3",2.04389110354408,0,0,0,2,0,82.5602374759743,1
40,337,"3",2.26453349273432,0,0,0,2,0,82.5602374759743,1
40,338,"3",1.79267706301511,0,0,0,2,0,82.5602374759743,1
40,340,"3",1.119766399431,0,0,0,2,0,82.5602374759743,1
40,344,"3",0.704992685176978,0,0,0,2,0,82.5602374759743,1
40,348,"3",0.425642200799935,0,0,0,2,0,82.5602374759743,1
40,360,"3",0.0451911922159553,0,0,0,2,0,82.5602374759743,1
41,0,"1",0,1,1,100,1,0,64.034554119933,1
41,0.5,"1",1.60453470715704,0,0,0,2,0,64.034554119933,1
41,1,"1",1.49047215593203,0,0,0,2,0,64.034554119933,1
41,2,"1",1.72229081527916,0,0,0,2,0,64.034554119933,1
41,4,"1",1.01170133440423,0,0,0,2,0,64.034554119933,1
41,8,"1",0.479472768445887,0,0,0,2,0,64.034554119933,1
41,12,"1",0.203233149086148,0,0,0,2,0,64.034554119933,1
41,24,"1",0.0201662086888582,0,0,0,2,0,64.034554119933,1
41,168,"2",0,1,1,100,1,0,64.034554119933,1
41,168.5,"2",0.71637888086793,0,0,0,2,0,64.034554119933,1
41,169,"2",1.13428586197079,0,0,0,2,0,64.034554119933,1
41,170,"2",1.16193414701342,0,0,0,2,0,64.034554119933,1
41,172,"2",1.19683322081009,0,0,0,2,0,64.034554119933,1
41,176,"2",0.490603046381145,0,0,0,2,0,64.034554119933,1
41,180,"2",0.256054403919917,0,0,0,2,0,64.034554119933,1
41,192,"2",0.0253816261000077,0,0,0,2,0,64.034554119933,1
41,336,"3",0,1,1,100,1,0,64.034554119933,1
41,336.5,"3",0.785300230861578,0,0,0,2,0,64.034554119933,1
41,337,"3",1.17240451463824,0,0,0,2,0,64.034554119933,1
41,338,"3",1.46852151807258,0,0,0,2,0,64.034554119933,1
41,340,"3",1.07035077979742,0,0,0,2,0,64.034554119933,1
41,344,"3",0.481795739301127,0,0,0,2,0,64.034554119933,1
41,348,"3",0.224450866339826,0,0,0,2,0,64.034554119933,1
41,360,"3",0.0249763070244224,0,0,0,2,0,64.034554119933,1
42,0,"1",0,1,1,100,1,0,72.8134691978052,1
42,0.5,"1",0.501498338144544,0,0,0,2,0,72.8134691978052,1
42,1,"1",0.662689351541611,0,0,0,2,0,72.8134691978052,1
42,2,"1",1.33454252364152,0,0,0,2,0,72.8134691978052,1
42,4,"1",1.51398534761633,0,0,0,2,0,72.8134691978052,1
42,8,"1",1.20274696856328,0,0,0,2,0,72.8134691978052,1
42,12,"1",1.12722493470972,0,0,0,2,0,72.8134691978052,1
42,24,"1",0.711915559252335,0,0,0,2,0,72.8134691978052,1
42,168,"2",0,1,1,100,1,0,72.8134691978052,1
42,168.5,"2",0.329445586621741,0,0,0,2,0,72.8134691978052,1
42,169,"2",0.696504635774245,0,0,0,2,0,72.8134691978052,1
42,170,"2",1.104956296879,0,0,0,2,0,72.8134691978052,1
42,172,"2",1.4007283068055,0,0,0,2,0,72.8134691978052,1
42,176,"2",1.28587473085914,0,0,0,2,0,72.8134691978052,1
42,180,"2",1.30119182442312,0,0,0,2,0,72.8134691978052,1
42,192,"2",0.541642841150326,0,0,0,2,0,72.8134691978052,1
42,336,"3",0,1,1,100,1,0,72.8134691978052,1
42,336.5,"3",0.64661825894263,0,0,0,2,0,72.8134691978052,1
42,337,"3",1.03166787108122,0,0,0,2,0,72.8134691978052,1
42,338,"3",1.23684850875298,0,0,0,2,0,72.8134691978052,1
42,340,"3",1.77563373862059,0,0,0,2,0,72.8134691978052,1
42,344,"3",1.39926144874565,0,0,0,2,0,72.8134691978052,1
42,348,"3",1.05609208395293,0,0,0,2,0,72.8134691978052,1
42,360,"3",0.637226953752391,0,0,0,2,0,72.8134691978052,1
43,0,"1",0,1,1,100,1,0,70.5966054229835,1
43,0.5,"1",1.09707300463282,0,0,0,2,0,70.5966054229835,1
43,1,"1",1.32995417152539,0,0,0,2,0,70.5966054229835,1
43,2,"1",1.67163930460778,0,0,0,2,0,70.5966054229835,1
43,4,"1",1.8474201278252,0,0,0,2,0,70.5966054229835,1
43,8,"1",1.21157423133782,0,0,0,2,0,70.5966054229835,1
43,12,"1",0.79499004228499,0,0,0,2,0,70.5966054229835,1
43,24,"1",0.246751023234964,0,0,0,2,0,70.5966054229835,1
43,168,"2",0,1,1,100,1,0,70.5966054229835,1
43,168.5,"2",0.812055456628195,0,0,0,2,0,70.5966054229835,1
43,169,"2",1.30766312142778,0,0,0,2,0,70.5966054229835,1
43,170,"2",1.7019933336118,0,0,0,2,0,70.5966054229835,1
43,172,"2",1.69516321370951,0,0,0,2,0,70.5966054229835,1
43,176,"2",1.26232128550236,0,0,0,2,0,70.5966054229835,1
43,180,"2",0.875044802322555,0,0,0,2,0,70.5966054229835,1
43,192,"2",0.268769184793905,0,0,0,2,0,70.5966054229835,1
43,336,"3",0,1,1,100,1,0,70.5966054229835,1
43,336.5,"3",0.860651515506318,0,0,0,2,0,70.5966054229835,1
43,337,"3",1.54815392891303,0,0,0,2,0,70.5966054229835,1
43,338,"3",1.72923888575965,0,0,0,2,0,70.5966054229835,1
43,340,"3",1.55020324407458,0,0,0,2,0,70.5966054229835,1
43,344,"3",0.865926627094618,0,0,0,2,0,70.5966054229835,1
43,348,"3",0.847585193385562,0,0,0,2,0,70.5966054229835,1
43,360,"3",0.259579790420742,0,0,0,2,0,70.5966054229835,1
44,0,"1",0,1,1,100,1,0,60.4857538589319,0
44,0.5,"1",0.704195533890807,0,0,0,2,0,60.4857538589319,0
44,1,"1",1.14641344004877,0,0,0,2,0,60.4857538589319,0
44,2,"1",1.74080714134247,0,0,0,2,0,60.4857538589319,0
44,4,"1",1.53125189163404,0,0,0,2,0,60.4857538589319,0
44,8,"1",0.86912772253048,0,0,0,2,0,60.4857538589319,0
44,12,"1",0.603089010007898,0,0,0,2,0,60.4857538589319,0
44,24,"1",0.142625292370088,0,0,0,2,0,60.4857538589319,0
44,168,"2",0,1,1,100,1,0,60.4857538589319,0
44,168.5,"2",1.39709168067957,0,0,0,2,0,60.4857538589319,0
44,169,"2",1.67801325571812,0,0,0,2,0,60.4857538589319,0
44,170,"2",1.63133985866584,0,0,0,2,0,60.4857538589319,0
44,172,"2",1.50879092744328,0,0,0,2,0,60.4857538589319,0
44,176,"2",0.811302996091768,0,0,0,2,0,60.4857538589319,0
44,180,"2",0.525940876647754,0,0,0,2,0,60.4857538589319,0
44,192,"2",0.158590392590485,0,0,0,2,0,60.4857538589319,0
44,336,"3",0,1,1,100,1,0,60.4857538589319,0
44,336.5,"3",1.18939361218101,0,0,0,2,0,60.4857538589319,0
44,337,"3",1.45941165504289,0,0,0,2,0,60.4857538589319,0
44,338,"3",1.69456908732663,0,0,0,2,0,60.4857538589319,0
44,340,"3",1.33528990908426,0,0,0,2,0,60.4857538589319,0
44,344,"3",1.03737142518351,0,0,0,2,0,60.4857538589319,0
44,348,"3",0.413158556916756,0,0,0,2,0,60.4857538589319,0
44,360,"3",0.148218744461306,0,0,0,2,0,60.4857538589319,0
45,0,"1",0,1,1,100,1,0,62.1468108188277,1
45,0.5,"1",1.3995522786696,0,0,0,2,0,62.1468108188277,1
45,1,"1",1.96697395831247,0,0,0,2,0,62.1468108188277,1
45,2,"1",1.89839967408637,0,0,0,2,0,62.1468108188277,1
45,4,"1",1.87773643278975,0,0,0,2,0,62.1468108188277,1
45,8,"1",1.06384096313076,0,0,0,2,0,62.1468108188277,1
45,12,"1",0.631176290233893,0,0,0,2,0,62.1468108188277,1
45,24,"1",0.104989373916044,0,0,0,2,0,62.1468108188277,1
45,168,"2",0,1,1,100,1,0,62.1468108188277,1
45,168.5,"2",0.903111586543123,0,0,0,2,0,62.1468108188277,1
45,169,"2",1.49420365441731,0,0,0,2,0,62.1468108188277,1
45,170,"2",1.64820957887007,0,0,0,2,0,62.1468108188277,1
45,172,"2",1.39584889384051,0,0,0,2,0,62.1468108188277,1
45,176,"2",1.28968374644219,0,0,0,2,0,62.1468108188277,1
45,180,"2",0.554419753752196,0,0,0,2,0,62.1468108188277,1
45,192,"2",0.113815755149179,0,0,0,2,0,62.1468108188277,1
45,336,"3",0,1,1,100,1,0,62.1468108188277,1
45,336.5,"3",1.28539528883384,0,0,0,2,0,62.1468108188277,1
45,337,"3",2.04487287113612,0,0,0,2,0,62.1468108188277,1
45,338,"3",2.04732052620338,0,0,0,2,0,62.1468108188277,1
45,340,"3",1.48390226532252,0,0,0,2,0,62.1468108188277,1
45,344,"3",1.00389675243124,0,0,0,2,0,62.1468108188277,1
45,348,"3",0.583840744965785,0,0,0,2,0,62.1468108188277,1
45,360,"3",0.12147000489647,0,0,0,2,0,62.1468108188277,1
46,0,"1",0,1,1,100,1,0,52.3438266538923,0
46,0.5,"1",0.755488958272355,0,0,0,2,0,52.3438266538923,0
46,1,"1",1.27353250331135,0,0,0,2,0,52.3438266538923,0
46,2,"1",1.17696482180033,0,0,0,2,0,52.3438266538923,0
46,4,"1",1.01267623015107,0,0,0,2,0,52.3438266538923,0
46,8,"1",0.891907533754937,0,0,0,2,0,52.3438266538923,0
46,12,"1",0.735589363011337,0,0,0,2,0,52.3438266538923,0
46,24,"1",0.281445766808861,0,0,0,2,0,52.3438266538923,0
46,168,"2",0,1,1,100,1,0,52.3438266538923,0
46,168.5,"2",0.751326810105795,0,0,0,2,0,52.3438266538923,0
46,169,"2",1.0278314234284,0,0,0,2,0,52.3438266538923,0
46,170,"2",1.13331499147887,0,0,0,2,0,52.3438266538923,0
46,172,"2",1.06294919129821,0,0,0,2,0,52.3438266538923,0
46,176,"2",1.01405663589555,0,0,0,2,0,52.3438266538923,0
46,180,"2",0.72361868531193,0,0,0,2,0,52.3438266538923,0
46,192,"2",0.376442683295236,0,0,0,2,0,52.3438266538923,0
46,336,"3",0,1,1,100,1,0,52.3438266538923,0
46,336.5,"3",0.682339403448427,0,0,0,2,0,52.3438266538923,0
46,337,"3",1.03100871318264,0,0,0,2,0,52.3438266538923,0
46,338,"3",1.18973899682352,0,0,0,2,0,52.3438266538923,0
46,340,"3",1.09997015854541,0,0,0,2,0,52.3438266538923,0
46,344,"3",0.919985980051078,0,0,0,2,0,52.3438266538923,0
46,348,"3",0.74696933008633,0,0,0,2,0,52.3438266538923,0
46,360,"3",0.368609396262274,0,0,0,2,0,52.3438266538923,0
47,0,"1",0,1,1,100,1,0,93.4446258673059,0
47,0.5,"1",0.854708055685364,0,0,0,2,0,93.4446258673059,0
47,1,"1",1.20831042909898,0,0,0,2,0,93.4446258673059,0
47,2,"1",1.39446571970079,0,0,0,2,0,93.4446258673059,0
47,4,"1",1.20642286000923,0,0,0,2,0,93.4446258673059,0
47,8,"1",1.10045707800648,0,0,0,2,0,93.4446258673059,0
47,12,"1",0.905292590450914,0,0,0,2,0,93.4446258673059,0
47,24,"1",0.486522799066073,0,0,0,2,0,93.4446258673059,0
47,168,"2",0,1,1,100,1,0,93.4446258673059,0
47,168.5,"2",0.890828563183007,0,0,0,2,0,93.4446258673059,0
47,169,"2",1.04634990331426,0,0,0,2,0,93.4446258673059,0
47,170,"2",1.46210165657418,0,0,0,2,0,93.4446258673059,0
47,172,"2",1.18793077409978,0,0,0,2,0,93.4446258673059,0
47,176,"2",1.12267867535264,0,0,0,2,0,93.4446258673059,0
47,180,"2",0.816035063756173,0,0,0,2,0,93.4446258673059,0
47,192,"2",0.564169890359198,0,0,0,2,0,93.4446258673059,0
47,336,"3",0,1,1,100,1,0,93.4446258673059,0
47,336.5,"3",0.634655907782153,0,0,0,2,0,93.4446258673059,0
47,337,"3",1.11283154899485,0,0,0,2,0,93.4446258673059,0
47,338,"3",1.57961666796995,0,0,0,2,0,93.4446258673059,0
47,340,"3",1.22265817588262,0,0,0,2,0,93.4446258673059,0
47,344,"3",1.23661736918334,0,0,0,2,0,93.4446258673059,0
47,348,"3",0.85147177768552,0,0,0,2,0,93.4446258673059,0
47,360,"3",0.545960268284158,0,0,0,2,0,93.4446258673059,0
48,0,"1",0,1,1,100,1,0,80.9797752861764,0
48,0.5,"1",0.761880312185029,0,0,0,2,0,80.9797752861764,0
48,1,"1",1.32546874352309,0,0,0,2,0,80.9797752861764,0
48,2,"1",1.44745527961057,0,0,0,2,0,80.9797752861764,0
48,4,"1",1.24168453264013,0,0,0,2,0,80.9797752861764,0
48,8,"1",1.14880040243908,0,0,0,2,0,80.9797752861764,0
48,12,"1",0.705442555760956,0,0,0,2,0,80.9797752861764,0
48,24,"1",0.245243147727819,0,0,0,2,0,80.9797752861764,0
48,168,"2",0,1,1,100,1,0,80.9797752861764,0
48,168.5,"2",0.976860876509531,0,0,0,2,0,80.9797752861764,0
48,169,"2",1.42277495372304,0,0,0,2,0,80.9797752861764,0
48,170,"2",1.58050293181378,0,0,0,2,0,80.9797752861764,0
48,172,"2",1.25546215479319,0,0,0,2,0,80.9797752861764,0
48,176,"2",0.856928636103178,0,0,0,2,0,80.9797752861764,0
48,180,"2",0.742956541453674,0,0,0,2,0,80.9797752861764,0
48,192,"2",0.238849435084721,0,0,0,2,0,80.9797752861764,0
48,336,"3",0,1,1,100,1,0,80.9797752861764,0
48,336.5,"3",0.955474265871266,0,0,0,2,0,80.9797752861764,0
48,337,"3",1.14631859836214,0,0,0,2,0,80.9797752861764,0
48,338,"3",1.73046884652733,0,0,0,2,0,80.9797752861764,0
48,340,"3",1.35165236651771,0,0,0,2,0,80.9797752861764,0
48,344,"3",1.04360162558856,0,0,0,2,0,80.9797752861764,0
48,348,"3",0.720756983021192,0,0,0,2,0,80.9797752861764,0
48,360,"3",0.23674128156269,0,0,0,2,0,80.9797752861764,0
49,0,"1",0,1,1,100,1,0,50.0522938958493,1
49,0.5,"1",0.88314058320424,0,0,0,2,0,50.0522938958493,1
49,1,"1",1.23581480133049,0,0,0,2,0,50.0522938958493,1
49,2,"1",0.97767733991073,0,0,0,2,0,50.0522938958493,1
49,4,"1",1.15875335751847,0,0,0,2,0,50.0522938958493,1
49,8,"1",0.740843746622736,0,0,0,2,0,50.0522938958493,1
49,12,"1",0.59177147871852,0,0,0,2,0,50.0522938958493,1
49,24,"1",0.179218080668572,0,0,0,2,0,50.0522938958493,1
49,168,"2",0,1,1,100,1,0,50.0522938958493,1
49,168.5,"2",0.998057217548749,0,0,0,2,0,50.0522938958493,1
49,169,"2",1.33033524668792,0,0,0,2,0,50.0522938958493,1
49,170,"2",1.25166339197904,0,0,0,2,0,50.0522938958493,1
49,172,"2",1.27332312640776,0,0,0,2,0,50.0522938958493,1
49,176,"2",0.664947401621028,0,0,0,2,0,50.0522938958493,1
49,180,"2",0.60453453912821,0,0,0,2,0,50.0522938958493,1
49,192,"2",0.259051843218122,0,0,0,2,0,50.0522938958493,1
49,336,"3",0,1,1,100,1,0,50.0522938958493,1
49,336.5,"3",1.01434487004251,0,0,0,2,0,50.0522938958493,1
49,337,"3",1.45399809462955,0,0,0,2,0,50.0522938958493,1
49,338,"3",1.3850448898389,0,0,0,2,0,50.0522938958493,1
49,340,"3",1.15306122692711,0,0,0,2,0,50.0522938958493,1
49,344,"3",1.01720836104977,0,0,0,2,0,50.0522938958493,1
49,348,"3",0.610672445622554,0,0,0,2,0,50.0522938958493,1
49,360,"3",0.205612387296223,0,0,0,2,0,50.0522938958493,1
50,0,"1",0,1,1,100,1,0,71.458964639193,1
50,0.5,"1",0.424024840644709,0,0,0,2,0,71.458964639193,1
50,1,"1",0.771267420446352,0,0,0,2,0,71.458964639193,1
50,2,"1",1.20828810901318,0,0,0,2,0,71.458964639193,1
50,4,"1",1.46596882758862,0,0,0,2,0,71.458964639193,1
50,8,"1",1.339309881465,0,0,0,2,0,71.458964639193,1
50,12,"1",0.720380595629366,0,0,0,2,0,71.458964639193,1
50,24,"1",0.237281370830291,0,0,0,2,0,71.458964639193,1
50,168,"2",0,1,1,100,1,0,71.458964639193,1
50,168.5,"2",0.816714150484914,0,0,0,2,0,71.458964639193,1
50,169,"2",1.23240573686016,0,0,0,2,0,71.458964639193,1
50,170,"2",1.50554621149847,0,0,0,2,0,71.458964639193,1
50,172,"2",1.58433684823961,0,0,0,2,0,71.458964639193,1
50,176,"2",1.22675606249544,0,0,0,2,0,71.458964639193,1
50,180,"2",0.754050167437563,0,0,0,2,0,71.458964639193,1
50,192,"2",0.294149913603164,0,0,0,2,0,71.458964639193,1
50,336,"3",0,1,1,100,1,0,71.458964639193,1
50,336.5,"3",0.629559626490968,0,0,0,2,0,71.458964639193,1
50,337,"3",1.13292107112391,0,0,0,2,0,71.458964639193,1
50,338,"3",1.38923137704128,0,0,0,2,0,71.458964639193,1
50,340,"3",1.58319388001405,0,0,0,2,0,71.458964639193,1
50,344,"3",1.22231614861725,0,0,0,2,0,71.458964639193,1
50,348,"3",0.81881496532326,0,0,0,2,0,71.458964639193,1
50,360,"3",0.30140257785929,0,0,0,2,0,71.458964639193,1
51,0,"1",0,1,1,100,1,0,67.1635815212866,0
51,0.5,"1",0.568192453325352,0,0,0,2,0,67.1635815212866,0
51,1,"1",1.03056921984769,0,0,0,2,0,67.1635815212866,0
51,2,"1",1.42451697782238,0,0,0,2,0,67.1635815212866,0
51,4,"1",1.39329544473063,0,0,0,2,0,67.1635815212866,0
51,8,"1",1.01201860209463,0,0,0,2,0,67.1635815212866,0
51,12,"1",0.859573738582333,0,0,0,2,0,67.1635815212866,0
51,24,"1",0.411544222456221,0,0,0,2,0,67.1635815212866,0
51,168,"2",0,1,1,100,1,0,67.1635815212866,0
51,168.5,"2",0.839324808281848,0,0,0,2,0,67.1635815212866,0
51,169,"2",1.42521324401346,0,0,0,2,0,67.1635815212866,0
51,170,"2",1.40351478571883,0,0,0,2,0,67.1635815212866,0
51,172,"2",1.3567626097595,0,0,0,2,0,67.1635815212866,0
51,176,"2",1.14697087737959,0,0,0,2,0,67.1635815212866,0
51,180,"2",0.758913442629537,0,0,0,2,0,67.1635815212866,0
51,192,"2",0.324155157431488,0,0,0,2,0,67.1635815212866,0
51,336,"3",0,1,1,100,1,0,67.1635815212866,0
51,336.5,"3",0.719605771587906,0,0,0,2,0,67.1635815212866,0
51,337,"3",1.15280458773255,0,0,0,2,0,67.1635815212866,0
51,338,"3",1.83318707692923,0,0,0,2,0,67.1635815212866,0
51,340,"3",1.68995810699233,0,0,0,2,0,67.1635815212866,0
51,344,"3",1.19429005763464,0,0,0,2,0,67.1635815212866,0
51,348,"3",0.803544053791013,0,0,0,2,0,67.1635815212866,0
51,360,"3",0.352921498473939,0,0,0,2,0,67.1635815212866,0
52,0,"1",0,1,1,100,1,0,73.3765030839762,0
52,0.5,"1",0.602393457448742,0,0,0,2,0,73.3765030839762,0
52,1,"1",1.1124879877479,0,0,0,2,0,73.3765030839762,0
52,2,"1",1.50091038328752,0,0,0,2,0,73.3765030839762,0
52,4,"1",1.57002224717901,0,0,0,2,0,73.3765030839762,0
52,8,"1",1.46243341156501,0,0,0,2,0,73.3765030839762,0
52,12,"1",1.120356713385,0,0,0,2,0,73.3765030839762,0
52,24,"1",0.535400928299582,0,0,0,2,0,73.3765030839762,0
52,168,"2",0,1,1,100,1,0,73.3765030839762,0
52,168.5,"2",0.536875090815389,0,0,0,2,0,73.3765030839762,0
52,169,"2",0.915902915950715,0,0,0,2,0,73.3765030839762,0
52,170,"2",1.37088191551305,0,0,0,2,0,73.3765030839762,0
52,172,"2",1.35990435829977,0,0,0,2,0,73.3765030839762,0
52,176,"2",1.42203889166228,0,0,0,2,0,73.3765030839762,0
52,180,"2",1.31620695849852,0,0,0,2,0,73.3765030839762,0
52,192,"2",0.696515031981936,0,0,0,2,0,73.3765030839762,0
52,336,"3",0,1,1,100,1,0,73.3765030839762,0
52,336.5,"3",0.889939474270384,0,0,0,2,0,73.3765030839762,0
52,337,"3",1.45171357950596,0,0,0,2,0,73.3765030839762,0
52,338,"3",1.57354472963481,0,0,0,2,0,73.3765030839762,0
52,340,"3",1.74453812020489,0,0,0,2,0,73.3765030839762,0
52,344,"3",1.27776130423843,0,0,0,2,0,73.3765030839762,0
52,348,"3",1.25131079478568,0,0,0,2,0,73.3765030839762,0
52,360,"3",0.524695503564659,0,0,0,2,0,73.3765030839762,0
53,0,"1",0,1,1,100,1,0,93.0670620763697,0
53,0.5,"1",0.710497785990669,0,0,0,2,0,93.0670620763697,0
53,1,"1",1.11576002177701,0,0,0,2,0,93.0670620763697,0
53,2,"1",1.20431471009006,0,0,0,2,0,93.0670620763697,0
53,4,"1",1.15134788378907,0,0,0,2,0,93.0670620763697,0
53,8,"1",0.60473217603384,0,0,0,2,0,93.0670620763697,0
53,12,"1",0.551382502771522,0,0,0,2,0,93.0670620763697,0
53,24,"1",0.099723727847273,0,0,0,2,0,93.0670620763697,0
53,168,"2",0,1,1,100,1,0,93.0670620763697,0
53,168.5,"2",0.72168201514138,0,0,0,2,0,93.0670620763697,0
53,169,"2",1.38306752657115,0,0,0,2,0,93.0670620763697,0
53,170,"2",1.14544577690566,0,0,0,2,0,93.0670620763697,0
53,172,"2",1.00630473604396,0,0,0,2,0,93.0670620763697,0
53,176,"2",0.720989365654698,0,0,0,2,0,93.0670620763697,0
53,180,"2",0.425995046906211,0,0,0,2,0,93.0670620763697,0
53,192,"2",0.0989289130282646,0,0,0,2,0,93.0670620763697,0
53,336,"3",0,1,1,100,1,0,93.0670620763697,0
53,336.5,"3",0.799465496963153,0,0,0,2,0,93.0670620763697,0
53,337,"3",1.20627316279947,0,0,0,2,0,93.0670620763697,0
53,338,"3",1.29554191908312,0,0,0,2,0,93.0670620763697,0
53,340,"3",1.39361024069582,0,0,0,2,0,93.0670620763697,0
53,344,"3",0.553701847812645,0,0,0,2,0,93.0670620763697,0
53,348,"3",0.45073873899089,0,0,0,2,0,93.0670620763697,0
53,360,"3",0.098477089230342,0,0,0,2,0,93.0670620763697,0
54,0,"1",0,1,1,100,1,0,71.3354156551417,1
54,0.5,"1",0.899925320733049,0,0,0,2,0,71.3354156551417,1
54,1,"1",1.3439494663824,0,0,0,2,0,71.3354156551417,1
54,2,"1",1.57278171623844,0,0,0,2,0,71.3354156551417,1
54,4,"1",1.48536073652155,0,0,0,2,0,71.3354156551417,1
54,8,"1",1.0623861079268,0,0,0,2,0,71.3354156551417,1
54,12,"1",0.683781704726229,0,0,0,2,0,71.3354156551417,1
54,24,"1",0.230177718977091,0,0,0,2,0,71.3354156551417,1
54,168,"2",0,1,1,100,1,0,71.3354156551417,1
54,168.5,"2",0.997546807561698,0,0,0,2,0,71.3354156551417,1
54,169,"2",1.56327891419674,0,0,0,2,0,71.3354156551417,1
54,170,"2",1.76269914640231,0,0,0,2,0,71.3354156551417,1
54,172,"2",1.40070797035271,0,0,0,2,0,71.3354156551417,1
54,176,"2",1.15128375703477,0,0,0,2,0,71.3354156551417,1
54,180,"2",0.735465558550139,0,0,0,2,0,71.3354156551417,1
54,192,"2",0.217132793628034,0,0,0,2,0,71.3354156551417,1
54,336,"3",0,1,1,100,1,0,71.3354156551417,1
54,336.5,"3",1.31070814749151,0,0,0,2,0,71.3354156551417,1
54,337,"3",1.4620467203999,0,0,0,2,0,71.3354156551417,1
54,338,"3",1.82379394778875,0,0,0,2,0,71.3354156551417,1
54,340,"3",1.65387823905109,0,0,0,2,0,71.3354156551417,1
54,344,"3",0.922904001573658,0,0,0,2,0,71.3354156551417,1
54,348,"3",0.789009206673589,0,0,0,2,0,71.3354156551417,1
54,360,"3",0.195571791695006,0,0,0,2,0,71.3354156551417,1
55,0,"1",0,1,1,100,1,0,75.6789272363403,0
55,0.5,"1",0.628808269522936,0,0,0,2,0,75.6789272363403,0
55,1,"1",0.932323505498079,0,0,0,2,0,75.6789272363403,0
55,2,"1",1.3365459655832,0,0,0,2,0,75.6789272363403,0
55,4,"1",1.11927106651888,0,0,0,2,0,75.6789272363403,0
55,8,"1",0.995099866840805,0,0,0,2,0,75.6789272363403,0
55,12,"1",0.724026616048619,0,0,0,2,0,75.6789272363403,0
55,24,"1",0.294407848355634,0,0,0,2,0,75.6789272363403,0
55,168,"2",0,1,1,100,1,0,75.6789272363403,0
55,168.5,"2",0.788490268396504,0,0,0,2,0,75.6789272363403,0
55,169,"2",1.17262397348347,0,0,0,2,0,75.6789272363403,0
55,170,"2",1.88492928018416,0,0,0,2,0,75.6789272363403,0
55,172,"2",1.43794502257392,0,0,0,2,0,75.6789272363403,0
55,176,"2",1.11504956870892,0,0,0,2,0,75.6789272363403,0
55,180,"2",0.717798184792678,0,0,0,2,0,75.6789272363403,0
55,192,"2",0.343538665150163,0,0,0,2,0,75.6789272363403,0
55,336,"3",0,1,1,100,1,0,75.6789272363403,0
55,336.5,"3",0.589599443661187,0,0,0,2,0,75.6789272363403,0
55,337,"3",0.800213580387511,0,0,0,2,0,75.6789272363403,0
55,338,"3",1.38535563720328,0,0,0,2,0,75.6789272363403,0
55,340,"3",1.1929020010045,0,0,0,2,0,75.6789272363403,0
55,344,"3",1.0451439413775,0,0,0,2,0,75.6789272363403,0
55,348,"3",0.830421724251039,0,0,0,2,0,75.6789272363403,0
55,360,"3",0.320810387851316,0,0,0,2,0,75.6789272363403,0
56,0,"1",0,1,1,100,1,0,48.7481589396921,1
56,0.5,"1",1.07824419527801,0,0,0,2,0,48.7481589396921,1
56,1,"1",1.36826643168657,0,0,0,2,0,48.7481589396921,1
56,2,"1",2.18064655719744,0,0,0,2,0,48.7481589396921,1
56,4,"1",1.9269488773107,0,0,0,2,0,48.7481589396921,1
56,8,"1",1.33493033008833,0,0,0,2,0,48.7481589396921,1
56,12,"1",0.772532970326035,0,0,0,2,0,48.7481589396921,1
56,24,"1",0.199243639084709,0,0,0,2,0,48.7481589396921,1
56,168,"2",0,1,1,100,1,0,48.7481589396921,1
56,168.5,"2",0.886427731479435,0,0,0,2,0,48.7481589396921,1
56,169,"2",1.72367484922915,0,0,0,2,0,48.7481589396921,1
56,170,"2",2.09826206703639,0,0,0,2,0,48.7481589396921,1
56,172,"2",2.04767545891556,0,0,0,2,0,48.7481589396921,1
56,176,"2",1.21414702999839,0,0,0,2,0,48.7481589396921,1
56,180,"2",0.908843653427701,0,0,0,2,0,48.7481589396921,1
56,192,"2",0.268645157636866,0,0,0,2,0,48.7481589396921,1
56,336,"3",0,1,1,100,1,0,48.7481589396921,1
56,336.5,"3",0.756547492966557,0,0,0,2,0,48.7481589396921,1
56,337,"3",1.34603586837858,0,0,0,2,0,48.7481589396921,1
56,338,"3",1.62829948633181,0,0,0,2,0,48.7481589396921,1
56,340,"3",1.6553276300483,0,0,0,2,0,48.7481589396921,1
56,344,"3",1.24314898442665,0,0,0,2,0,48.7481589396921,1
56,348,"3",0.914690604757872,0,0,0,2,0,48.7481589396921,1
56,360,"3",0.219372221815339,0,0,0,2,0,48.7481589396921,1
57,0,"1",0,1,1,100,1,0,59.82858795844,0
57,0.5,"1",0.718187232146626,0,0,0,2,0,59.82858795844,0
57,1,"1",1.09961225800214,0,0,0,2,0,59.82858795844,0
57,2,"1",1.34477147683682,0,0,0,2,0,59.82858795844,0
57,4,"1",1.18204431568466,0,0,0,2,0,59.82858795844,0
57,8,"1",0.684550382516605,0,0,0,2,0,59.82858795844,0
57,12,"1",0.35815694578785,0,0,0,2,0,59.82858795844,0
57,24,"1",0.0659413681734618,0,0,0,2,0,59.82858795844,0
57,168,"2",0,1,1,100,1,0,59.82858795844,0
57,168.5,"2",1.34795561814504,0,0,0,2,0,59.82858795844,0
57,169,"2",1.61366682018305,0,0,0,2,0,59.82858795844,0
57,170,"2",2.03500632082366,0,0,0,2,0,59.82858795844,0
57,172,"2",1.26718808684662,0,0,0,2,0,59.82858795844,0
57,176,"2",0.592369571636082,0,0,0,2,0,59.82858795844,0
57,180,"2",0.343650622884978,0,0,0,2,0,59.82858795844,0
57,192,"2",0.0408121489657869,0,0,0,2,0,59.82858795844,0
57,336,"3",0,1,1,100,1,0,59.82858795844,0
57,336.5,"3",0.735279932433482,0,0,0,2,0,59.82858795844,0
57,337,"3",1.45761943673844,0,0,0,2,0,59.82858795844,0
57,338,"3",1.40615532072762,0,0,0,2,0,59.82858795844,0
57,340,"3",1.29544444107824,0,0,0,2,0,59.82858795844,0
57,344,"3",0.706561903628569,0,0,0,2,0,59.82858795844,0
57,348,"3",0.367847341698756,0,0,0,2,0,59.82858795844,0
57,360,"3",0.0436482454118559,0,0,0,2,0,59.82858795844,0
58,0,"1",0,1,1,100,1,0,71.286468241691,1
58,0.5,"1",0.698419792869589,0,0,0,2,0,71.286468241691,1
58,1,"1",1.2524668816186,0,0,0,2,0,71.286468241691,1
58,2,"1",1.8979167073957,0,0,0,2,0,71.286468241691,1
58,4,"1",1.71352436451011,0,0,0,2,0,71.286468241691,1
58,8,"1",1.69796911423194,0,0,0,2,0,71.286468241691,1
58,12,"1",1.13247786181058,0,0,0,2,0,71.286468241691,1
58,24,"1",0.894378987420306,0,0,0,2,0,71.286468241691,1
58,168,"2",0,1,1,100,1,0,71.286468241691,1
58,168.5,"2",0.908784714144271,0,0,0,2,0,71.286468241691,1
58,169,"2",1.32020087782863,0,0,0,2,0,71.286468241691,1
58,170,"2",1.88153941934483,0,0,0,2,0,71.286468241691,1
58,172,"2",1.72921517691447,0,0,0,2,0,71.286468241691,1
58,176,"2",1.50514462471754,0,0,0,2,0,71.286468241691,1
58,180,"2",1.33857334567344,0,0,0,2,0,71.286468241691,1
58,192,"2",0.769365346895259,0,0,0,2,0,71.286468241691,1
58,336,"3",0,1,1,100,1,0,71.286468241691,1
58,336.5,"3",0.643289404629305,0,0,0,2,0,71.286468241691,1
58,337,"3",1.00808558806503,0,0,0,2,0,71.286468241691,1
58,338,"3",1.55276760195072,0,0,0,2,0,71.286468241691,1
58,340,"3",1.78296487163699,0,0,0,2,0,71.286468241691,1
58,344,"3",1.35748560380745,0,0,0,2,0,71.286468241691,1
58,348,"3",1.32097420596951,0,0,0,2,0,71.286468241691,1
58,360,"3",0.770499957115656,0,0,0,2,0,71.286468241691,1
59,0,"1",0,1,1,100,1,0,85.4607801420191,1
59,0.5,"1",0.905580460904708,0,0,0,2,0,85.4607801420191,1
59,1,"1",1.32257712771808,0,0,0,2,0,85.4607801420191,1
59,2,"1",1.52714685781286,0,0,0,2,0,85.4607801420191,1
59,4,"1",1.49505058304802,0,0,0,2,0,85.4607801420191,1
59,8,"1",1.0335475378922,0,0,0,2,0,85.4607801420191,1
59,12,"1",0.68008462523492,0,0,0,2,0,85.4607801420191,1
59,24,"1",0.248865805167514,0,0,0,2,0,85.4607801420191,1
59,168,"2",0,1,1,100,1,0,85.4607801420191,1
59,168.5,"2",1.03667981742755,0,0,0,2,0,85.4607801420191,1
59,169,"2",1.39853511815821,0,0,0,2,0,85.4607801420191,1
59,170,"2",1.76729331613388,0,0,0,2,0,85.4607801420191,1
59,172,"2",1.41141683830166,0,0,0,2,0,85.4607801420191,1
59,176,"2",0.976477147189353,0,0,0,2,0,85.4607801420191,1
59,180,"2",0.717849093135232,0,0,0,2,0,85.4607801420191,1
59,192,"2",0.242863445322832,0,0,0,2,0,85.4607801420191,1
59,336,"3",0,1,1,100,1,0,85.4607801420191,1
59,336.5,"3",0.942931897841934,0,0,0,2,0,85.4607801420191,1
59,337,"3",0.912106919697103,0,0,0,2,0,85.4607801420191,1
59,338,"3",1.87933688712496,0,0,0,2,0,85.4607801420191,1
59,340,"3",1.45986435947133,0,0,0,2,0,85.4607801420191,1
59,344,"3",0.988976901600161,0,0,0,2,0,85.4607801420191,1
59,348,"3",0.732373804082974,0,0,0,2,0,85.4607801420191,1
59,360,"3",0.301126556057716,0,0,0,2,0,85.4607801420191,1
60,0,"1",0,1,1,100,1,0,40,0
60,0.5,"1",0.70817215182951,0,0,0,2,0,40,0
60,1,"1",1.1412115109887,0,0,0,2,0,40,0
60,2,"1",1.6467552400592,0,0,0,2,0,40,0
60,4,"1",1.73915645528872,0,0,0,2,0,40,0
60,8,"1",1.5190874171534,0,0,0,2,0,40,0
60,12,"1",1.13714576215832,0,0,0,2,0,40,0
60,24,"1",0.499691164503473,0,0,0,2,0,40,0
60,168,"2",0,1,1,100,1,0,40,0
60,168.5,"2",1.31306809442821,0,0,0,2,0,40,0
60,169,"2",1.77462493029885,0,0,0,2,0,40,0
60,170,"2",2.06559356715702,0,0,0,2,0,40,0
60,172,"2",1.87169349085644,0,0,0,2,0,40,0
60,176,"2",1.37942860103069,0,0,0,2,0,40,0
60,180,"2",1.13346952702015,0,0,0,2,0,40,0
60,192,"2",0.50686551025058,0,0,0,2,0,40,0
60,336,"3",0,1,1,100,1,0,40,0
60,336.5,"3",0.653452750784212,0,0,0,2,0,40,0
60,337,"3",1.31349299979797,0,0,0,2,0,40,0
60,338,"3",1.74964101468367,0,0,0,2,0,40,0
60,340,"3",1.83585487694677,0,0,0,2,0,40,0
60,344,"3",1.48821545410938,0,0,0,2,0,40,0
60,348,"3",1.11067594500865,0,0,0,2,0,40,0
60,360,"3",0.60558558738627,0,0,0,2,0,40,0
