"NMID","TIME","DV","MDV","EVID","AMT","CMT","BLQ","WT","SEX","PNA"
1,0,0,1,1,50,1,0,65.8087305690164,1,20.88963955082
1,0.5,0.627463895390497,0,0,0,2,0,65.8087305690164,1,20.88963955082
1,1,0.812307248344315,0,0,0,2,0,65.8087305690164,1,20.88963955082
1,2,1.2131141979864,0,0,0,2,0,65.8087305690164,1,20.88963955082
1,4,0.76482690628493,0,0,0,2,0,65.8087305690164,1,20.88963955082
1,6,0.896361179775694,0,0,0,2,0,65.8087305690164,1,20.88963955082
1,8,0.720446596844312,0,0,0,2,0,65.8087305690164,1,20.88963955082
1,12,0.361518096915866,0,0,0,2,0,65.8087305690164,1,20.88963955082
1,24,0.0371773996221062,0,0,0,2,0,65.8087305690164,1,20.88963955082
2,0,0,1,1,50,1,0,76.0079088024727,1,3.03149355016649
2,0.5,0.750003490230529,0,0,0,2,0,76.0079088024727,1,3.03149355016649
2,1,1.62261229712904,0,0,0,2,0,76.0079088024727,1,3.03149355016649
2,2,1.93188469381498,0,0,0,2,0,76.0079088024727,1,3.03149355016649
2,4,1.99759331230785,0,0,0,2,0,76.0079088024727,1,3.03149355016649
2,6,2.32579023404608,0,0,0,2,0,76.0079088024727,1,3.03149355016649
2,8,1.91203467353836,0,0,0,2,0,76.0079088024727,1,3.03149355016649
2,12,2.69008753947343,0,0,0,2,0,76.0079088024727,1,3.03149355016649
2,24,2.33006332233649,0,0,0,2,0,76.0079088024727,1,3.03149355016649
3,0,0,1,1,50,1,0,60.5864564697925,0,23.301914870739
3,0.5,0.754258296237529,0,0,0,2,0,60.5864564697925,0,23.301914870739
3,1,1.17369991244535,0,0,0,2,0,60.5864564697925,0,23.301914870739
3,2,1.41115676981306,0,0,0,2,0,60.5864564697925,0,23.301914870739
3,4,1.11902334244383,0,0,0,2,0,60.5864564697925,0,23.301914870739
3,6,0.959300986034095,0,0,0,2,0,60.5864564697925,0,23.301914870739
3,8,0.715323361872323,0,0,0,2,0,60.5864564697925,0,23.301914870739
3,12,0.38994503355059,0,0,0,2,0,60.5864564697925,0,23.301914870739
3,24,0.0870840513312399,0,0,0,2,0,60.5864564697925,0,23.301914870739
4,0,0,1,1,50,1,0,60.3037831615579,0,6.96510699484497
4,0.5,1.01499282881009,0,0,0,2,0,60.3037831615579,0,6.96510699484497
4,1,1.35346930734476,0,0,0,2,0,60.3037831615579,0,6.96510699484497
4,2,1.80801408671075,0,0,0,2,0,60.3037831615579,0,6.96510699484497
4,4,2.31179353047406,0,0,0,2,0,60.3037831615579,0,6.96510699484497
4,6,1.86412223800839,0,0,0,2,0,60.3037831615579,0,6.96510699484497
4,8,2.16268298952859,0,0,0,2,0,60.3037831615579,0,6.96510699484497
4,12,2.15705621863067,0,0,0,2,0,60.3037831615579,0,6.96510699484497
4,24,1.61581147120336,0,0,0,2,0,60.3037831615579,0,6.96510699484497
5,0,0,1,1,50,1,0,70.9129343250027,0,9.43118047015741
5,0.5,0.357960623927505,0,0,0,2,0,70.9129343250027,0,9.43118047015741
5,1,0.725121987007868,0,0,0,2,0,70.9129343250027,0,9.43118047015741
5,2,1.02552247362827,0,0,0,2,0,70.9129343250027,0,9.43118047015741
5,4,1.46550126412041,0,0,0,2,0,70.9129343250027,0,9.43118047015741
5,6,1.32064933126678,0,0,0,2,0,70.9129343250027,0,9.43118047015741
5,8,1.12162759014467,0,0,0,2,0,70.9129343250027,0,9.43118047015741
5,12,1.10108463345609,0,0,0,2,0,70.9129343250027,0,9.43118047015741
5,24,0.633615468626336,0,0,0,2,0,70.9129343250027,0,9.43118047015741
6,0,0,1,1,50,1,0,55.6927515193065,1,4.03485445538536
6,0.5,0.69917703588088,0,0,0,2,0,55.6927515193065,1,4.03485445538536
6,1,1.02428346397466,0,0,0,2,0,55.6927515193065,1,4.03485445538536
6,2,1.69811664902198,0,0,0,2,0,55.6927515193065,1,4.03485445538536
6,4,1.90524668006798,0,0,0,2,0,55.6927515193065,1,4.03485445538536
6,6,1.67383709132531,0,0,0,2,0,55.6927515193065,1,4.03485445538536
6,8,1.65808694356903,0,0,0,2,0,55.6927515193065,1,4.03485445538536
6,12,1.98279406785891,0,0,0,2,0,55.6927515193065,1,4.03485445538536
6,24,1.61275768223852,0,0,0,2,0,55.6927515193065,1,4.03485445538536
7,0,0,1,1,50,1,0,79.9138135754882,0,5.05304187024012
7,0.5,0.606276882173758,0,0,0,2,0,79.9138135754882,0,5.05304187024012
7,1,1.14046516962878,0,0,0,2,0,79.9138135754882,0,5.05304187024012
7,2,1.31513090116938,0,0,0,2,0,79.9138135754882,0,5.05304187024012
7,4,1.57501938490698,0,0,0,2,0,79.9138135754882,0,5.05304187024012
7,6,1.56941467009066,0,0,0,2,0,79.9138135754882,0,5.05304187024012
7,8,1.40965593459246,0,0,0,2,0,79.9138135754882,0,5.05304187024012
7,12,1.60978496492837,0,0,0,2,0,79.9138135754882,0,5.05304187024012
7,24,1.25061838967031,0,0,0,2,0,79.9138135754882,0,5.05304187024012
8,0,0,1,1,50,1,0,73.4324892531227,1,27.9995818720199
8,0.5,1.30452700167069,0,0,0,2,0,73.4324892531227,1,27.9995818720199
8,1,1.39383060732203,0,0,0,2,0,73.4324892531227,1,27.9995818720199
8,2,1.43656373338351,0,0,0,2,0,73.4324892531227,1,27.9995818720199
8,4,1.04383648739461,0,0,0,2,0,73.4324892531227,1,27.9995818720199
8,6,0.528211276824756,0,0,0,2,0,73.4324892531227,1,27.9995818720199
8,8,0.256099124017114,0,0,0,2,0,73.4324892531227,1,27.9995818720199
8,12,0.0690563950197626,0,0,0,2,0,73.4324892531227,1,27.9995818720199
8,24,0.00270667076971547,0,0,0,2,0,73.4324892531227,1,27.9995818720199
9,0,0,1,1,50,1,0,58.017478147432,0,29.8398519926704
9,0.5,1.02247370892162,0,0,0,2,0,58.017478147432,0,29.8398519926704
9,1,1.56329634646408,0,0,0,2,0,58.017478147432,0,29.8398519926704
9,2,1.35801859417778,0,0,0,2,0,58.017478147432,0,29.8398519926704
9,4,0.798701677694094,0,0,0,2,0,58.017478147432,0,29.8398519926704
9,6,0.490580803567458,0,0,0,2,0,58.017478147432,0,29.8398519926704
9,8,0.23646418782463,0,0,0,2,0,58.017478147432,0,29.8398519926704
9,12,0.0652299806598937,0,0,0,2,0,58.017478147432,0,29.8398519926704
9,24,0.00236083265047643,0,0,0,2,0,58.017478147432,0,29.8398519926704
10,0,0,1,1,50,1,0,105.732930186086,1,23.6376722799614
10,0.5,0.543925743892027,0,0,0,2,0,105.732930186086,1,23.6376722799614
10,1,0.835842657620681,0,0,0,2,0,105.732930186086,1,23.6376722799614
10,2,1.35505122237885,0,0,0,2,0,105.732930186086,1,23.6376722799614
10,4,0.94312796606067,0,0,0,2,0,105.732930186086,1,23.6376722799614
10,6,0.706635395466481,0,0,0,2,0,105.732930186086,1,23.6376722799614
10,8,0.53851630629949,0,0,0,2,0,105.732930186086,1,23.6376722799614
10,12,0.146520502414216,0,0,0,2,0,105.732930186086,1,23.6376722799614
10,24,0.0163493574552355,0,0,0,2,0,105.732930186086,1,23.6376722799614
11,0,0,1,1,50,1,0,83.8123289968859,0,6.9127032244578
11,0.5,0.878299293263421,0,0,0,2,0,83.8123289968859,0,6.9127032244578
11,1,1.1013786096261,0,0,0,2,0,83.8123289968859,0,6.9127032244578
11,2,1.21138111112282,0,0,0,2,0,83.8123289968859,0,6.9127032244578
11,4,1.56409134157775,0,0,0,2,0,83.8123289968859,0,6.9127032244578
11,6,1.12547972025122,0,0,0,2,0,83.8123289968859,0,6.9127032244578
11,8,1.10967511522063,0,0,0,2,0,83.8123289968859,0,6.9127032244578
11,12,1.25083261005532,0,0,0,2,0,83.8123289968859,0,6.9127032244578
11,24,0.830277824662223,0,0,0,2,0,83.8123289968859,0,6.9127032244578
12,0,0,1,1,50,1,0,63.1181460989942,0,7.20984996855259
12,0.5,0.536453404918008,0,0,0,2,0,63.1181460989942,0,7.20984996855259
12,1,0.695950756517706,0,0,0,2,0,63.1181460989942,0,7.20984996855259
12,2,1.32144040271412,0,0,0,2,0,63.1181460989942,0,7.20984996855259
12,4,1.47458575786713,0,0,0,2,0,63.1181460989942,0,7.20984996855259
12,6,1.40873115784468,0,0,0,2,0,63.1181460989942,0,7.20984996855259
12,8,1.11280659931789,0,0,0,2,0,63.1181460989942,0,7.20984996855259
12,12,1.38010350892047,0,0,0,2,0,63.1181460989942,0,7.20984996855259
12,24,1.1542315174411,0,0,0,2,0,63.1181460989942,0,7.20984996855259
13,0,0,1,1,50,1,0,67.7028738148793,0,26.8857451896183
13,0.5,1.11147933065852,0,0,0,2,0,67.7028738148793,0,26.8857451896183
13,1,1.52174222731133,0,0,0,2,0,67.7028738148793,0,26.8857451896183
13,2,1.28227443472937,0,0,0,2,0,67.7028738148793,0,26.8857451896183
13,4,0.950606526730355,0,0,0,2,0,67.7028738148793,0,26.8857451896183
13,6,0.540173636091245,0,0,0,2,0,67.7028738148793,0,26.8857451896183
13,8,0.427224308107822,0,0,0,2,0,67.7028738148793,0,26.8857451896183
13,12,0.2009779468978,0,0,0,2,0,67.7028738148793,0,26.8857451896183
13,24,0.0149348334455038,0,0,0,2,0,67.7028738148793,0,26.8857451896183
14,0,0,1,1,50,1,0,87.6205297418164,1,14.3909711404704
14,0.5,0.480295202175279,0,0,0,2,0,87.6205297418164,1,14.3909711404704
14,1,0.821692803205167,0,0,0,2,0,87.6205297418164,1,14.3909711404704
14,2,1.28711125507329,0,0,0,2,0,87.6205297418164,1,14.3909711404704
14,4,1.32374655261497,0,0,0,2,0,87.6205297418164,1,14.3909711404704
14,6,0.988217264391123,0,0,0,2,0,87.6205297418164,1,14.3909711404704
14,8,0.929706621679817,0,0,0,2,0,87.6205297418164,1,14.3909711404704
14,12,0.42735746176909,0,0,0,2,0,87.6205297418164,1,14.3909711404704
14,24,0.125400737131791,0,0,0,2,0,87.6205297418164,1,14.3909711404704
15,0,0,1,1,50,1,0,67.6690711348544,1,25.3041547616012
15,0.5,0.765213972544784,0,0,0,2,0,67.6690711348544,1,25.3041547616012
15,1,1.10068643552139,0,0,0,2,0,67.6690711348544,1,25.3041547616012
15,2,1.46501190425267,0,0,0,2,0,67.6690711348544,1,25.3041547616012
15,4,0.986794854669239,0,0,0,2,0,67.6690711348544,1,25.3041547616012
15,6,0.800950025218368,0,0,0,2,0,67.6690711348544,1,25.3041547616012
15,8,0.569964900915423,0,0,0,2,0,67.6690711348544,1,25.3041547616012
15,12,0.200747521482135,0,0,0,2,0,67.6690711348544,1,25.3041547616012
15,24,0.0240271119291358,0,0,0,2,0,67.6690711348544,1,25.3041547616012
16,0,0,1,1,50,1,0,64.2901637109806,0,38.8397875167429
16,0.5,1.25297265474343,0,0,0,2,0,64.2901637109806,0,38.8397875167429
16,1,1.16885662874918,0,0,0,2,0,64.2901637109806,0,38.8397875167429
16,2,1.43568109605447,0,0,0,2,0,64.2901637109806,0,38.8397875167429
16,4,0.781812908678562,0,0,0,2,0,64.2901637109806,0,38.8397875167429
16,6,0.443562479045523,0,0,0,2,0,64.2901637109806,0,38.8397875167429
16,8,0.233008048335432,0,0,0,2,0,64.2901637109806,0,38.8397875167429
16,12,0.0593432960913169,0,0,0,2,0,64.2901637109806,0,38.8397875167429
16,24,0.00122425399909372,0,0,0,2,0,64.2901637109806,0,38.8397875167429
17,0,0,1,1,50,1,0,56.6182957373186,0,6.54530703090131
17,0.5,0.715001015398595,0,0,0,2,0,56.6182957373186,0,6.54530703090131
17,1,1.19638025612936,0,0,0,2,0,56.6182957373186,0,6.54530703090131
17,2,1.6440442112725,0,0,0,2,0,56.6182957373186,0,6.54530703090131
17,4,1.50260432023268,0,0,0,2,0,56.6182957373186,0,6.54530703090131
17,6,1.68482484099927,0,0,0,2,0,56.6182957373186,0,6.54530703090131
17,8,1.33798757819688,0,0,0,2,0,56.6182957373186,0,6.54530703090131
17,12,1.49770949913883,0,0,0,2,0,56.6182957373186,0,6.54530703090131
17,24,0.973945923975532,0,0,0,2,0,56.6182957373186,0,6.54530703090131
18,0,0,1,1,50,1,0,71.1660794895659,0,15.0685613425449
18,0.5,0.510722042686625,0,0,0,2,0,71.1660794895659,0,15.0685613425449
18,1,1.02744572789841,0,0,0,2,0,71.1660794895659,0,15.0685613425449
18,2,1.31068974840162,0,0,0,2,0,71.1660794895659,0,15.0685613425449
18,4,1.82060346514955,0,0,0,2,0,71.1660794895659,0,15.0685613425449
18,6,1.50967889490245,0,0,0,2,0,71.1660794895659,0,15.0685613425449
18,8,1.20590887671863,0,0,0,2,0,71.1660794895659,0,15.0685613425449
18,12,0.781298060521255,0,0,0,2,0,71.1660794895659,0,15.0685613425449
18,24,0.151841999649893,0,0,0,2,0,71.1660794895659,0,15.0685613425449
19,0,0,1,1,50,1,0,64.1721769460607,1,25.5084243747406
19,0.5,0.373418631878506,0,0,0,2,0,64.1721769460607,1,25.5084243747406
19,1,0.739509675744634,0,0,0,2,0,64.1721769460607,1,25.5084243747406
19,2,1.11894080665893,0,0,0,2,0,64.1721769460607,1,25.5084243747406
19,4,0.984611457477895,0,0,0,2,0,64.1721769460607,1,25.5084243747406
19,6,0.753403022839713,0,0,0,2,0,64.1721769460607,1,25.5084243747406
19,8,0.594202483559334,0,0,0,2,0,64.1721769460607,1,25.5084243747406
19,12,0.291382072289428,0,0,0,2,0,64.1721769460607,1,25.5084243747406
19,24,0.0394850202846657,0,0,0,2,0,64.1721769460607,1,25.5084243747406
20,0,0,1,1,50,1,0,73.994974314296,1,8.46818665741012
20,0.5,1.48326499826917,0,0,0,2,0,73.994974314296,1,8.46818665741012
20,1,2.67055185781765,0,0,0,2,0,73.994974314296,1,8.46818665741012
20,2,2.6563846152647,0,0,0,2,0,73.994974314296,1,8.46818665741012
20,4,2.73815156241533,0,0,0,2,0,73.994974314296,1,8.46818665741012
20,6,2.40917157119606,0,0,0,2,0,73.994974314296,1,8.46818665741012
20,8,1.45363179472165,0,0,0,2,0,73.994974314296,1,8.46818665741012
20,12,1.48627052695701,0,0,0,2,0,73.994974314296,1,8.46818665741012
20,24,0.58328680981216,0,0,0,2,0,73.994974314296,1,8.46818665741012
21,0,0,1,1,50,1,0,71.0217166266264,0,28.0301794218831
21,0.5,1.31403684007759,0,0,0,2,0,71.0217166266264,0,28.0301794218831
21,1,1.55167036326077,0,0,0,2,0,71.0217166266264,0,28.0301794218831
21,2,1.89797407750626,0,0,0,2,0,71.0217166266264,0,28.0301794218831
21,4,1.64262043470442,0,0,0,2,0,71.0217166266264,0,28.0301794218831
21,6,1.12020758442279,0,0,0,2,0,71.0217166266264,0,28.0301794218831
21,8,0.706287932721194,0,0,0,2,0,71.0217166266264,0,28.0301794218831
21,12,0.354222287560296,0,0,0,2,0,71.0217166266264,0,28.0301794218831
21,24,0.0475042134738715,0,0,0,2,0,71.0217166266264,0,28.0301794218831
22,0,0,1,1,50,1,0,93.9291321365401,0,7.18665090249851
22,0.5,0.801269379002482,0,0,0,2,0,93.9291321365401,0,7.18665090249851
22,1,1.07104624777722,0,0,0,2,0,93.9291321365401,0,7.18665090249851
22,2,1.37232850144995,0,0,0,2,0,93.9291321365401,0,7.18665090249851
22,4,1.66631057965151,0,0,0,2,0,93.9291321365401,0,7.18665090249851
22,6,1.63099686076283,0,0,0,2,0,93.9291321365401,0,7.18665090249851
22,8,1.5475676702281,0,0,0,2,0,93.9291321365401,0,7.18665090249851
22,12,1.44618080774924,0,0,0,2,0,93.9291321365401,0,7.18665090249851
22,24,1.0669816924028,0,0,0,2,0,93.9291321365401,0,7.18665090249851
23,0,0,1,1,50,1,0,58.0996226715689,1,5.46068116649985
23,0.5,1.39626839453289,0,0,0,2,0,58.0996226715689,1,5.46068116649985
23,1,1.92244682273807,0,0,0,2,0,58.0996226715689,1,5.46068116649985
23,2,3.09955313876429,0,0,0,2,0,58.0996226715689,1,5.46068116649985
23,4,3.16488238678043,0,0,0,2,0,58.0996226715689,1,5.46068116649985
23,6,3.09546042586464,0,0,0,2,0,58.0996226715689,1,5.46068116649985
23,8,2.54678466197735,0,0,0,2,0,58.0996226715689,1,5.46068116649985
23,12,3.01015234748969,0,0,0,2,0,58.0996226715689,1,5.46068116649985
23,24,1.60404247824894,0,0,0,2,0,58.0996226715689,1,5.46068116649985
24,0,0,1,1,50,1,0,68.6424071983514,0,26.0815584524535
24,0.5,0.696252039521577,0,0,0,2,0,68.6424071983514,0,26.0815584524535
24,1,1.03230995294433,0,0,0,2,0,68.6424071983514,0,26.0815584524535
24,2,1.42577073593535,0,0,0,2,0,68.6424071983514,0,26.0815584524535
24,4,0.946968502710991,0,0,0,2,0,68.6424071983514,0,26.0815584524535
24,6,0.531527209536358,0,0,0,2,0,68.6424071983514,0,26.0815584524535
24,8,0.38447278646526,0,0,0,2,0,68.6424071983514,0,26.0815584524535
24,12,0.133700376336716,0,0,0,2,0,68.6424071983514,0,26.0815584524535
24,24,0.00288846055973059,0,0,0,2,0,68.6424071983514,0,26.0815584524535
25,0,0,1,1,50,1,0,78.8918005958756,0,22.1561611746438
25,0.5,0.949365659905877,0,0,0,2,0,78.8918005958756,0,22.1561611746438
25,1,1.29618222462688,0,0,0,2,0,78.8918005958756,0,22.1561611746438
25,2,1.34130283602824,0,0,0,2,0,78.8918005958756,0,22.1561611746438
25,4,0.699795720362085,0,0,0,2,0,78.8918005958756,0,22.1561611746438
25,6,0.836003230877862,0,0,0,2,0,78.8918005958756,0,22.1561611746438
25,8,0.449419016810242,0,0,0,2,0,78.8918005958756,0,22.1561611746438
25,12,0.152856375327362,0,0,0,2,0,78.8918005958756,0,22.1561611746438
25,24,0.012064856231549,0,0,0,2,0,78.8918005958756,0,22.1561611746438
26,0,0,1,1,50,1,0,70.0684652073589,0,34.4125539497472
26,0.5,0.891163878974682,0,0,0,2,0,70.0684652073589,0,34.4125539497472
26,1,1.3855500818058,0,0,0,2,0,70.0684652073589,0,34.4125539497472
26,2,1.50712214857555,0,0,0,2,0,70.0684652073589,0,34.4125539497472
26,4,0.91748790141166,0,0,0,2,0,70.0684652073589,0,34.4125539497472
26,6,0.66972955828021,0,0,0,2,0,70.0684652073589,0,34.4125539497472
26,8,0.540148460381537,0,0,0,2,0,70.0684652073589,0,34.4125539497472
26,12,0.309116285588672,0,0,0,2,0,70.0684652073589,0,34.4125539497472
26,24,0.0287580799469552,0,0,0,2,0,70.0684652073589,0,34.4125539497472
27,0,0,1,1,50,1,0,69.5593478752729,1,3.81324601359665
27,0.5,0.810861647788944,0,0,0,2,0,69.5593478752729,1,3.81324601359665
27,1,1.56590686538826,0,0,0,2,0,69.5593478752729,1,3.81324601359665
27,2,1.73980809072626,0,0,0,2,0,69.5593478752729,1,3.81324601359665
27,4,1.84242071662938,0,0,0,2,0,69.5593478752729,1,3.81324601359665
27,6,2.47139392999791,0,0,0,2,0,69.5593478752729,1,3.81324601359665
27,8,2.63584917753194,0,0,0,2,0,69.5593478752729,1,3.81324601359665
27,12,2.43947230341985,0,0,0,2,0,69.5593478752729,1,3.81324601359665
27,24,2.12600500719901,0,0,0,2,0,69.5593478752729,1,3.81324601359665
28,0,0,1,1,50,1,0,81.5099847854223,0,33.4254276352003
28,0.5,0.894605983051842,0,0,0,2,0,81.5099847854223,0,33.4254276352003
28,1,1.23323667203188,0,0,0,2,0,81.5099847854223,0,33.4254276352003
28,2,1.57601065815281,0,0,0,2,0,81.5099847854223,0,33.4254276352003
28,4,0.963257252518771,0,0,0,2,0,81.5099847854223,0,33.4254276352003
28,6,0.41255441739458,0,0,0,2,0,81.5099847854223,0,33.4254276352003
28,8,0.243149680086105,0,0,0,2,0,81.5099847854223,0,33.4254276352003
28,12,0.0659260592561316,0,0,0,2,0,81.5099847854223,0,33.4254276352003
28,24,0.00155182750074511,0,0,0,2,0,81.5099847854223,0,33.4254276352003
29,0,0,1,1,50,1,0,78.1644093814276,1,39.7018464030698
29,0.5,0.727711106313726,0,0,0,2,0,78.1644093814276,1,39.7018464030698
29,1,1.2934819593449,0,0,0,2,0,78.1644093814276,1,39.7018464030698
29,2,0.940124939594047,0,0,0,2,0,78.1644093814276,1,39.7018464030698
29,4,0.673191995347117,0,0,0,2,0,78.1644093814276,1,39.7018464030698
29,6,0.411432912112179,0,0,0,2,0,78.1644093814276,1,39.7018464030698
29,8,0.226551086373978,0,0,0,2,0,78.1644093814276,1,39.7018464030698
29,12,0.0581892626038674,0,0,0,2,0,78.1644093814276,1,39.7018464030698
29,24,0.00117335737168465,0,0,0,2,0,78.1644093814276,1,39.7018464030698
30,0,0,1,1,50,1,0,102.197997020749,0,37.7415959737264
30,0.5,0.505996128044495,0,0,0,2,0,102.197997020749,0,37.7415959737264
30,1,0.716330432922686,0,0,0,2,0,102.197997020749,0,37.7415959737264
30,2,0.999640260250131,0,0,0,2,0,102.197997020749,0,37.7415959737264
30,4,0.691717112211264,0,0,0,2,0,102.197997020749,0,37.7415959737264
30,6,0.575890150919474,0,0,0,2,0,102.197997020749,0,37.7415959737264
30,8,0.315486377217801,0,0,0,2,0,102.197997020749,0,37.7415959737264
30,12,0.126929380928515,0,0,0,2,0,102.197997020749,0,37.7415959737264
30,24,0.00732267417128487,0,0,0,2,0,102.197997020749,0,37.7415959737264
31,0,0,1,1,50,1,0,53.2539007235211,0,28.9537536189891
31,0.5,0.466866549503167,0,0,0,2,0,53.2539007235211,0,28.9537536189891
31,1,0.829771385154805,0,0,0,2,0,53.2539007235211,0,28.9537536189891
31,2,1.01862347826254,0,0,0,2,0,53.2539007235211,0,28.9537536189891
31,4,0.647815469522365,0,0,0,2,0,53.2539007235211,0,28.9537536189891
31,6,0.533146232007054,0,0,0,2,0,53.2539007235211,0,28.9537536189891
31,8,0.340063387492824,0,0,0,2,0,53.2539007235211,0,28.9537536189891
31,12,0.161203800120364,0,0,0,2,0,53.2539007235211,0,28.9537536189891
31,24,0.00774951274858935,0,0,0,2,0,53.2539007235211,0,28.9537536189891
32,0,0,1,1,50,1,0,75.1484937325347,0,15.5334682515822
32,0.5,0.762033383444446,0,0,0,2,0,75.1484937325347,0,15.5334682515822
32,1,1.19273875346023,0,0,0,2,0,75.1484937325347,0,15.5334682515822
32,2,1.51781418582082,0,0,0,2,0,75.1484937325347,0,15.5334682515822
32,4,1.45669712077937,0,0,0,2,0,75.1484937325347,0,15.5334682515822
32,6,1.14807160878798,0,0,0,2,0,75.1484937325347,0,15.5334682515822
32,8,0.883529165928486,0,0,0,2,0,75.1484937325347,0,15.5334682515822
32,12,0.751285726957768,0,0,0,2,0,75.1484937325347,0,15.5334682515822
32,24,0.378792213088691,0,0,0,2,0,75.1484937325347,0,15.5334682515822
33,0,0,1,1,50,1,0,65.2594313200326,0,39.8073334014043
33,0.5,1.16544451198611,0,0,0,2,0,65.2594313200326,0,39.8073334014043
33,1,1.40826829351234,0,0,0,2,0,65.2594313200326,0,39.8073334014043
33,2,1.52850480101153,0,0,0,2,0,65.2594313200326,0,39.8073334014043
33,4,0.633051525345021,0,0,0,2,0,65.2594313200326,0,39.8073334014043
33,6,0.478571589150777,0,0,0,2,0,65.2594313200326,0,39.8073334014043
33,8,0.220707593281307,0,0,0,2,0,65.2594313200326,0,39.8073334014043
33,12,0.0436573366508334,0,0,0,2,0,65.2594313200326,0,39.8073334014043
33,24,0.00092988169985561,0,0,0,2,0,65.2594313200326,0,39.8073334014043
34,0,0,1,1,50,1,0,75.3186709937145,1,17.290684081614
34,0.5,0.839056200582395,0,0,0,2,0,75.3186709937145,1,17.290684081614
34,1,1.64722830198711,0,0,0,2,0,75.3186709937145,1,17.290684081614
34,2,1.83909628021349,0,0,0,2,0,75.3186709937145,1,17.290684081614
34,4,1.68690915552808,0,0,0,2,0,75.3186709937145,1,17.290684081614
34,6,0.848693591739726,0,0,0,2,0,75.3186709937145,1,17.290684081614
34,8,0.793167105327181,0,0,0,2,0,75.3186709937145,1,17.290684081614
34,12,0.42069088870067,0,0,0,2,0,75.3186709937145,1,17.290684081614
34,24,0.0596890082173166,0,0,0,2,0,75.3186709937145,1,17.290684081614
35,0,0,1,1,50,1,0,80.7995930720438,1,39.893866864033
35,0.5,0.464137644210446,0,0,0,2,0,80.7995930720438,1,39.893866864033
35,1,0.840474441691431,0,0,0,2,0,80.7995930720438,1,39.893866864033
35,2,0.933440958016574,0,0,0,2,0,80.7995930720438,1,39.893866864033
35,4,0.595127041970681,0,0,0,2,0,80.7995930720438,1,39.893866864033
35,6,0.460618923482,0,0,0,2,0,80.7995930720438,1,39.893866864033
35,8,0.29790434462157,0,0,0,2,0,80.7995930720438,1,39.893866864033
35,12,0.12830340980554,0,0,0,2,0,80.7995930720438,1,39.893866864033
35,24,0.0129608465968535,0,0,0,2,0,80.7995930720438,1,39.893866864033
36,0,0,1,1,50,1,0,69.6372019319884,0,14.4492595763877
36,0.5,0.582112228366525,0,0,0,2,0,69.6372019319884,0,14.4492595763877
36,1,0.810944105272609,0,0,0,2,0,69.6372019319884,0,14.4492595763877
36,2,1.29784763642841,0,0,0,2,0,69.6372019319884,0,14.4492595763877
36,4,1.36453581514492,0,0,0,2,0,69.6372019319884,0,14.4492595763877
36,6,1.18294517479954,0,0,0,2,0,69.6372019319884,0,14.4492595763877
36,8,1.10646554342367,0,0,0,2,0,69.6372019319884,0,14.4492595763877
36,12,0.845782176558543,0,0,0,2,0,69.6372019319884,0,14.4492595763877
36,24,0.257987507356405,0,0,0,2,0,69.6372019319884,0,14.4492595763877
37,0,0,1,1,50,1,0,47.5309709745052,0,13.0761521044187
37,0.5,1.01329903508356,0,0,0,2,0,47.5309709745052,0,13.0761521044187
37,1,1.26476930405497,0,0,0,2,0,47.5309709745052,0,13.0761521044187
37,2,1.57530094469573,0,0,0,2,0,47.5309709745052,0,13.0761521044187
37,4,1.65348232020897,0,0,0,2,0,47.5309709745052,0,13.0761521044187
37,6,1.22997054393062,0,0,0,2,0,47.5309709745052,0,13.0761521044187
37,8,0.96874160833346,0,0,0,2,0,47.5309709745052,0,13.0761521044187
37,12,0.758145763193553,0,0,0,2,0,47.5309709745052,0,13.0761521044187
37,24,0.180247657378194,0,0,0,2,0,47.5309709745052,0,13.0761521044187
38,0,0,1,1,50,1,0,50.6154662547088,0,39.2511521065608
38,0.5,0.485054839594812,0,0,0,2,0,50.6154662547088,0,39.2511521065608
38,1,0.691708545496662,0,0,0,2,0,50.6154662547088,0,39.2511521065608
38,2,0.883844904287133,0,0,0,2,0,50.6154662547088,0,39.2511521065608
38,4,0.823430541555991,0,0,0,2,0,50.6154662547088,0,39.2511521065608
38,6,0.682397115175024,0,0,0,2,0,50.6154662547088,0,39.2511521065608
38,8,0.496331203310858,0,0,0,2,0,50.6154662547088,0,39.2511521065608
38,12,0.326324405356729,0,0,0,2,0,50.6154662547088,0,39.2511521065608
38,24,0.0647609231619982,0,0,0,2,0,50.6154662547088,0,39.2511521065608
39,0,0,1,1,50,1,0,57.9792644862087,0,12.7492691031657
39,0.5,0.552182167106625,0,0,0,2,0,57.9792644862087,0,12.7492691031657
39,1,1.09944594301299,0,0,0,2,0,57.9792644862087,0,12.7492691031657
39,2,1.64269492517022,0,0,0,2,0,57.9792644862087,0,12.7492691031657
39,4,1.30983883945144,0,0,0,2,0,57.9792644862087,0,12.7492691031657
39,6,1.52060180348943,0,0,0,2,0,57.9792644862087,0,12.7492691031657
39,8,0.848961491558835,0,0,0,2,0,57.9792644862087,0,12.7492691031657
39,12,0.752298441834356,0,0,0,2,0,57.9792644862087,0,12.7492691031657
39,24,0.200041296491153,0,0,0,2,0,57.9792644862087,0,12.7492691031657
40,0,0,1,1,50,1,0,56.7143775135691,1,23.5735234385356
40,0.5,0.844164606035173,0,0,0,2,0,56.7143775135691,1,23.5735234385356
40,1,0.743719024414644,0,0,0,2,0,56.7143775135691,1,23.5735234385356
40,2,1.442682469137,0,0,0,2,0,56.7143775135691,1,23.5735234385356
40,4,1.21859326141041,0,0,0,2,0,56.7143775135691,1,23.5735234385356
40,6,1.0439993091007,0,0,0,2,0,56.7143775135691,1,23.5735234385356
40,8,0.931161386312246,0,0,0,2,0,56.7143775135691,1,23.5735234385356
40,12,0.603431093791252,0,0,0,2,0,56.7143775135691,1,23.5735234385356
40,24,0.210244165412517,0,0,0,2,0,56.7143775135691,1,23.5735234385356
41,0,0,1,1,50,1,0,87.1067928176908,1,10.603094715625
41,0.5,0.651874711101353,0,0,0,2,0,87.1067928176908,1,10.603094715625
41,1,0.766900618730354,0,0,0,2,0,87.1067928176908,1,10.603094715625
41,2,1.32481607509595,0,0,0,2,0,87.1067928176908,1,10.603094715625
41,4,1.25794356608889,0,0,0,2,0,87.1067928176908,1,10.603094715625
41,6,1.18695491754285,0,0,0,2,0,87.1067928176908,1,10.603094715625
41,8,1.14289632239565,0,0,0,2,0,87.1067928176908,1,10.603094715625
41,12,1.1716657946709,0,0,0,2,0,87.1067928176908,1,10.603094715625
41,24,0.516082595586095,0,0,0,2,0,87.1067928176908,1,10.603094715625
42,0,0,1,1,50,1,0,51.0948142041818,1,14.9317713780329
42,0.5,1.43734903620409,0,0,0,2,0,51.0948142041818,1,14.9317713780329
42,1,1.96200388446622,0,0,0,2,0,51.0948142041818,1,14.9317713780329
42,2,2.22193613936868,0,0,0,2,0,51.0948142041818,1,14.9317713780329
42,4,1.43913511042205,0,0,0,2,0,51.0948142041818,1,14.9317713780329
42,6,1.10915777738404,0,0,0,2,0,51.0948142041818,1,14.9317713780329
42,8,1.04370177944781,0,0,0,2,0,51.0948142041818,1,14.9317713780329
42,12,0.553799315336829,0,0,0,2,0,51.0948142041818,1,14.9317713780329
42,24,0.123406454047145,0,0,0,2,0,51.0948142041818,1,14.9317713780329
43,0,0,1,1,50,1,0,75.8869007140766,0,29.1082533285953
43,0.5,0.423567586647584,0,0,0,2,0,75.8869007140766,0,29.1082533285953
43,1,0.724619449726314,0,0,0,2,0,75.8869007140766,0,29.1082533285953
43,2,0.93829692374797,0,0,0,2,0,75.8869007140766,0,29.1082533285953
43,4,0.826774652003383,0,0,0,2,0,75.8869007140766,0,29.1082533285953
43,6,0.556654743233629,0,0,0,2,0,75.8869007140766,0,29.1082533285953
43,8,0.438449017244742,0,0,0,2,0,75.8869007140766,0,29.1082533285953
43,12,0.185489976721212,0,0,0,2,0,75.8869007140766,0,29.1082533285953
43,24,0.0163195474058192,0,0,0,2,0,75.8869007140766,0,29.1082533285953
44,0,0,1,1,50,1,0,74.3921789431042,0,20.3202173714526
44,0.5,0.850987643713274,0,0,0,2,0,74.3921789431042,0,20.3202173714526
44,1,1.20610253536859,0,0,0,2,0,74.3921789431042,0,20.3202173714526
44,2,1.25420059783166,0,0,0,2,0,74.3921789431042,0,20.3202173714526
44,4,1.11539686634286,0,0,0,2,0,74.3921789431042,0,20.3202173714526
44,6,0.619941056101692,0,0,0,2,0,74.3921789431042,0,20.3202173714526
44,8,0.649026050137222,0,0,0,2,0,74.3921789431042,0,20.3202173714526
44,12,0.248681847339656,0,0,0,2,0,74.3921789431042,0,20.3202173714526
44,24,0.0216355105421601,0,0,0,2,0,74.3921789431042,0,20.3202173714526
45,0,0,1,1,50,1,0,58.8836595318862,0,15.8516528317705
45,0.5,0.692067429717968,0,0,0,2,0,58.8836595318862,0,15.8516528317705
45,1,1.03889985574046,0,0,0,2,0,58.8836595318862,0,15.8516528317705
45,2,1.45557320437392,0,0,0,2,0,58.8836595318862,0,15.8516528317705
45,4,1.37297313444108,0,0,0,2,0,58.8836595318862,0,15.8516528317705
45,6,0.980713586359252,0,0,0,2,0,58.8836595318862,0,15.8516528317705
45,8,0.838052438613048,0,0,0,2,0,58.8836595318862,0,15.8516528317705
45,12,0.589457265898871,0,0,0,2,0,58.8836595318862,0,15.8516528317705
45,24,0.152459373735609,0,0,0,2,0,58.8836595318862,0,15.8516528317705
46,0,0,1,1,50,1,0,41.3891518709794,0,6.75211825734004
46,0.5,0.714281933827912,0,0,0,2,0,41.3891518709794,0,6.75211825734004
46,1,1.24605189218121,0,0,0,2,0,41.3891518709794,0,6.75211825734004
46,2,1.88862654223888,0,0,0,2,0,41.3891518709794,0,6.75211825734004
46,4,1.86204886079409,0,0,0,2,0,41.3891518709794,0,6.75211825734004
46,6,1.44196438073516,0,0,0,2,0,41.3891518709794,0,6.75211825734004
46,8,1.86539340732033,0,0,0,2,0,41.3891518709794,0,6.75211825734004
46,12,1.41136981279718,0,0,0,2,0,41.3891518709794,0,6.75211825734004
46,24,1.09657178124637,0,0,0,2,0,41.3891518709794,0,6.75211825734004
47,0,0,1,1,50,1,0,62.257635219733,0,25.8350676335394
47,0.5,0.832330625182078,0,0,0,2,0,62.257635219733,0,25.8350676335394
47,1,1.32119335510832,0,0,0,2,0,62.257635219733,0,25.8350676335394
47,2,1.39183212330408,0,0,0,2,0,62.257635219733,0,25.8350676335394
47,4,1.08684629352148,0,0,0,2,0,62.257635219733,0,25.8350676335394
47,6,0.816721486294555,0,0,0,2,0,62.257635219733,0,25.8350676335394
47,8,0.633578651717539,0,0,0,2,0,62.257635219733,0,25.8350676335394
47,12,0.235233093484895,0,0,0,2,0,62.257635219733,0,25.8350676335394
47,24,0.033072734879428,0,0,0,2,0,62.257635219733,0,25.8350676335394
48,0,0,1,1,50,1,0,65.6192682886156,0,11.7608047625981
48,0.5,0.764068020629833,0,0,0,2,0,65.6192682886156,0,11.7608047625981
48,1,1.0418734238404,0,0,0,2,0,65.6192682886156,0,11.7608047625981
48,2,1.26656255125633,0,0,0,2,0,65.6192682886156,0,11.7608047625981
48,4,1.15086578822712,0,0,0,2,0,65.6192682886156,0,11.7608047625981
48,6,1.5112167492003,0,0,0,2,0,65.6192682886156,0,11.7608047625981
48,8,1.17234129680583,0,0,0,2,0,65.6192682886156,0,11.7608047625981
48,12,0.959011845983838,0,0,0,2,0,65.6192682886156,0,11.7608047625981
48,24,0.509998096418614,0,0,0,2,0,65.6192682886156,0,11.7608047625981
49,0,0,1,1,50,1,0,97.1942615867802,0,28.4153743847273
49,0.5,0.796887025367546,0,0,0,2,0,97.1942615867802,0,28.4153743847273
49,1,0.872601233280947,0,0,0,2,0,97.1942615867802,0,28.4153743847273
49,2,1.37395549783159,0,0,0,2,0,97.1942615867802,0,28.4153743847273
49,4,0.897455815262326,0,0,0,2,0,97.1942615867802,0,28.4153743847273
49,6,0.52920392636754,0,0,0,2,0,97.1942615867802,0,28.4153743847273
49,8,0.419094755996413,0,0,0,2,0,97.1942615867802,0,28.4153743847273
49,12,0.175146698357221,0,0,0,2,0,97.1942615867802,0,28.4153743847273
49,24,0.0182278873820183,0,0,0,2,0,97.1942615867802,0,28.4153743847273
50,0,0,1,1,50,1,0,74.3676717608976,1,6.57405024627224
50,0.5,0.674044377276941,0,0,0,2,0,74.3676717608976,1,6.57405024627224
50,1,0.869676257811951,0,0,0,2,0,74.3676717608976,1,6.57405024627224
50,2,1.34343589983535,0,0,0,2,0,74.3676717608976,1,6.57405024627224
50,4,1.77314768805775,0,0,0,2,0,74.3676717608976,1,6.57405024627224
50,6,1.74996790562463,0,0,0,2,0,74.3676717608976,1,6.57405024627224
50,8,1.88650727988783,0,0,0,2,0,74.3676717608976,1,6.57405024627224
50,12,1.22209778461594,0,0,0,2,0,74.3676717608976,1,6.57405024627224
50,24,1.4115471878159,0,0,0,2,0,74.3676717608976,1,6.57405024627224
51,0,0,1,1,50,1,0,72.5297204847695,0,19.4956350163557
51,0.5,0.698072866937306,0,0,0,2,0,72.5297204847695,0,19.4956350163557
51,1,1.15726347035794,0,0,0,2,0,72.5297204847695,0,19.4956350163557
51,2,1.64510121989378,0,0,0,2,0,72.5297204847695,0,19.4956350163557
51,4,1.29360933946671,0,0,0,2,0,72.5297204847695,0,19.4956350163557
51,6,0.91675594031617,0,0,0,2,0,72.5297204847695,0,19.4956350163557
51,8,0.637212707970803,0,0,0,2,0,72.5297204847695,0,19.4956350163557
51,12,0.27686958426082,0,0,0,2,0,72.5297204847695,0,19.4956350163557
51,24,0.0382574690153049,0,0,0,2,0,72.5297204847695,0,19.4956350163557
52,0,0,1,1,50,1,0,59.0876130887853,1,14.7794377291575
52,0.5,0.605848308848679,0,0,0,2,0,59.0876130887853,1,14.7794377291575
52,1,1.11557749697052,0,0,0,2,0,59.0876130887853,1,14.7794377291575
52,2,1.35112833245159,0,0,0,2,0,59.0876130887853,1,14.7794377291575
52,4,0.998333630861823,0,0,0,2,0,59.0876130887853,1,14.7794377291575
52,6,0.960816874639172,0,0,0,2,0,59.0876130887853,1,14.7794377291575
52,8,0.877052771327068,0,0,0,2,0,59.0876130887853,1,14.7794377291575
52,12,0.480817066418028,0,0,0,2,0,59.0876130887853,1,14.7794377291575
52,24,0.10820506106167,0,0,0,2,0,59.0876130887853,1,14.7794377291575
53,0,0,1,1,50,1,0,90.6134495346864,0,37.3697886057198
53,0.5,0.575357351073201,0,0,0,2,0,90.6134495346864,0,37.3697886057198
53,1,1.05458506446541,0,0,0,2,0,90.6134495346864,0,37.3697886057198
53,2,1.12882643749333,0,0,0,2,0,90.6134495346864,0,37.3697886057198
53,4,0.643903604356858,0,0,0,2,0,90.6134495346864,0,37.3697886057198
53,6,0.291429724053485,0,0,0,2,0,90.6134495346864,0,37.3697886057198
53,8,0.182473070767032,0,0,0,2,0,90.6134495346864,0,37.3697886057198
53,12,0.0386975727795667,0,0,0,2,0,90.6134495346864,0,37.3697886057198
53,24,0.000482198312120281,0,0,0,2,0,90.6134495346864,0,37.3697886057198
54,0,0,1,1,50,1,0,62.2362553305472,0,4.67390678124502
54,0.5,0.543672193687953,0,0,0,2,0,62.2362553305472,0,4.67390678124502
54,1,0.967910536819633,0,0,0,2,0,62.2362553305472,0,4.67390678124502
54,2,1.17109606750624,0,0,0,2,0,62.2362553305472,0,4.67390678124502
54,4,1.98799095724334,0,0,0,2,0,62.2362553305472,0,4.67390678124502
54,6,1.48419698278901,0,0,0,2,0,62.2362553305472,0,4.67390678124502
54,8,1.6050362132083,0,0,0,2,0,62.2362553305472,0,4.67390678124502
54,12,1.78319200686905,0,0,0,2,0,62.2362553305472,0,4.67390678124502
54,24,1.89567057182972,0,0,0,2,0,62.2362553305472,0,4.67390678124502
55,0,0,1,1,50,1,0,71.1165906595856,1,39.2798611791804
55,0.5,0.512990616098382,0,0,0,2,0,71.1165906595856,1,39.2798611791804
55,1,0.96072021029877,0,0,0,2,0,71.1165906595856,1,39.2798611791804
55,2,1.0347945678663,0,0,0,2,0,71.1165906595856,1,39.2798611791804
55,4,1.06350625038681,0,0,0,2,0,71.1165906595856,1,39.2798611791804
55,6,0.54351188887779,0,0,0,2,0,71.1165906595856,1,39.2798611791804
55,8,0.418916859314709,0,0,0,2,0,71.1165906595856,1,39.2798611791804
55,12,0.143554306962525,0,0,0,2,0,71.1165906595856,1,39.2798611791804
55,24,0.00906833813630412,0,0,0,2,0,71.1165906595856,1,39.2798611791804
56,0,0,1,1,50,1,0,46.4748353231017,1,16.157184147276
56,0.5,0.778087648182836,0,0,0,2,0,46.4748353231017,1,16.157184147276
56,1,1.11170063618933,0,0,0,2,0,46.4748353231017,1,16.157184147276
56,2,1.57687490919452,0,0,0,2,0,46.4748353231017,1,16.157184147276
56,4,1.15593543683574,0,0,0,2,0,46.4748353231017,1,16.157184147276
56,6,0.764524266113874,0,0,0,2,0,46.4748353231017,1,16.157184147276
56,8,0.583939309447487,0,0,0,2,0,46.4748353231017,1,16.157184147276
56,12,0.422239962230769,0,0,0,2,0,46.4748353231017,1,16.157184147276
56,24,0.0908861795942907,0,0,0,2,0,46.4748353231017,1,16.157184147276
57,0,0,1,1,50,1,0,92.8737312775357,0,10.4801715831272
57,0.5,0.648236459807467,0,0,0,2,0,92.8737312775357,0,10.4801715831272
57,1,1.17524619116307,0,0,0,2,0,92.8737312775357,0,10.4801715831272
57,2,1.41675949472703,0,0,0,2,0,92.8737312775357,0,10.4801715831272
57,4,1.76528025624577,0,0,0,2,0,92.8737312775357,0,10.4801715831272
57,6,1.50409816084591,0,0,0,2,0,92.8737312775357,0,10.4801715831272
57,8,1.41825051241542,0,0,0,2,0,92.8737312775357,0,10.4801715831272
57,12,1.01339932645379,0,0,0,2,0,92.8737312775357,0,10.4801715831272
57,24,0.613479789300232,0,0,0,2,0,92.8737312775357,0,10.4801715831272
58,0,0,1,1,50,1,0,44.3315183661485,0,26.3379734605551
58,0.5,0.535231903668359,0,0,0,2,0,44.3315183661485,0,26.3379734605551
58,1,0.873561329561866,0,0,0,2,0,44.3315183661485,0,26.3379734605551
58,2,1.21882617731026,0,0,0,2,0,44.3315183661485,0,26.3379734605551
58,4,0.934871511043636,0,0,0,2,0,44.3315183661485,0,26.3379734605551
58,6,0.678424570189622,0,0,0,2,0,44.3315183661485,0,26.3379734605551
58,8,0.582841814330977,0,0,0,2,0,44.3315183661485,0,26.3379734605551
58,12,0.363243392742667,0,0,0,2,0,44.3315183661485,0,26.3379734605551
58,24,0.0586145921755806,0,0,0,2,0,44.3315183661485,0,26.3379734605551
59,0,0,1,1,50,1,0,66.7553940431497,1,17.3134091659449
59,0.5,1.07104252584748,0,0,0,2,0,66.7553940431497,1,17.3134091659449
59,1,1.50479709946057,0,0,0,2,0,66.7553940431497,1,17.3134091659449
59,2,1.39410218651039,0,0,0,2,0,66.7553940431497,1,17.3134091659449
59,4,1.15611485099487,0,0,0,2,0,66.7553940431497,1,17.3134091659449
59,6,1.09457451447215,0,0,0,2,0,66.7553940431497,1,17.3134091659449
59,8,0.68503160210176,0,0,0,2,0,66.7553940431497,1,17.3134091659449
59,12,0.379806029345624,0,0,0,2,0,66.7553940431497,1,17.3134091659449
59,24,0.0833305931641105,0,0,0,2,0,66.7553940431497,1,17.3134091659449
60,0,0,1,1,50,1,0,80.860342666915,1,23.6813699142076
60,0.5,1.08973904185781,0,0,0,2,0,80.860342666915,1,23.6813699142076
60,1,1.6528274907094,0,0,0,2,0,80.860342666915,1,23.6813699142076
60,2,1.71169678213322,0,0,0,2,0,80.860342666915,1,23.6813699142076
60,4,1.33898660701609,0,0,0,2,0,80.860342666915,1,23.6813699142076
60,6,0.792595278815228,0,0,0,2,0,80.860342666915,1,23.6813699142076
60,8,0.577403011229737,0,0,0,2,0,80.860342666915,1,23.6813699142076
60,12,0.151134535816923,0,0,0,2,0,80.860342666915,1,23.6813699142076
60,24,0.00523108691616377,0,0,0,2,0,80.860342666915,1,23.6813699142076
61,0,0,1,1,50,1,0,51.8923824230519,1,11.5908329454251
61,0.5,1.09117932810757,0,0,0,2,0,51.8923824230519,1,11.5908329454251
61,1,1.51223390426421,0,0,0,2,0,51.8923824230519,1,11.5908329454251
61,2,1.43058286235215,0,0,0,2,0,51.8923824230519,1,11.5908329454251
61,4,1.44975370122502,0,0,0,2,0,51.8923824230519,1,11.5908329454251
61,6,1.45638876199157,0,0,0,2,0,51.8923824230519,1,11.5908329454251
61,8,1.08685410225507,0,0,0,2,0,51.8923824230519,1,11.5908329454251
61,12,0.681123977871134,0,0,0,2,0,51.8923824230519,1,11.5908329454251
61,24,0.344786765801627,0,0,0,2,0,51.8923824230519,1,11.5908329454251
62,0,0,1,1,50,1,0,61.7719687377019,0,25.4092401247472
62,0.5,0.403778829902819,0,0,0,2,0,61.7719687377019,0,25.4092401247472
62,1,0.745843974279079,0,0,0,2,0,61.7719687377019,0,25.4092401247472
62,2,1.06417506907913,0,0,0,2,0,61.7719687377019,0,25.4092401247472
62,4,0.979842800915332,0,0,0,2,0,61.7719687377019,0,25.4092401247472
62,6,1.05624316004652,0,0,0,2,0,61.7719687377019,0,25.4092401247472
62,8,0.754737754106293,0,0,0,2,0,61.7719687377019,0,25.4092401247472
62,12,0.413632706979465,0,0,0,2,0,61.7719687377019,0,25.4092401247472
62,24,0.054112761570217,0,0,0,2,0,61.7719687377019,0,25.4092401247472
63,0,0,1,1,50,1,0,64.0464104805369,0,35.2382222283632
63,0.5,0.636349303363591,0,0,0,2,0,64.0464104805369,0,35.2382222283632
63,1,1.16960755445292,0,0,0,2,0,64.0464104805369,0,35.2382222283632
63,2,1.24273151636782,0,0,0,2,0,64.0464104805369,0,35.2382222283632
63,4,1.22794852941421,0,0,0,2,0,64.0464104805369,0,35.2382222283632
63,6,0.816992001849559,0,0,0,2,0,64.0464104805369,0,35.2382222283632
63,8,0.422932628751592,0,0,0,2,0,64.0464104805369,0,35.2382222283632
63,12,0.161885819826209,0,0,0,2,0,64.0464104805369,0,35.2382222283632
63,24,0.00445284958253313,0,0,0,2,0,64.0464104805369,0,35.2382222283632
64,0,0,1,1,50,1,0,72.1628949513545,1,6.9330549761653
64,0.5,1.17824474401395,0,0,0,2,0,72.1628949513545,1,6.9330549761653
64,1,1.45775350878659,0,0,0,2,0,72.1628949513545,1,6.9330549761653
64,2,1.52100751427383,0,0,0,2,0,72.1628949513545,1,6.9330549761653
64,4,1.69289323596487,0,0,0,2,0,72.1628949513545,1,6.9330549761653
64,6,1.60522907702628,0,0,0,2,0,72.1628949513545,1,6.9330549761653
64,8,1.72288566037637,0,0,0,2,0,72.1628949513545,1,6.9330549761653
64,12,1.51121766628294,0,0,0,2,0,72.1628949513545,1,6.9330549761653
64,24,1.19736888356668,0,0,0,2,0,72.1628949513545,1,6.9330549761653
65,0,0,1,1,50,1,0,68.5251160917477,0,20.5393960773945
65,0.5,0.976173489879401,0,0,0,2,0,68.5251160917477,0,20.5393960773945
65,1,1.18015287992776,0,0,0,2,0,68.5251160917477,0,20.5393960773945
65,2,1.39638925399986,0,0,0,2,0,68.5251160917477,0,20.5393960773945
65,4,1.21003331416562,0,0,0,2,0,68.5251160917477,0,20.5393960773945
65,6,0.693458347353348,0,0,0,2,0,68.5251160917477,0,20.5393960773945
65,8,0.489200592528583,0,0,0,2,0,68.5251160917477,0,20.5393960773945
65,12,0.14555309138219,0,0,0,2,0,68.5251160917477,0,20.5393960773945
65,24,0.00775086922803118,0,0,0,2,0,68.5251160917477,0,20.5393960773945
66,0,0,1,1,50,1,0,75.4477090409975,1,26.5206829924136
66,0.5,0.767531441634468,0,0,0,2,0,75.4477090409975,1,26.5206829924136
66,1,1.35931687306147,0,0,0,2,0,75.4477090409975,1,26.5206829924136
66,2,1.07223955191323,0,0,0,2,0,75.4477090409975,1,26.5206829924136
66,4,0.993042866554073,0,0,0,2,0,75.4477090409975,1,26.5206829924136
66,6,0.506777943053035,0,0,0,2,0,75.4477090409975,1,26.5206829924136
66,8,0.352847938006379,0,0,0,2,0,75.4477090409975,1,26.5206829924136
66,12,0.148138558951749,0,0,0,2,0,75.4477090409975,1,26.5206829924136
66,24,0.0162293121721922,0,0,0,2,0,75.4477090409975,1,26.5206829924136
67,0,0,1,1,50,1,0,77.7625208648625,1,17.2477869573049
67,0.5,0.45165749169602,0,0,0,2,0,77.7625208648625,1,17.2477869573049
67,1,0.66356159572907,0,0,0,2,0,77.7625208648625,1,17.2477869573049
67,2,1.01223144022369,0,0,0,2,0,77.7625208648625,1,17.2477869573049
67,4,0.881229500446221,0,0,0,2,0,77.7625208648625,1,17.2477869573049
67,6,1.15805288506748,0,0,0,2,0,77.7625208648625,1,17.2477869573049
67,8,0.90781134964333,0,0,0,2,0,77.7625208648625,1,17.2477869573049
67,12,0.614927728526415,0,0,0,2,0,77.7625208648625,1,17.2477869573049
67,24,0.15206866686864,0,0,0,2,0,77.7625208648625,1,17.2477869573049
68,0,0,1,1,50,1,0,66.1126366472369,0,11.4057194595225
68,0.5,0.785417302755465,0,0,0,2,0,66.1126366472369,0,11.4057194595225
68,1,1.35111641315594,0,0,0,2,0,66.1126366472369,0,11.4057194595225
68,2,1.18952636244829,0,0,0,2,0,66.1126366472369,0,11.4057194595225
68,4,0.952539297794018,0,0,0,2,0,66.1126366472369,0,11.4057194595225
68,6,0.96932099507248,0,0,0,2,0,66.1126366472369,0,11.4057194595225
68,8,0.715721894655322,0,0,0,2,0,66.1126366472369,0,11.4057194595225
68,12,0.592567658859297,0,0,0,2,0,66.1126366472369,0,11.4057194595225
68,24,0.151878011005465,0,0,0,2,0,66.1126366472369,0,11.4057194595225
69,0,0,1,1,50,1,0,61.8622944791254,0,30.813975147903
69,0.5,1.09215093020641,0,0,0,2,0,61.8622944791254,0,30.813975147903
69,1,1.21153855972706,0,0,0,2,0,61.8622944791254,0,30.813975147903
69,2,1.22637382209636,0,0,0,2,0,61.8622944791254,0,30.813975147903
69,4,0.762533686341523,0,0,0,2,0,61.8622944791254,0,30.813975147903
69,6,0.402208004878776,0,0,0,2,0,61.8622944791254,0,30.813975147903
69,8,0.128922351800929,0,0,0,2,0,61.8622944791254,0,30.813975147903
69,12,0.0343411938867892,0,0,0,2,0,61.8622944791254,0,30.813975147903
69,24,0.000436670512113128,0,0,0,2,0,61.8622944791254,0,30.813975147903
70,0,0,1,1,50,1,0,88.9425662772751,0,4.41460811300203
70,0.5,0.883916254763991,0,0,0,2,0,88.9425662772751,0,4.41460811300203
70,1,1.28452773390949,0,0,0,2,0,88.9425662772751,0,4.41460811300203
70,2,1.41062375219568,0,0,0,2,0,88.9425662772751,0,4.41460811300203
70,4,2.22516978327528,0,0,0,2,0,88.9425662772751,0,4.41460811300203
70,6,1.78984635350962,0,0,0,2,0,88.9425662772751,0,4.41460811300203
70,8,2.03991238678775,0,0,0,2,0,88.9425662772751,0,4.41460811300203
70,12,2.11417259746744,0,0,0,2,0,88.9425662772751,0,4.41460811300203
70,24,1.95393472397228,0,0,0,2,0,88.9425662772751,0,4.41460811300203
71,0,0,1,1,50,1,0,59.6332692634406,0,32.5029186317697
71,0.5,1.1180992738107,0,0,0,2,0,59.6332692634406,0,32.5029186317697
71,1,1.30650291019964,0,0,0,2,0,59.6332692634406,0,32.5029186317697
71,2,1.44670648794899,0,0,0,2,0,59.6332692634406,0,32.5029186317697
71,4,0.659912846406158,0,0,0,2,0,59.6332692634406,0,32.5029186317697
71,6,0.24280952788302,0,0,0,2,0,59.6332692634406,0,32.5029186317697
71,8,0.0956618102852696,0,0,0,2,0,59.6332692634406,0,32.5029186317697
71,12,0.013471822826005,0,0,0,2,0,59.6332692634406,0,32.5029186317697
71,24,5.72613098823626e-05,0,0,0,2,0,59.6332692634406,0,32.5029186317697
72,0,0,1,1,50,1,0,44.7028757248412,0,26.3755514202639
72,0.5,0.702066016064295,0,0,0,2,0,44.7028757248412,0,26.3755514202639
72,1,1.09103660370842,0,0,0,2,0,44.7028757248412,0,26.3755514202639
72,2,1.34746285995177,0,0,0,2,0,44.7028757248412,0,26.3755514202639
72,4,0.910489082403415,0,0,0,2,0,44.7028757248412,0,26.3755514202639
72,6,0.804274148184894,0,0,0,2,0,44.7028757248412,0,26.3755514202639
72,8,0.507296876236302,0,0,0,2,0,44.7028757248412,0,26.3755514202639
72,12,0.212294087223982,0,0,0,2,0,44.7028757248412,0,26.3755514202639
72,24,0.0225229899494935,0,0,0,2,0,44.7028757248412,0,26.3755514202639
73,0,0,1,1,50,1,0,92.5979242038939,0,31.548771596048
73,0.5,1.14795964990905,0,0,0,2,0,92.5979242038939,0,31.548771596048
73,1,1.17443862143459,0,0,0,2,0,92.5979242038939,0,31.548771596048
73,2,1.79689996045035,0,0,0,2,0,92.5979242038939,0,31.548771596048
73,4,1.27505031836809,0,0,0,2,0,92.5979242038939,0,31.548771596048
73,6,0.842269175934398,0,0,0,2,0,92.5979242038939,0,31.548771596048
73,8,0.612090714847587,0,0,0,2,0,92.5979242038939,0,31.548771596048
73,12,0.34366563078573,0,0,0,2,0,92.5979242038939,0,31.548771596048
73,24,0.028040492610893,0,0,0,2,0,92.5979242038939,0,31.548771596048
74,0,0,1,1,50,1,0,85.7128710175057,0,13.6601413120516
74,0.5,1.05643098665183,0,0,0,2,0,85.7128710175057,0,13.6601413120516
74,1,1.22857702379185,0,0,0,2,0,85.7128710175057,0,13.6601413120516
74,2,1.74159295258861,0,0,0,2,0,85.7128710175057,0,13.6601413120516
74,4,1.70529445205587,0,0,0,2,0,85.7128710175057,0,13.6601413120516
74,6,1.29595256745424,0,0,0,2,0,85.7128710175057,0,13.6601413120516
74,8,1.19501139663824,0,0,0,2,0,85.7128710175057,0,13.6601413120516
74,12,0.578240357582996,0,0,0,2,0,85.7128710175057,0,13.6601413120516
74,24,0.156852605291039,0,0,0,2,0,85.7128710175057,0,13.6601413120516
75,0,0,1,1,50,1,0,66.8511900375186,0,23.9864987451583
75,0.5,0.404446079238793,0,0,0,2,0,66.8511900375186,0,23.9864987451583
75,1,0.910129500870198,0,0,0,2,0,66.8511900375186,0,23.9864987451583
75,2,1.07389194877401,0,0,0,2,0,66.8511900375186,0,23.9864987451583
75,4,0.99043587285608,0,0,0,2,0,66.8511900375186,0,23.9864987451583
75,6,0.60772324830931,0,0,0,2,0,66.8511900375186,0,23.9864987451583
75,8,0.509503203640436,0,0,0,2,0,66.8511900375186,0,23.9864987451583
75,12,0.258392092663188,0,0,0,2,0,66.8511900375186,0,23.9864987451583
75,24,0.054114617731676,0,0,0,2,0,66.8511900375186,0,23.9864987451583
76,0,0,1,1,50,1,0,53.8260550668184,0,37.3319864929654
76,0.5,0.571695519514128,0,0,0,2,0,53.8260550668184,0,37.3319864929654
76,1,0.690314840628482,0,0,0,2,0,53.8260550668184,0,37.3319864929654
76,2,0.805511519807549,0,0,0,2,0,53.8260550668184,0,37.3319864929654
76,4,1.10498396382641,0,0,0,2,0,53.8260550668184,0,37.3319864929654
76,6,0.58033553026811,0,0,0,2,0,53.8260550668184,0,37.3319864929654
76,8,0.551977338766944,0,0,0,2,0,53.8260550668184,0,37.3319864929654
76,12,0.355180077181291,0,0,0,2,0,53.8260550668184,0,37.3319864929654
76,24,0.0359270236599272,0,0,0,2,0,53.8260550668184,0,37.3319864929654
77,0,0,1,1,50,1,0,45.4394614048144,1,11.5085444469005
77,0.5,0.415830838521012,0,0,0,2,0,45.4394614048144,1,11.5085444469005
77,1,0.764568456903128,0,0,0,2,0,45.4394614048144,1,11.5085444469005
77,2,1.18350975648566,0,0,0,2,0,45.4394614048144,1,11.5085444469005
77,4,1.43558696471554,0,0,0,2,0,45.4394614048144,1,11.5085444469005
77,6,0.962135296862668,0,0,0,2,0,45.4394614048144,1,11.5085444469005
77,8,1.04006775512836,0,0,0,2,0,45.4394614048144,1,11.5085444469005
77,12,0.841966955360989,0,0,0,2,0,45.4394614048144,1,11.5085444469005
77,24,0.311300752982883,0,0,0,2,0,45.4394614048144,1,11.5085444469005
78,0,0,1,1,50,1,0,82.2134886204326,1,29.15706880996
78,0.5,0.73413420534898,0,0,0,2,0,82.2134886204326,1,29.15706880996
78,1,1.37133385034826,0,0,0,2,0,82.2134886204326,1,29.15706880996
78,2,0.81852474004916,0,0,0,2,0,82.2134886204326,1,29.15706880996
78,4,1.49667372933763,0,0,0,2,0,82.2134886204326,1,29.15706880996
78,6,0.720797859930274,0,0,0,2,0,82.2134886204326,1,29.15706880996
78,8,0.612051938782134,0,0,0,2,0,82.2134886204326,1,29.15706880996
78,12,0.261892759904304,0,0,0,2,0,82.2134886204326,1,29.15706880996
78,24,0.0350418293637078,0,0,0,2,0,82.2134886204326,1,29.15706880996
79,0,0,1,1,50,1,0,77.0304745252805,0,25.9990823855624
79,0.5,0.674503124864736,0,0,0,2,0,77.0304745252805,0,25.9990823855624
79,1,1.24045414694959,0,0,0,2,0,77.0304745252805,0,25.9990823855624
79,2,1.6352335227538,0,0,0,2,0,77.0304745252805,0,25.9990823855624
79,4,1.34554290487768,0,0,0,2,0,77.0304745252805,0,25.9990823855624
79,6,1.45722564139535,0,0,0,2,0,77.0304745252805,0,25.9990823855624
79,8,0.937167673937399,0,0,0,2,0,77.0304745252805,0,25.9990823855624
79,12,0.692546359550935,0,0,0,2,0,77.0304745252805,0,25.9990823855624
79,24,0.0926727860920857,0,0,0,2,0,77.0304745252805,0,25.9990823855624
80,0,0,1,1,50,1,0,76.2031258879072,1,6.46158747421578
80,0.5,0.612357508002118,0,0,0,2,0,76.2031258879072,1,6.46158747421578
80,1,1.27573977405522,0,0,0,2,0,76.2031258879072,1,6.46158747421578
80,2,1.86810687273991,0,0,0,2,0,76.2031258879072,1,6.46158747421578
80,4,2.38845866489027,0,0,0,2,0,76.2031258879072,1,6.46158747421578
80,6,1.80094433511071,0,0,0,2,0,76.2031258879072,1,6.46158747421578
80,8,2.05535638378357,0,0,0,2,0,76.2031258879072,1,6.46158747421578
80,12,1.43438472673513,0,0,0,2,0,76.2031258879072,1,6.46158747421578
80,24,1.37675074783223,0,0,0,2,0,76.2031258879072,1,6.46158747421578
81,0,0,1,1,50,1,0,65.3780295232985,0,29.4930126992986
81,0.5,0.545701564382614,0,0,0,2,0,65.3780295232985,0,29.4930126992986
81,1,0.697041464971829,0,0,0,2,0,65.3780295232985,0,29.4930126992986
81,2,1.20907108464498,0,0,0,2,0,65.3780295232985,0,29.4930126992986
81,4,0.883103529822948,0,0,0,2,0,65.3780295232985,0,29.4930126992986
81,6,0.801464080087806,0,0,0,2,0,65.3780295232985,0,29.4930126992986
81,8,0.544110513119831,0,0,0,2,0,65.3780295232985,0,29.4930126992986
81,12,0.421867221873006,0,0,0,2,0,65.3780295232985,0,29.4930126992986
81,24,0.0834148907177848,0,0,0,2,0,65.3780295232985,0,29.4930126992986
82,0,0,1,1,50,1,0,78.7672642609695,0,19.3279118607752
82,0.5,0.812801983595853,0,0,0,2,0,78.7672642609695,0,19.3279118607752
82,1,1.08414721529559,0,0,0,2,0,78.7672642609695,0,19.3279118607752
82,2,1.54943840189683,0,0,0,2,0,78.7672642609695,0,19.3279118607752
82,4,0.902369614286697,0,0,0,2,0,78.7672642609695,0,19.3279118607752
82,6,0.828560908593371,0,0,0,2,0,78.7672642609695,0,19.3279118607752
82,8,0.454599276659301,0,0,0,2,0,78.7672642609695,0,19.3279118607752
82,12,0.12590031580274,0,0,0,2,0,78.7672642609695,0,19.3279118607752
82,24,0.00374026457477435,0,0,0,2,0,78.7672642609695,0,19.3279118607752
83,0,0,1,1,50,1,0,80.0407257310767,1,4.59880994586274
83,0.5,0.503029948834461,0,0,0,2,0,80.0407257310767,1,4.59880994586274
83,1,1.10772683143343,0,0,0,2,0,80.0407257310767,1,4.59880994586274
83,2,1.33279395398873,0,0,0,2,0,80.0407257310767,1,4.59880994586274
83,4,2.01759792575354,0,0,0,2,0,80.0407257310767,1,4.59880994586274
83,6,1.72144292377028,0,0,0,2,0,80.0407257310767,1,4.59880994586274
83,8,1.8961255332237,0,0,0,2,0,80.0407257310767,1,4.59880994586274
83,12,1.56070438011904,0,0,0,2,0,80.0407257310767,1,4.59880994586274
83,24,1.48230047815407,0,0,0,2,0,80.0407257310767,1,4.59880994586274
84,0,0,1,1,50,1,0,79.8247719840466,0,11.1944145639427
84,0.5,0.528316393720293,0,0,0,2,0,79.8247719840466,0,11.1944145639427
84,1,0.753366901094763,0,0,0,2,0,79.8247719840466,0,11.1944145639427
84,2,1.32861214525284,0,0,0,2,0,79.8247719840466,0,11.1944145639427
84,4,1.00291728881151,0,0,0,2,0,79.8247719840466,0,11.1944145639427
84,6,1.22042568056214,0,0,0,2,0,79.8247719840466,0,11.1944145639427
84,8,1.44035614045099,0,0,0,2,0,79.8247719840466,0,11.1944145639427
84,12,0.867691364028727,0,0,0,2,0,79.8247719840466,0,11.1944145639427
84,24,0.731801846711867,0,0,0,2,0,79.8247719840466,0,11.1944145639427
85,0,0,1,1,50,1,0,45.4786084378388,1,38.2412063041702
85,0.5,0.666485306791811,0,0,0,2,0,45.4786084378388,1,38.2412063041702
85,1,1.13524914932641,0,0,0,2,0,45.4786084378388,1,38.2412063041702
85,2,1.26936246358039,0,0,0,2,0,45.4786084378388,1,38.2412063041702
85,4,1.20143575595962,0,0,0,2,0,45.4786084378388,1,38.2412063041702
85,6,0.718119120223657,0,0,0,2,0,45.4786084378388,1,38.2412063041702
85,8,0.342517913632273,0,0,0,2,0,45.4786084378388,1,38.2412063041702
85,12,0.164140518661392,0,0,0,2,0,45.4786084378388,1,38.2412063041702
85,24,0.0113300783670934,0,0,0,2,0,45.4786084378388,1,38.2412063041702
86,0,0,1,1,50,1,0,65.0407886061948,1,3.57689999789
86,0.5,1.09454571285022,0,0,0,2,0,65.0407886061948,1,3.57689999789
86,1,1.46786818507983,0,0,0,2,0,65.0407886061948,1,3.57689999789
86,2,2.50103058638135,0,0,0,2,0,65.0407886061948,1,3.57689999789
86,4,2.11466099908417,0,0,0,2,0,65.0407886061948,1,3.57689999789
86,6,2.89729311892678,0,0,0,2,0,65.0407886061948,1,3.57689999789
86,8,1.77379871045632,0,0,0,2,0,65.0407886061948,1,3.57689999789
86,12,2.29897559653539,0,0,0,2,0,65.0407886061948,1,3.57689999789
86,24,1.93580023749568,0,0,0,2,0,65.0407886061948,1,3.57689999789
87,0,0,1,1,50,1,0,76.9369119469744,1,37.6721766646951
87,0.5,1.24327654900128,0,0,0,2,0,76.9369119469744,1,37.6721766646951
87,1,1.21371800044903,0,0,0,2,0,76.9369119469744,1,37.6721766646951
87,2,1.39332567076555,0,0,0,2,0,76.9369119469744,1,37.6721766646951
87,4,0.538815400613662,0,0,0,2,0,76.9369119469744,1,37.6721766646951
87,6,0.229102968857945,0,0,0,2,0,76.9369119469744,1,37.6721766646951
87,8,0.115863004750197,0,0,0,2,0,76.9369119469744,1,37.6721766646951
87,12,0.0230118878222601,0,0,0,2,0,76.9369119469744,1,37.6721766646951
87,24,0.000142888641635861,0,0,0,2,0,76.9369119469744,1,37.6721766646951
88,0,0,1,1,50,1,0,66.3751939073194,0,33.5020731040277
88,0.5,0.536801782208994,0,0,0,2,0,66.3751939073194,0,33.5020731040277
88,1,0.753749992404228,0,0,0,2,0,66.3751939073194,0,33.5020731040277
88,2,1.13479689865089,0,0,0,2,0,66.3751939073194,0,33.5020731040277
88,4,1.05753374454906,0,0,0,2,0,66.3751939073194,0,33.5020731040277
88,6,0.762255113727863,0,0,0,2,0,66.3751939073194,0,33.5020731040277
88,8,0.783089496747071,0,0,0,2,0,66.3751939073194,0,33.5020731040277
88,12,0.450077155053985,0,0,0,2,0,66.3751939073194,0,33.5020731040277
88,24,0.145069866517345,0,0,0,2,0,66.3751939073194,0,33.5020731040277
89,0,0,1,1,50,1,0,76.8719835103643,1,5.2276175529696
89,0.5,0.594091535783016,0,0,0,2,0,76.8719835103643,1,5.2276175529696
89,1,0.852155394599163,0,0,0,2,0,76.8719835103643,1,5.2276175529696
89,2,1.41346653667821,0,0,0,2,0,76.8719835103643,1,5.2276175529696
89,4,1.60003063440104,0,0,0,2,0,76.8719835103643,1,5.2276175529696
89,6,1.61514388044446,0,0,0,2,0,76.8719835103643,1,5.2276175529696
89,8,1.41852058462519,0,0,0,2,0,76.8719835103643,1,5.2276175529696
89,12,1.35277579543462,0,0,0,2,0,76.8719835103643,1,5.2276175529696
89,24,1.25033925681632,0,0,0,2,0,76.8719835103643,1,5.2276175529696
90,0,0,1,1,50,1,0,76.8526509137257,0,4.64517125440761
90,0.5,0.584152942940003,0,0,0,2,0,76.8526509137257,0,4.64517125440761
90,1,1.00804959735865,0,0,0,2,0,76.8526509137257,0,4.64517125440761
90,2,1.50987884142214,0,0,0,2,0,76.8526509137257,0,4.64517125440761
90,4,1.86351806091358,0,0,0,2,0,76.8526509137257,0,4.64517125440761
90,6,1.55020075318389,0,0,0,2,0,76.8526509137257,0,4.64517125440761
90,8,1.9442348647307,0,0,0,2,0,76.8526509137257,0,4.64517125440761
90,12,2.10253635917206,0,0,0,2,0,76.8526509137257,0,4.64517125440761
90,24,1.79531506419236,0,0,0,2,0,76.8526509137257,0,4.64517125440761
91,0,0,1,1,50,1,0,85.1640742070692,1,6.75163915287703
91,0.5,0.540087226069694,0,0,0,2,0,85.1640742070692,1,6.75163915287703
91,1,0.895699813960866,0,0,0,2,0,85.1640742070692,1,6.75163915287703
91,2,1.48011451856489,0,0,0,2,0,85.1640742070692,1,6.75163915287703
91,4,1.7300035399022,0,0,0,2,0,85.1640742070692,1,6.75163915287703
91,6,1.6654961917692,0,0,0,2,0,85.1640742070692,1,6.75163915287703
91,8,1.59080092598608,0,0,0,2,0,85.1640742070692,1,6.75163915287703
91,12,1.49840492965614,0,0,0,2,0,85.1640742070692,1,6.75163915287703
91,24,1.24374186921835,0,0,0,2,0,85.1640742070692,1,6.75163915287703
92,0,0,1,1,50,1,0,63.2916430966803,0,11.4258305220865
92,0.5,0.538982840715323,0,0,0,2,0,63.2916430966803,0,11.4258305220865
92,1,1.16355937865885,0,0,0,2,0,63.2916430966803,0,11.4258305220865
92,2,1.43647141027501,0,0,0,2,0,63.2916430966803,0,11.4258305220865
92,4,1.50845304398958,0,0,0,2,0,63.2916430966803,0,11.4258305220865
92,6,1.667196575854,0,0,0,2,0,63.2916430966803,0,11.4258305220865
92,8,1.29027256264232,0,0,0,2,0,63.2916430966803,0,11.4258305220865
92,12,1.24222113955768,0,0,0,2,0,63.2916430966803,0,11.4258305220865
92,24,0.663642115996877,0,0,0,2,0,63.2916430966803,0,11.4258305220865
93,0,0,1,1,50,1,0,73.789770413699,0,6.17629186576232
93,0.5,1.46913443682405,0,0,0,2,0,73.789770413699,0,6.17629186576232
93,1,1.46120106343868,0,0,0,2,0,73.789770413699,0,6.17629186576232
93,2,1.74397975392514,0,0,0,2,0,73.789770413699,0,6.17629186576232
93,4,1.87779528374262,0,0,0,2,0,73.789770413699,0,6.17629186576232
93,6,2.06317509213641,0,0,0,2,0,73.789770413699,0,6.17629186576232
93,8,1.81484586930955,0,0,0,2,0,73.789770413699,0,6.17629186576232
93,12,1.53040559737162,0,0,0,2,0,73.789770413699,0,6.17629186576232
93,24,0.968252226971005,0,0,0,2,0,73.789770413699,0,6.17629186576232
94,0,0,1,1,50,1,0,95.6955816446997,0,9.6554854195565
94,0.5,0.681003383028191,0,0,0,2,0,95.6955816446997,0,9.6554854195565
94,1,1.00519661182118,0,0,0,2,0,95.6955816446997,0,9.6554854195565
94,2,1.21500844995873,0,0,0,2,0,95.6955816446997,0,9.6554854195565
94,4,1.51238048797107,0,0,0,2,0,95.6955816446997,0,9.6554854195565
94,6,1.50458530438771,0,0,0,2,0,95.6955816446997,0,9.6554854195565
94,8,1.34504699669539,0,0,0,2,0,95.6955816446997,0,9.6554854195565
94,12,1.13958332945252,0,0,0,2,0,95.6955816446997,0,9.6554854195565
94,24,0.680426243816888,0,0,0,2,0,95.6955816446997,0,9.6554854195565
95,0,0,1,1,50,1,0,64.9930502943573,1,3.84153686184436
95,0.5,0.970118853189033,0,0,0,2,0,64.9930502943573,1,3.84153686184436
95,1,1.13138976007724,0,0,0,2,0,64.9930502943573,1,3.84153686184436
95,2,1.48215808724593,0,0,0,2,0,64.9930502943573,1,3.84153686184436
95,4,1.71424559960426,0,0,0,2,0,64.9930502943573,1,3.84153686184436
95,6,1.23882233076859,0,0,0,2,0,64.9930502943573,1,3.84153686184436
95,8,1.65937687809962,0,0,0,2,0,64.9930502943573,1,3.84153686184436
95,12,1.56157837751693,0,0,0,2,0,64.9930502943573,1,3.84153686184436
95,24,1.64433163731817,0,0,0,2,0,64.9930502943573,1,3.84153686184436
96,0,0,1,1,50,1,0,49.0761925791046,1,37.0240139397793
96,0.5,0.775400613070083,0,0,0,2,0,49.0761925791046,1,37.0240139397793
96,1,1.07608410562208,0,0,0,2,0,49.0761925791046,1,37.0240139397793
96,2,1.46020887531402,0,0,0,2,0,49.0761925791046,1,37.0240139397793
96,4,1.20773481934987,0,0,0,2,0,49.0761925791046,1,37.0240139397793
96,6,0.859602282078229,0,0,0,2,0,49.0761925791046,1,37.0240139397793
96,8,0.559640827089502,0,0,0,2,0,49.0761925791046,1,37.0240139397793
96,12,0.222515334677816,0,0,0,2,0,49.0761925791046,1,37.0240139397793
96,24,0.0212401652947684,0,0,0,2,0,49.0761925791046,1,37.0240139397793
97,0,0,1,1,50,1,0,61.3864624737444,1,38.1334496047348
97,0.5,0.660962170987584,0,0,0,2,0,61.3864624737444,1,38.1334496047348
97,1,0.910655204493947,0,0,0,2,0,61.3864624737444,1,38.1334496047348
97,2,1.13002549811533,0,0,0,2,0,61.3864624737444,1,38.1334496047348
97,4,0.888855492517761,0,0,0,2,0,61.3864624737444,1,38.1334496047348
97,6,0.785616589024867,0,0,0,2,0,61.3864624737444,1,38.1334496047348
97,8,0.720212680389972,0,0,0,2,0,61.3864624737444,1,38.1334496047348
97,12,0.469144103611548,0,0,0,2,0,61.3864624737444,1,38.1334496047348
97,24,0.17459725446651,0,0,0,2,0,61.3864624737444,1,38.1334496047348
98,0,0,1,1,50,1,0,57.2836434364633,0,10.5067816064693
98,0.5,0.677664466933299,0,0,0,2,0,57.2836434364633,0,10.5067816064693
98,1,0.986412908948754,0,0,0,2,0,57.2836434364633,0,10.5067816064693
98,2,0.920831366053747,0,0,0,2,0,57.2836434364633,0,10.5067816064693
98,4,1.21846347700019,0,0,0,2,0,57.2836434364633,0,10.5067816064693
98,6,1.31313049784611,0,0,0,2,0,57.2836434364633,0,10.5067816064693
98,8,0.898847983391937,0,0,0,2,0,57.2836434364633,0,10.5067816064693
98,12,0.712638633947004,0,0,0,2,0,57.2836434364633,0,10.5067816064693
98,24,0.173524883759939,0,0,0,2,0,57.2836434364633,0,10.5067816064693
99,0,0,1,1,50,1,0,80.8603882499387,1,12.1028671143577
99,0.5,0.42085540100015,0,0,0,2,0,80.8603882499387,1,12.1028671143577
99,1,0.708181746086688,0,0,0,2,0,80.8603882499387,1,12.1028671143577
99,2,0.896338087766779,0,0,0,2,0,80.8603882499387,1,12.1028671143577
99,4,1.15553196897393,0,0,0,2,0,80.8603882499387,1,12.1028671143577
99,6,1.18342331402149,0,0,0,2,0,80.8603882499387,1,12.1028671143577
99,8,0.767965209384882,0,0,0,2,0,80.8603882499387,1,12.1028671143577
99,12,0.62075314855679,0,0,0,2,0,80.8603882499387,1,12.1028671143577
99,24,0.473162209183946,0,0,0,2,0,80.8603882499387,1,12.1028671143577
100,0,0,1,1,50,1,0,66.224236132111,1,8.08842177223414
100,0.5,0.554553722722882,0,0,0,2,0,66.224236132111,1,8.08842177223414
100,1,0.734990042889131,0,0,0,2,0,66.224236132111,1,8.08842177223414
100,2,1.14632438705865,0,0,0,2,0,66.224236132111,1,8.08842177223414
100,4,1.79838904034684,0,0,0,2,0,66.224236132111,1,8.08842177223414
100,6,1.64611162882086,0,0,0,2,0,66.224236132111,1,8.08842177223414
100,8,1.69354695001742,0,0,0,2,0,66.224236132111,1,8.08842177223414
100,12,1.86630800230384,0,0,0,2,0,66.224236132111,1,8.08842177223414
100,24,1.41628384177246,0,0,0,2,0,66.224236132111,1,8.08842177223414
