"NMID","eta.ka","eta.V","eta.CL"
1,0.130480715162039,0.0156962573703092,-0.064429798813785
2,-0.0459235763771523,-0.161770585297045,-0.166846183710463
3,-0.543011737977584,0.0511546579616489,-0.0636848625047411
4,0.461197961569887,-0.330817291021842,-0.16845800362548
5,0.0257845648008257,-0.167935052908113,-0.391097136903303
6,0.324326149508643,-0.1089905896741,-0.158290065221027
7,0.318804904223919,-0.0231304447785609,-0.35062928133805
8,-0.0203573200751604,-0.0123052525086142,-0.00694737413596769
9,0.314418717781557,-0.264924293726345,0.270468938803194
10,-0.142779993678983,-0.33651440326118,0.173714382407053
11,0.299482790544443,-0.132504707752402,-0.00511611696305173
12,-0.00550452762208708,-0.0255150217224311,0.135051285599684
13,-0.0116361750391358,0.247883384344771,-0.0323783743538244
14,0.139088475952423,0.129572910403576,0.0750285123952645
15,0.21166132383589,0.586028332896043,-0.418828423538672
16,-0.108659582760557,-0.256332423524191,0.0264889697557066
17,-0.191509521095413,-0.192563744094898,-0.366537714002564
18,-0.0702860576454205,-0.0830675983935482,-0.675337198367455
19,-0.306263760573191,-0.403963285655324,-0.0679848928583789
20,0.181258004021806,0.298254778591459,0.307231481634119
21,-0.169198134824589,-0.0450879098196992,-0.326088635050018
22,0.770989644713966,0.256710131054604,-0.317615202124774
23,0.374987242210171,-0.12610428742873,0.0656009411840097
24,-0.248026768781991,-0.300221984656978,-0.264468729598429
25,0.0480578045850397,0.0259018233130968,-0.406540147560374
26,0.256602182967735,-0.454014526962511,0.160844315036867
27,-0.153232839427026,0.100468564239795,0.494557675776434
28,0.158442237120912,-0.229842468025851,-0.147574710302854
29,-0.0151652705092288,-0.124940763689639,-0.0448685004293173
30,-0.237412133846138,0.201274842140901,0.0104149271679275
31,-0.505149451393233,0.283423324305674,-0.0252616416225661
32,-0.197810185530756,0.241990019952779,-0.0311306724337416
33,0.0378552795564209,-0.0260399430134359,0.0265765499003517
34,-0.129690426307665,-0.339172277658948,0.566794908066141
35,0.258138087012856,0.0350290759796927,0.176941688027358
36,-0.210462027411,0.347026095570641,-0.206923109380029
37,0.0755290010721578,0.470855031634571,0.10676094540498
38,-0.40024694138554,-0.0527953669459346,-0.279986579900644
39,0.287464288717969,-0.0483308018389914,-0.24085762068755
40,-0.29774299204776,-0.0507843895699647,-0.340656030923603
41,0.566829645521725,0.338822276126773,0.202375713162669
42,0.141832758895803,0.264643822034851,0.0519906573663752
43,-0.517935120581912,0.20570825194246,0.291218577570774
44,0.154741343698978,0.223621602666146,-0.39237878463618
45,-0.164367178614241,0.00374956348524545,0.277776744374297
46,-0.12667654321667,0.0646092464355243,0.0886683614672886
47,-0.363800471034227,-0.399586931995063,-0.185524582357136
48,0.169674871993171,0.413355004310435,0.0854847200424211
49,0.00965174791803649,0.391947951794462,0.478386454076961
50,0.0059576995180222,0.113223647494669,0.539709319957595
51,0.415130066567034,-0.195464926009767,0.393037410285058
52,-0.415625506213512,0.0625927401474389,0.00156722839031721
53,-0.599956464939259,0.0697191042240127,0.261411885667599
54,-0.00561724792072603,0.0767652979112177,-0.04076776306101
55,0.247681764090435,0.264451893906704,0.0190600858616
56,0.0785893892420529,-0.554775530550452,0.565725861784901
57,0.265991295403468,0.032042057704647,0.0192031309058444
58,0.0678581589373635,-0.151249977396033,0.066641907757674
59,0.322617924551196,-0.323916880927569,0.39166929187284
60,-0.261692080303939,0.260161034068197,-0.196920331218205
