"NMID","TIME","DV","MDV","EVID","AMT","CMT","BLQ","DVID","WT","SEX"
1,0,0,1,1,150,1,0,0,54.6134879566067,1
1,2,0.300342632460946,0,0,0,2,0,1,54.6134879566067,1
1,2,5.83600341123868,0,0,0,2,0,2,54.6134879566067,1
1,6,0.843992103085951,0,0,0,2,0,1,54.6134879566067,1
1,6,6.02617659274955,0,0,0,2,0,2,54.6134879566067,1
1,12,2.63799999040565,0,0,0,2,0,1,54.6134879566067,1
1,12,5.8977430540348,0,0,0,2,0,2,54.6134879566067,1
1,18,5.44115852939262,0,0,0,2,0,1,54.6134879566067,1
1,18,5.19348997154716,0,0,0,2,0,2,54.6134879566067,1
1,24,7.7684714527923,0,0,0,2,0,1,54.6134879566067,1
1,24,7.00655481772426,0,0,0,2,0,2,54.6134879566067,1
1,72,17.3967884783044,0,0,0,2,0,1,54.6134879566067,1
1,72,7.27111739561026,0,0,0,2,0,2,54.6134879566067,1
1,168,7.73110796250222,0,0,0,2,0,1,54.6134879566067,1
1,168,4.09920517138684,0,0,0,2,0,2,54.6134879566067,1
1,336,0.081455612032455,0,0,0,2,0,1,54.6134879566067,1
1,336,7.02835743559935,0,0,0,2,0,2,54.6134879566067,1
1,504,0.0024472001889214,0,0,0,2,0,1,54.6134879566067,1
1,504,5.83424799555319,0,0,0,2,0,2,54.6134879566067,1
1,672,0.000124087854043184,0,0,0,2,0,1,54.6134879566067,1
1,672,6.0998738381164,0,0,0,2,0,2,54.6134879566067,1
1,1008,2.1153067559474e-07,0,0,0,2,0,1,54.6134879566067,1
1,1008,5.11418365999254,0,0,0,2,0,2,54.6134879566067,1
1,1344,3.476062516912e-10,0,0,0,2,0,1,54.6134879566067,1
1,1344,6.15253179300328,0,0,0,2,0,2,54.6134879566067,1
2,0,0,1,1,150,1,0,0,74.8696568538122,0
2,2,0.165706825510388,0,0,0,2,0,1,74.8696568538122,0
2,2,11.2627832270788,0,0,0,2,0,2,74.8696568538122,0
2,6,0.622174997193997,0,0,0,2,0,1,74.8696568538122,0
2,6,9.85144322111922,0,0,0,2,0,2,74.8696568538122,0
2,12,1.47522492031597,0,0,0,2,0,1,74.8696568538122,0
2,12,10.5471264437662,0,0,0,2,0,2,74.8696568538122,0
2,18,2.82297379484344,0,0,0,2,0,1,74.8696568538122,0
2,18,12.0379656644095,0,0,0,2,0,2,74.8696568538122,0
2,24,4.3280042637405,0,0,0,2,0,1,74.8696568538122,0
2,24,10.4382975312695,0,0,0,2,0,2,74.8696568538122,0
2,72,2.65188790238627,0,0,0,2,0,1,74.8696568538122,0
2,72,9.34303228279207,0,0,0,2,0,2,74.8696568538122,0
2,168,0.140727452044303,0,0,0,2,0,1,74.8696568538122,0
2,168,10.1343555675746,0,0,0,2,0,2,74.8696568538122,0
2,336,0.00218427252305722,0,0,0,2,0,1,74.8696568538122,0
2,336,10.5184022988161,0,0,0,2,0,2,74.8696568538122,0
2,504,9.5516728811177e-05,0,0,0,2,0,1,74.8696568538122,0
2,504,10.9629799757184,0,0,0,2,0,2,74.8696568538122,0
2,672,3.04877591076941e-06,0,0,0,2,0,1,74.8696568538122,0
2,672,10.8009509811406,0,0,0,2,0,2,74.8696568538122,0
2,1008,1.47353687325637e-09,0,0,0,2,0,1,74.8696568538122,0
2,1008,11.0373545239175,0,0,0,2,0,2,74.8696568538122,0
2,1344,NA,1,0,0,2,0,1,74.8696568538122,0
2,1344,7.39905250783583,0,0,0,2,0,2,74.8696568538122,0
3,0,0,1,1,150,1,0,0,67.6218925587676,0
3,2,0.0724380655740082,0,0,0,2,0,1,67.6218925587676,0
3,2,13.5226530015375,0,0,0,2,0,2,67.6218925587676,0
3,6,0.219843040103267,0,0,0,2,0,1,67.6218925587676,0
3,6,13.6784819341909,0,0,0,2,0,2,67.6218925587676,0
3,12,0.799060987805487,0,0,0,2,0,1,67.6218925587676,0
3,12,12.5435551888424,0,0,0,2,0,2,67.6218925587676,0
3,18,1.10765419722788,0,0,0,2,0,1,67.6218925587676,0
3,18,14.4628679477865,0,0,0,2,0,2,67.6218925587676,0
3,24,1.27841071111065,0,0,0,2,0,1,67.6218925587676,0
3,24,12.5540098919282,0,0,0,2,0,2,67.6218925587676,0
3,72,3.41670071847924,0,0,0,2,0,1,67.6218925587676,0
3,72,12.9801274613181,0,0,0,2,0,2,67.6218925587676,0
3,168,0.643774576177065,0,0,0,2,0,1,67.6218925587676,0
3,168,13.0461353082214,0,0,0,2,0,2,67.6218925587676,0
3,336,0.0667126207144598,0,0,0,2,0,1,67.6218925587676,0
3,336,12.2104124715125,0,0,0,2,0,2,67.6218925587676,0
3,504,0.00469813967269699,0,0,0,2,0,1,67.6218925587676,0
3,504,10.1490067151328,0,0,0,2,0,2,67.6218925587676,0
3,672,0.000405555614729745,0,0,0,2,0,1,67.6218925587676,0
3,672,12.2725133909098,0,0,0,2,0,2,67.6218925587676,0
3,1008,2.73395099987484e-06,0,0,0,2,0,1,67.6218925587676,0
3,1008,13.7625410968192,0,0,0,2,0,2,67.6218925587676,0
3,1344,1.40229606137299e-08,0,0,0,2,0,1,67.6218925587676,0
3,1344,13.2352838562089,0,0,0,2,0,2,67.6218925587676,0
4,0,0,1,1,150,1,0,0,88.1633104591372,1
4,2,0.263147258712,0,0,0,2,0,1,88.1633104591372,1
4,2,7.75178241380968,0,0,0,2,0,2,88.1633104591372,1
4,6,0.626797437401274,0,0,0,2,0,1,88.1633104591372,1
4,6,9.82842271694932,0,0,0,2,0,2,88.1633104591372,1
4,12,2.63485546324539,0,0,0,2,0,1,88.1633104591372,1
4,12,10.1183015568945,0,0,0,2,0,2,88.1633104591372,1
4,18,3.99734470128759,0,0,0,2,0,1,88.1633104591372,1
4,18,9.76928027010539,0,0,0,2,0,2,88.1633104591372,1
4,24,5.13745416410676,0,0,0,2,0,1,88.1633104591372,1
4,24,7.92848999774229,0,0,0,2,0,2,88.1633104591372,1
4,72,9.00680714836615,0,0,0,2,0,1,88.1633104591372,1
4,72,9.20633864414493,0,0,0,2,0,2,88.1633104591372,1
4,168,1.0821803200871,0,0,0,2,0,1,88.1633104591372,1
4,168,9.60781321411918,0,0,0,2,0,2,88.1633104591372,1
4,336,0.0261983519142553,0,0,0,2,0,1,88.1633104591372,1
4,336,9.29888398457616,0,0,0,2,0,2,88.1633104591372,1
4,504,0.000910595322506279,0,0,0,2,0,1,88.1633104591372,1
4,504,10.4678823956159,0,0,0,2,0,2,88.1633104591372,1
4,672,4.32417955035971e-05,0,0,0,2,0,1,88.1633104591372,1
4,672,7.74452470315041,0,0,0,2,0,2,88.1633104591372,1
4,1008,3.94144334458566e-08,0,0,0,2,0,1,88.1633104591372,1
4,1008,9.64073610274537,0,0,0,2,0,2,88.1633104591372,1
4,1344,7.54091202802958e-11,0,0,0,2,0,1,88.1633104591372,1
4,1344,9.40691474704384,0,0,0,2,0,2,88.1633104591372,1
5,0,0,1,1,150,1,0,0,44.7585124278966,0
5,2,0.305366910536336,0,0,0,2,0,1,44.7585124278966,0
5,2,9.72235264372216,0,0,0,2,0,2,44.7585124278966,0
5,6,1.1346300187509,0,0,0,2,0,1,44.7585124278966,0
5,6,10.0818784865977,0,0,0,2,0,2,44.7585124278966,0
5,12,3.04013124680699,0,0,0,2,0,1,44.7585124278966,0
5,12,8.12498509293499,0,0,0,2,0,2,44.7585124278966,0
5,18,6.70041735455578,0,0,0,2,0,1,44.7585124278966,0
5,18,9.97990416524082,0,0,0,2,0,2,44.7585124278966,0
5,24,7.17388425532457,0,0,0,2,0,1,44.7585124278966,0
5,24,9.9557791528738,0,0,0,2,0,2,44.7585124278966,0
5,72,11.7280132201051,0,0,0,2,0,1,44.7585124278966,0
5,72,8.97049250944819,0,0,0,2,0,2,44.7585124278966,0
5,168,3.67084686514839,0,0,0,2,0,1,44.7585124278966,0
5,168,9.66889202770451,0,0,0,2,0,2,44.7585124278966,0
5,336,0.0485093957656784,0,0,0,2,0,1,44.7585124278966,0
5,336,9.53409429587863,0,0,0,2,0,2,44.7585124278966,0
5,504,0.00205763488051645,0,0,0,2,0,1,44.7585124278966,0
5,504,10.6185239682852,0,0,0,2,0,2,44.7585124278966,0
5,672,9.57573930427328e-05,0,0,0,2,0,1,44.7585124278966,0
5,672,11.816463737129,0,0,0,2,0,2,44.7585124278966,0
5,1008,2.07504036968294e-07,0,0,0,2,0,1,44.7585124278966,0
5,1008,9.47794478951231,0,0,0,2,0,2,44.7585124278966,0
5,1344,3.32075280379065e-10,0,0,0,2,0,1,44.7585124278966,0
5,1344,8.87223918589288,0,0,0,2,0,2,44.7585124278966,0
6,0,0,1,1,150,1,0,0,85.0329564768812,0
6,2,0.0852146220194065,0,0,0,2,0,1,85.0329564768812,0
6,2,11.1955983100189,0,0,0,2,0,2,85.0329564768812,0
6,6,0.335908227013826,0,0,0,2,0,1,85.0329564768812,0
6,6,9.56269598116078,0,0,0,2,0,2,85.0329564768812,0
6,12,1.25447419109653,0,0,0,2,0,1,85.0329564768812,0
6,12,6.9676931679896,0,0,0,2,0,2,85.0329564768812,0
6,18,1.70563062503122,0,0,0,2,0,1,85.0329564768812,0
6,18,10.79022995521,0,0,0,2,0,2,85.0329564768812,0
6,24,2.81334831689655,0,0,0,2,0,1,85.0329564768812,0
6,24,12.0674026022525,0,0,0,2,0,2,85.0329564768812,0
6,72,3.54597822780705,0,0,0,2,0,1,85.0329564768812,0
6,72,10.8976628957052,0,0,0,2,0,2,85.0329564768812,0
6,168,0.278674630446535,0,0,0,2,0,1,85.0329564768812,0
6,168,9.02890999599214,0,0,0,2,0,2,85.0329564768812,0
6,336,0.0146179482445019,0,0,0,2,0,1,85.0329564768812,0
6,336,9.59397517330355,0,0,0,2,0,2,85.0329564768812,0
6,504,0.00104622396432082,0,0,0,2,0,1,85.0329564768812,0
6,504,9.50073357101526,0,0,0,2,0,2,85.0329564768812,0
6,672,7.6229465526162e-05,0,0,0,2,0,1,85.0329564768812,0
6,672,8.00757593317457,0,0,0,2,0,2,85.0329564768812,0
6,1008,3.46528280709766e-07,0,0,0,2,0,1,85.0329564768812,0
6,1008,8.76759267153311,0,0,0,2,0,2,85.0329564768812,0
6,1344,1.74852984334147e-09,0,0,0,2,0,1,85.0329564768812,0
6,1344,10.4963666209364,0,0,0,2,0,2,85.0329564768812,0
7,0,0,1,1,150,1,0,0,59.3053017023093,1
7,2,0.141203013540024,0,0,0,2,0,1,59.3053017023093,1
7,2,4.67635861390091,0,0,0,2,0,2,59.3053017023093,1
7,6,1.11361178254584,0,0,0,2,0,1,59.3053017023093,1
7,6,6.93076985989565,0,0,0,2,0,2,59.3053017023093,1
7,12,2.98781994556209,0,0,0,2,0,1,59.3053017023093,1
7,12,5.92360282123424,0,0,0,2,0,2,59.3053017023093,1
7,18,6.2776009301853,0,0,0,2,0,1,59.3053017023093,1
7,18,7.61975669968186,0,0,0,2,0,2,59.3053017023093,1
7,24,9.01502530570132,0,0,0,2,0,1,59.3053017023093,1
7,24,6.90025040970044,0,0,0,2,0,2,59.3053017023093,1
7,72,13.6096602938531,0,0,0,2,0,1,59.3053017023093,1
7,72,5.51802939546554,0,0,0,2,0,2,59.3053017023093,1
7,168,1.385308226648,0,0,0,2,0,1,59.3053017023093,1
7,168,6.7086721593296,0,0,0,2,0,2,59.3053017023093,1
7,336,0.00874921395485036,0,0,0,2,0,1,59.3053017023093,1
7,336,6.86370250786719,0,0,0,2,0,2,59.3053017023093,1
7,504,0.000134054726421895,0,0,0,2,0,1,59.3053017023093,1
7,504,6.46450535493972,0,0,0,2,0,2,59.3053017023093,1
7,672,2.41619164502998e-06,0,0,0,2,0,1,59.3053017023093,1
7,672,5.98182633796188,0,0,0,2,0,2,59.3053017023093,1
7,1008,1.13419056954771e-09,0,0,0,2,0,1,59.3053017023093,1
7,1008,5.27657260247522,0,0,0,2,0,2,59.3053017023093,1
7,1344,NA,1,0,0,2,0,1,59.3053017023093,1
7,1344,7.22316320602818,0,0,0,2,0,2,59.3053017023093,1
8,0,0,1,1,150,1,0,0,53.3566264060178,1
8,2,0.112651644717602,0,0,0,2,0,1,53.3566264060178,1
8,2,8.43523154281712,0,0,0,2,0,2,53.3566264060178,1
8,6,0.244188695017142,0,0,0,2,0,1,53.3566264060178,1
8,6,11.7869961590866,0,0,0,2,0,2,53.3566264060178,1
8,12,0.635117401795158,0,0,0,2,0,1,53.3566264060178,1
8,12,9.31462607886726,0,0,0,2,0,2,53.3566264060178,1
8,18,1.0898970623073,0,0,0,2,0,1,53.3566264060178,1
8,18,9.89747388117421,0,0,0,2,0,2,53.3566264060178,1
8,24,1.10727474208941,0,0,0,2,0,1,53.3566264060178,1
8,24,10.8775556089514,0,0,0,2,0,2,53.3566264060178,1
8,72,1.79103219106241,0,0,0,2,0,1,53.3566264060178,1
8,72,9.24269932513959,0,0,0,2,0,2,53.3566264060178,1
8,168,0.436031131207161,0,0,0,2,0,1,53.3566264060178,1
8,168,9.35644599894046,0,0,0,2,0,2,53.3566264060178,1
8,336,0.0213005143061127,0,0,0,2,0,1,53.3566264060178,1
8,336,9.32500138731219,0,0,0,2,0,2,53.3566264060178,1
8,504,0.0030980116941094,0,0,0,2,0,1,53.3566264060178,1
8,504,6.13279932964585,0,0,0,2,0,2,53.3566264060178,1
8,672,0.000285500976373304,0,0,0,2,0,1,53.3566264060178,1
8,672,10.8335332722812,0,0,0,2,0,2,53.3566264060178,1
8,1008,1.99799792394958e-06,0,0,0,2,0,1,53.3566264060178,1
8,1008,9.91474094801416,0,0,0,2,0,2,53.3566264060178,1
8,1344,2.47167411310386e-08,0,0,0,2,0,1,53.3566264060178,1
8,1344,10.2835196344708,0,0,0,2,0,2,53.3566264060178,1
9,0,0,1,1,150,1,0,0,66.5347931572917,1
9,2,0.0715443784783277,0,0,0,2,0,1,66.5347931572917,1
9,2,10.5861787461597,0,0,0,2,0,2,66.5347931572917,1
9,6,0.218128962201062,0,0,0,2,0,1,66.5347931572917,1
9,6,12.5062342453611,0,0,0,2,0,2,66.5347931572917,1
9,12,0.530541957604559,0,0,0,2,0,1,66.5347931572917,1
9,12,13.9347353264982,0,0,0,2,0,2,66.5347931572917,1
9,18,0.744627755605235,0,0,0,2,0,1,66.5347931572917,1
9,18,12.1074853024869,0,0,0,2,0,2,66.5347931572917,1
9,24,0.621208139433253,0,0,0,2,0,1,66.5347931572917,1
9,24,13.0783432068382,0,0,0,2,0,2,66.5347931572917,1
9,72,0.7999016434476,0,0,0,2,0,1,66.5347931572917,1
9,72,11.2123384504818,0,0,0,2,0,2,66.5347931572917,1
9,168,0.111318709005551,0,0,0,2,0,1,66.5347931572917,1
9,168,11.5471278932344,0,0,0,2,0,2,66.5347931572917,1
9,336,0.00412331801755089,0,0,0,2,0,1,66.5347931572917,1
9,336,11.8896148883791,0,0,0,2,0,2,66.5347931572917,1
9,504,9.40219857628139e-05,0,0,0,2,0,1,66.5347931572917,1
9,504,11.5661307461383,0,0,0,2,0,2,66.5347931572917,1
9,672,3.60644041607781e-06,0,0,0,2,0,1,66.5347931572917,1
9,672,14.110112875949,0,0,0,2,0,2,66.5347931572917,1
9,1008,2.79553414906229e-09,0,0,0,2,0,1,66.5347931572917,1
9,1008,12.5482212043971,0,0,0,2,0,2,66.5347931572917,1
9,1344,1.32899300544316e-12,0,0,0,2,0,1,66.5347931572917,1
9,1344,11.1585549716409,0,0,0,2,0,2,66.5347931572917,1
10,0,0,1,1,150,1,0,0,70.0832724573992,0
10,2,0.267853739240846,0,0,0,2,0,1,70.0832724573992,0
10,2,9.64759123278045,0,0,0,2,0,2,70.0832724573992,0
10,6,0.990885326809214,0,0,0,2,0,1,70.0832724573992,0
10,6,12.041258077779,0,0,0,2,0,2,70.0832724573992,0
10,12,1.11693727915088,0,0,0,2,0,1,70.0832724573992,0
10,12,9.64014505111371,0,0,0,2,0,2,70.0832724573992,0
10,18,4.28085611934535,0,0,0,2,0,1,70.0832724573992,0
10,18,11.5075829287626,0,0,0,2,0,2,70.0832724573992,0
10,24,6.18075464058529,0,0,0,2,0,1,70.0832724573992,0
10,24,9.57913499608581,0,0,0,2,0,2,70.0832724573992,0
10,72,5.79248140938025,0,0,0,2,0,1,70.0832724573992,0
10,72,10.0826053733334,0,0,0,2,0,2,70.0832724573992,0
10,168,0.495665947655365,0,0,0,2,0,1,70.0832724573992,0
10,168,11.4000767176356,0,0,0,2,0,2,70.0832724573992,0
10,336,0.00802473160597248,0,0,0,2,0,1,70.0832724573992,0
10,336,7.63819387555181,0,0,0,2,0,2,70.0832724573992,0
10,504,0.000265648310368747,0,0,0,2,0,1,70.0832724573992,0
10,504,9.49485648076148,0,0,0,2,0,2,70.0832724573992,0
10,672,1.86186840698752e-05,0,0,0,2,0,1,70.0832724573992,0
10,672,10.5180479971571,0,0,0,2,0,2,70.0832724573992,0
10,1008,2.31009659995424e-08,0,0,0,2,0,1,70.0832724573992,0
10,1008,11.5573406140912,0,0,0,2,0,2,70.0832724573992,0
10,1344,3.85767545076859e-11,0,0,0,2,0,1,70.0832724573992,0
10,1344,10.4159202307947,0,0,0,2,0,2,70.0832724573992,0
11,0,0,1,1,150,1,0,0,80.0740095744902,1
11,2,0.175818132648562,0,0,0,2,0,1,80.0740095744902,1
11,2,10.5506180568304,0,0,0,2,0,2,80.0740095744902,1
11,6,0.564122859774768,0,0,0,2,0,1,80.0740095744902,1
11,6,11.0471880532268,0,0,0,2,0,2,80.0740095744902,1
11,12,1.60730964634724,0,0,0,2,0,1,80.0740095744902,1
11,12,10.8387468004422,0,0,0,2,0,2,80.0740095744902,1
11,18,3.67760359594483,0,0,0,2,0,1,80.0740095744902,1
11,18,11.6032604716589,0,0,0,2,0,2,80.0740095744902,1
11,24,4.09975541915517,0,0,0,2,0,1,80.0740095744902,1
11,24,9.56384583009244,0,0,0,2,0,2,80.0740095744902,1
11,72,8.94902809490361,0,0,0,2,0,1,80.0740095744902,1
11,72,12.2487371348907,0,0,0,2,0,2,80.0740095744902,1
11,168,0.705454189707995,0,0,0,2,0,1,80.0740095744902,1
11,168,8.66474834197355,0,0,0,2,0,2,80.0740095744902,1
11,336,0.0153862205862776,0,0,0,2,0,1,80.0740095744902,1
11,336,11.7128664255028,0,0,0,2,0,2,80.0740095744902,1
11,504,0.00041450207382645,0,0,0,2,0,1,80.0740095744902,1
11,504,9.7041347658104,0,0,0,2,0,2,80.0740095744902,1
11,672,1.75555517658383e-05,0,0,0,2,0,1,80.0740095744902,1
11,672,9.89434352010782,0,0,0,2,0,2,80.0740095744902,1
11,1008,1.4722597392342e-08,0,0,0,2,0,1,80.0740095744902,1
11,1008,13.3153697812205,0,0,0,2,0,2,80.0740095744902,1
11,1344,1.33324000964569e-11,0,0,0,2,0,1,80.0740095744902,1
11,1344,10.4895435346649,0,0,0,2,0,2,80.0740095744902,1
12,0,0,1,1,150,1,0,0,62.2476784015122,0
12,2,0.103422792159634,0,0,0,2,0,1,62.2476784015122,0
12,2,9.96338265321096,0,0,0,2,0,2,62.2476784015122,0
12,6,0.381631216701266,0,0,0,2,0,1,62.2476784015122,0
12,6,9.59115221804906,0,0,0,2,0,2,62.2476784015122,0
12,12,1.20682952002173,0,0,0,2,0,1,62.2476784015122,0
12,12,12.6958205200116,0,0,0,2,0,2,62.2476784015122,0
12,18,1.62591090670626,0,0,0,2,0,1,62.2476784015122,0
12,18,10.8914030397657,0,0,0,2,0,2,62.2476784015122,0
12,24,2.94767140230146,0,0,0,2,0,1,62.2476784015122,0
12,24,10.0435549459304,0,0,0,2,0,2,62.2476784015122,0
12,72,2.74680591701364,0,0,0,2,0,1,62.2476784015122,0
12,72,10.806569342666,0,0,0,2,0,2,62.2476784015122,0
12,168,0.216133861001113,0,0,0,2,0,1,62.2476784015122,0
12,168,11.6557756262605,0,0,0,2,0,2,62.2476784015122,0
12,336,0.0058487500088414,0,0,0,2,0,1,62.2476784015122,0
12,336,9.3318191797489,0,0,0,2,0,2,62.2476784015122,0
12,504,0.000259072878460771,0,0,0,2,0,1,62.2476784015122,0
12,504,10.4184223778111,0,0,0,2,0,2,62.2476784015122,0
12,672,7.60781581811462e-06,0,0,0,2,0,1,62.2476784015122,0
12,672,13.0123730459875,0,0,0,2,0,2,62.2476784015122,0
12,1008,8.28842707521377e-09,0,0,0,2,0,1,62.2476784015122,0
12,1008,10.3743860253137,0,0,0,2,0,2,62.2476784015122,0
12,1344,1.82836452549952e-11,0,0,0,2,0,1,62.2476784015122,0
12,1344,9.28536955310117,0,0,0,2,0,2,62.2476784015122,0
13,0,0,1,1,150,1,0,0,82.5774140176725,0
13,2,0.239350821264052,0,0,0,2,0,1,82.5774140176725,0
13,2,11.1712323569069,0,0,0,2,0,2,82.5774140176725,0
13,6,0.99379734601737,0,0,0,2,0,1,82.5774140176725,0
13,6,11.8325869862216,0,0,0,2,0,2,82.5774140176725,0
13,12,2.246808422676,0,0,0,2,0,1,82.5774140176725,0
13,12,11.8616870783073,0,0,0,2,0,2,82.5774140176725,0
13,18,2.97273833258353,0,0,0,2,0,1,82.5774140176725,0
13,18,10.5794705661937,0,0,0,2,0,2,82.5774140176725,0
13,24,4.6813701403904,0,0,0,2,0,1,82.5774140176725,0
13,24,10.1437114234441,0,0,0,2,0,2,82.5774140176725,0
13,72,6.59049076734888,0,0,0,2,0,1,82.5774140176725,0
13,72,7.00904956365596,0,0,0,2,0,2,82.5774140176725,0
13,168,1.12101314294621,0,0,0,2,0,1,82.5774140176725,0
13,168,10.9853482206933,0,0,0,2,0,2,82.5774140176725,0
13,336,0.0354258154788482,0,0,0,2,0,1,82.5774140176725,0
13,336,9.88947621916592,0,0,0,2,0,2,82.5774140176725,0
13,504,0.00130646363298064,0,0,0,2,0,1,82.5774140176725,0
13,504,10.5499572590436,0,0,0,2,0,2,82.5774140176725,0
13,672,6.58895859075472e-05,0,0,0,2,0,1,82.5774140176725,0
13,672,9.33015402610747,0,0,0,2,0,2,82.5774140176725,0
13,1008,9.09637298361637e-08,0,0,0,2,0,1,82.5774140176725,0
13,1008,11.503260534294,0,0,0,2,0,2,82.5774140176725,0
13,1344,1.23657377427088e-10,0,0,0,2,0,1,82.5774140176725,0
13,1344,12.1930676587588,0,0,0,2,0,2,82.5774140176725,0
14,0,0,1,1,150,1,0,0,81.8914120969079,0
14,2,0.175160652751128,0,0,0,2,0,1,81.8914120969079,0
14,2,10.2017863544851,0,0,0,2,0,2,81.8914120969079,0
14,6,0.464988971550704,0,0,0,2,0,1,81.8914120969079,0
14,6,10.1271149766184,0,0,0,2,0,2,81.8914120969079,0
14,12,1.48128593386385,0,0,0,2,0,1,81.8914120969079,0
14,12,14.5418443715201,0,0,0,2,0,2,81.8914120969079,0
14,18,2.41250159649714,0,0,0,2,0,1,81.8914120969079,0
14,18,11.9705151931536,0,0,0,2,0,2,81.8914120969079,0
14,24,4.9643995144582,0,0,0,2,0,1,81.8914120969079,0
14,24,12.4578907367624,0,0,0,2,0,2,81.8914120969079,0
14,72,6.60549409827521,0,0,0,2,0,1,81.8914120969079,0
14,72,10.6430184666365,0,0,0,2,0,2,81.8914120969079,0
14,168,0.993357149701438,0,0,0,2,0,1,81.8914120969079,0
14,168,13.2880699918657,0,0,0,2,0,2,81.8914120969079,0
14,336,0.0561298006887811,0,0,0,2,0,1,81.8914120969079,0
14,336,10.6618077206573,0,0,0,2,0,2,81.8914120969079,0
14,504,0.00263879771338305,0,0,0,2,0,1,81.8914120969079,0
14,504,11.3120219212101,0,0,0,2,0,2,81.8914120969079,0
14,672,0.000171171270773753,0,0,0,2,0,1,81.8914120969079,0
14,672,11.204940663536,0,0,0,2,0,2,81.8914120969079,0
14,1008,4.35538334518567e-07,0,0,0,2,0,1,81.8914120969079,0
14,1008,11.4453945284842,0,0,0,2,0,2,81.8914120969079,0
14,1344,1.4863555079999e-09,0,0,0,2,0,1,81.8914120969079,0
14,1344,10.6721416212896,0,0,0,2,0,2,81.8914120969079,0
15,0,0,1,1,150,1,0,0,54.2743847926948,1
15,2,0.134365567307443,0,0,0,2,0,1,54.2743847926948,1
15,2,5.83097981186365,0,0,0,2,0,2,54.2743847926948,1
15,6,0.4908558457124,0,0,0,2,0,1,54.2743847926948,1
15,6,7.23600671906483,0,0,0,2,0,2,54.2743847926948,1
15,12,2.24850471923921,0,0,0,2,0,1,54.2743847926948,1
15,12,7.48434664387781,0,0,0,2,0,2,54.2743847926948,1
15,18,3.53452291931357,0,0,0,2,0,1,54.2743847926948,1
15,18,8.59854787799863,0,0,0,2,0,2,54.2743847926948,1
15,24,4.58074153042266,0,0,0,2,0,1,54.2743847926948,1
15,24,9.50820641191548,0,0,0,2,0,2,54.2743847926948,1
15,72,6.9470350572387,0,0,0,2,0,1,54.2743847926948,1
15,72,8.10201303548571,0,0,0,2,0,2,54.2743847926948,1
15,168,0.75985974841611,0,0,0,2,0,1,54.2743847926948,1
15,168,7.91054851857312,0,0,0,2,0,2,54.2743847926948,1
15,336,0.0236543615077086,0,0,0,2,0,1,54.2743847926948,1
15,336,7.94558519550151,0,0,0,2,0,2,54.2743847926948,1
15,504,0.000566537066394501,0,0,0,2,0,1,54.2743847926948,1
15,504,7.42217456658205,0,0,0,2,0,2,54.2743847926948,1
15,672,2.29770972118456e-05,0,0,0,2,0,1,54.2743847926948,1
15,672,8.54469340260102,0,0,0,2,0,2,54.2743847926948,1
15,1008,1.63749765006165e-08,0,0,0,2,0,1,54.2743847926948,1
15,1008,7.69548279428087,0,0,0,2,0,2,54.2743847926948,1
15,1344,1.53811285303417e-11,0,0,0,2,0,1,54.2743847926948,1
15,1344,7.72492093199863,0,0,0,2,0,2,54.2743847926948,1
16,0,0,1,1,150,1,0,0,80.364391196416,0
16,2,0.304146883836678,0,0,0,2,0,1,80.364391196416,0
16,2,12.5318623072494,0,0,0,2,0,2,80.364391196416,0
16,6,1.0253723447331,0,0,0,2,0,1,80.364391196416,0
16,6,14.9534841565927,0,0,0,2,0,2,80.364391196416,0
16,12,4.56851260718091,0,0,0,2,0,1,80.364391196416,0
16,12,13.8527707025557,0,0,0,2,0,2,80.364391196416,0
16,18,6.69498524165609,0,0,0,2,0,1,80.364391196416,0
16,18,12.40440861904,0,0,0,2,0,2,80.364391196416,0
16,24,8.46735555488023,0,0,0,2,0,1,80.364391196416,0
16,24,14.4418262963324,0,0,0,2,0,2,80.364391196416,0
16,72,9.84779785642328,0,0,0,2,0,1,80.364391196416,0
16,72,13.3063088378997,0,0,0,2,0,2,80.364391196416,0
16,168,0.501775363929778,0,0,0,2,0,1,80.364391196416,0
16,168,14.2946275433313,0,0,0,2,0,2,80.364391196416,0
16,336,0.00843695133387016,0,0,0,2,0,1,80.364391196416,0
16,336,13.9235008718244,0,0,0,2,0,2,80.364391196416,0
16,504,0.000319097136691122,0,0,0,2,0,1,80.364391196416,0
16,504,14.248105879623,0,0,0,2,0,2,80.364391196416,0
16,672,5.80050644127827e-06,0,0,0,2,0,1,80.364391196416,0
16,672,9.68270201027375,0,0,0,2,0,2,80.364391196416,0
16,1008,5.13642513945565e-09,0,0,0,2,0,1,80.364391196416,0
16,1008,12.342118980223,0,0,0,2,0,2,80.364391196416,0
16,1344,2.44510391610553e-12,0,0,0,2,0,1,80.364391196416,0
16,1344,13.7036498692073,0,0,0,2,0,2,80.364391196416,0
17,0,0,1,1,150,1,0,0,84.1890247940715,0
17,2,0.101547178236414,0,0,0,2,0,1,84.1890247940715,0
17,2,12.0921869702222,0,0,0,2,0,2,84.1890247940715,0
17,6,0.2984153441326,0,0,0,2,0,1,84.1890247940715,0
17,6,13.4400242167979,0,0,0,2,0,2,84.1890247940715,0
17,12,0.88341879390456,0,0,0,2,0,1,84.1890247940715,0
17,12,14.907385864401,0,0,0,2,0,2,84.1890247940715,0
17,18,1.35306009461133,0,0,0,2,0,1,84.1890247940715,0
17,18,12.4865589586135,0,0,0,2,0,2,84.1890247940715,0
17,24,1.32963063302914,0,0,0,2,0,1,84.1890247940715,0
17,24,12.9745770505608,0,0,0,2,0,2,84.1890247940715,0
17,72,2.71196061418981,0,0,0,2,0,1,84.1890247940715,0
17,72,11.8475359242452,0,0,0,2,0,2,84.1890247940715,0
17,168,0.456576164380464,0,0,0,2,0,1,84.1890247940715,0
17,168,13.5406856709793,0,0,0,2,0,2,84.1890247940715,0
17,336,0.0298986099391985,0,0,0,2,0,1,84.1890247940715,0
17,336,12.6175068865888,0,0,0,2,0,2,84.1890247940715,0
17,504,0.00160527802421166,0,0,0,2,0,1,84.1890247940715,0
17,504,12.8980356641339,0,0,0,2,0,2,84.1890247940715,0
17,672,0.000125891888225258,0,0,0,2,0,1,84.1890247940715,0
17,672,10.0370746223027,0,0,0,2,0,2,84.1890247940715,0
17,1008,3.72516939853549e-07,0,0,0,2,0,1,84.1890247940715,0
17,1008,11.8135328803325,0,0,0,2,0,2,84.1890247940715,0
17,1344,1.14795950382354e-09,0,0,0,2,0,1,84.1890247940715,0
17,1344,14.4727695703392,0,0,0,2,0,2,84.1890247940715,0
18,0,0,1,1,150,1,0,0,64.5916851893309,0
18,2,0.308230693102654,0,0,0,2,0,1,64.5916851893309,0
18,2,10.8101790470345,0,0,0,2,0,2,64.5916851893309,0
18,6,1.41008011522495,0,0,0,2,0,1,64.5916851893309,0
18,6,8.29895682889722,0,0,0,2,0,2,64.5916851893309,0
18,12,3.95306861529012,0,0,0,2,0,1,64.5916851893309,0
18,12,9.95086219518035,0,0,0,2,0,2,64.5916851893309,0
18,18,7.42069890922715,0,0,0,2,0,1,64.5916851893309,0
18,18,8.27190920582486,0,0,0,2,0,2,64.5916851893309,0
18,24,10.0925182253013,0,0,0,2,0,1,64.5916851893309,0
18,24,7.41430701526314,0,0,0,2,0,2,64.5916851893309,0
18,72,13.1136050560301,0,0,0,2,0,1,64.5916851893309,0
18,72,6.97838907692417,0,0,0,2,0,2,64.5916851893309,0
18,168,4.07620985657698,0,0,0,2,0,1,64.5916851893309,0
18,168,8.31726082219117,0,0,0,2,0,2,64.5916851893309,0
18,336,0.044881429460577,0,0,0,2,0,1,64.5916851893309,0
18,336,8.82654490062434,0,0,0,2,0,2,64.5916851893309,0
18,504,0.00115817009434275,0,0,0,2,0,1,64.5916851893309,0
18,504,7.60339230893643,0,0,0,2,0,2,64.5916851893309,0
18,672,3.68098304366417e-05,0,0,0,2,0,1,64.5916851893309,0
18,672,7.39340013583788,0,0,0,2,0,2,64.5916851893309,0
18,1008,2.41158196218987e-08,0,0,0,2,0,1,64.5916851893309,0
18,1008,9.60806793240893,0,0,0,2,0,2,64.5916851893309,0
18,1344,9.91880584111764e-12,0,0,0,2,0,1,64.5916851893309,0
18,1344,8.65841295909317,0,0,0,2,0,2,64.5916851893309,0
19,0,0,1,1,150,1,0,0,46.3366263077086,0
19,2,0.399702856791897,0,0,0,2,0,1,46.3366263077086,0
19,2,11.1758249488784,0,0,0,2,0,2,46.3366263077086,0
19,6,1.20881810847159,0,0,0,2,0,1,46.3366263077086,0
19,6,10.9552622327674,0,0,0,2,0,2,46.3366263077086,0
19,12,4.08098713887343,0,0,0,2,0,1,46.3366263077086,0
19,12,11.2907071632337,0,0,0,2,0,2,46.3366263077086,0
19,18,7.42506789217433,0,0,0,2,0,1,46.3366263077086,0
19,18,12.4821635574994,0,0,0,2,0,2,46.3366263077086,0
19,24,8.89594855960777,0,0,0,2,0,1,46.3366263077086,0
19,24,10.4212509456788,0,0,0,2,0,2,46.3366263077086,0
19,72,8.07924395307866,0,0,0,2,0,1,46.3366263077086,0
19,72,11.1418718464459,0,0,0,2,0,2,46.3366263077086,0
19,168,0.387435100273213,0,0,0,2,0,1,46.3366263077086,0
19,168,10.4708704376085,0,0,0,2,0,2,46.3366263077086,0
19,336,0.00560074028972695,0,0,0,2,0,1,46.3366263077086,0
19,336,11.8193060137474,0,0,0,2,0,2,46.3366263077086,0
19,504,6.84906282017304e-05,0,0,0,2,0,1,46.3366263077086,0
19,504,12.1194108302954,0,0,0,2,0,2,46.3366263077086,0
19,672,1.26772913389048e-06,0,0,0,2,0,1,46.3366263077086,0
19,672,9.92931068637129,0,0,0,2,0,2,46.3366263077086,0
19,1008,2.39702177150739e-10,0,0,0,2,0,1,46.3366263077086,0
19,1008,10.2836064495367,0,0,0,2,0,2,46.3366263077086,0
19,1344,NA,1,0,0,2,0,1,46.3366263077086,0
19,1344,11.3788273947673,0,0,0,2,0,2,46.3366263077086,0
20,0,0,1,1,150,1,0,0,63.3632344201822,0
20,2,0.0695603449218214,0,0,0,2,0,1,63.3632344201822,0
20,2,8.85072317923173,0,0,0,2,0,2,63.3632344201822,0
20,6,0.209542411251259,0,0,0,2,0,1,63.3632344201822,0
20,6,9.68688309691193,0,0,0,2,0,2,63.3632344201822,0
20,12,0.357600896754095,0,0,0,2,0,1,63.3632344201822,0
20,12,11.9598029913284,0,0,0,2,0,2,63.3632344201822,0
20,18,0.779493424491682,0,0,0,2,0,1,63.3632344201822,0
20,18,10.6851781201432,0,0,0,2,0,2,63.3632344201822,0
20,24,0.882618010243231,0,0,0,2,0,1,63.3632344201822,0
20,24,11.740358893116,0,0,0,2,0,2,63.3632344201822,0
20,72,1.34432881878103,0,0,0,2,0,1,63.3632344201822,0
20,72,12.2669306498301,0,0,0,2,0,2,63.3632344201822,0
20,168,0.197135879842962,0,0,0,2,0,1,63.3632344201822,0
20,168,12.8782011419302,0,0,0,2,0,2,63.3632344201822,0
20,336,0.00889897269452689,0,0,0,2,0,1,63.3632344201822,0
20,336,12.032363987787,0,0,0,2,0,2,63.3632344201822,0
20,504,0.00076756782118812,0,0,0,2,0,1,63.3632344201822,0
20,504,13.4894777336119,0,0,0,2,0,2,63.3632344201822,0
20,672,5.09207022495634e-05,0,0,0,2,0,1,63.3632344201822,0
20,672,11.3018227001692,0,0,0,2,0,2,63.3632344201822,0
20,1008,2.17839401060781e-07,0,0,0,2,0,1,63.3632344201822,0
20,1008,12.584827253167,0,0,0,2,0,2,63.3632344201822,0
20,1344,9.6669629683267e-10,0,0,0,2,0,1,63.3632344201822,0
20,1344,11.7978498701189,0,0,0,2,0,2,63.3632344201822,0
21,0,0,1,1,150,1,0,0,40,1
21,2,0.0982743534869784,0,0,0,2,0,1,40,1
21,2,9.2182472367992,0,0,0,2,0,2,40,1
21,6,0.351601098236535,0,0,0,2,0,1,40,1
21,6,11.9634128103753,0,0,0,2,0,2,40,1
21,12,0.819478693759158,0,0,0,2,0,1,40,1
21,12,13.1192943097111,0,0,0,2,0,2,40,1
21,18,1.45969975719309,0,0,0,2,0,1,40,1
21,18,11.1491630624044,0,0,0,2,0,2,40,1
21,24,1.34251914921649,0,0,0,2,0,1,40,1
21,24,10.7745713480793,0,0,0,2,0,2,40,1
21,72,3.65647391515662,0,0,0,2,0,1,40,1
21,72,12.7801889666052,0,0,0,2,0,2,40,1
21,168,1.26377186775956,0,0,0,2,0,1,40,1
21,168,10.0283670122408,0,0,0,2,0,2,40,1
21,336,0.0603747703481022,0,0,0,2,0,1,40,1
21,336,12.1543643333322,0,0,0,2,0,2,40,1
21,504,0.00940519040209288,0,0,0,2,0,1,40,1
21,504,9.50461618691811,0,0,0,2,0,2,40,1
21,672,0.00146342156598984,0,0,0,2,0,1,40,1
21,672,13.0060131649145,0,0,0,2,0,2,40,1
21,1008,2.89995283265563e-05,0,0,0,2,0,1,40,1
21,1008,11.9197879385482,0,0,0,2,0,2,40,1
21,1344,4.54972377194805e-07,0,0,0,2,0,1,40,1
21,1344,10.6788615557477,0,0,0,2,0,2,40,1
22,0,0,1,1,150,1,0,0,82.6051113257352,0
22,2,0.250553265062739,0,0,0,2,0,1,82.6051113257352,0
22,2,12.4649362600175,0,0,0,2,0,2,82.6051113257352,0
22,6,0.804179790207138,0,0,0,2,0,1,82.6051113257352,0
22,6,13.7178212863501,0,0,0,2,0,2,82.6051113257352,0
22,12,1.7629494774665,0,0,0,2,0,1,82.6051113257352,0
22,12,14.0440095011191,0,0,0,2,0,2,82.6051113257352,0
22,18,3.35993295996219,0,0,0,2,0,1,82.6051113257352,0
22,18,12.1359674265852,0,0,0,2,0,2,82.6051113257352,0
22,24,2.96887838445016,0,0,0,2,0,1,82.6051113257352,0
22,24,11.0571788476459,0,0,0,2,0,2,82.6051113257352,0
22,72,4.01002055317977,0,0,0,2,0,1,82.6051113257352,0
22,72,12.5947938812243,0,0,0,2,0,2,82.6051113257352,0
22,168,0.53238348153823,0,0,0,2,0,1,82.6051113257352,0
22,168,11.1217618536226,0,0,0,2,0,2,82.6051113257352,0
22,336,0.0116146325519108,0,0,0,2,0,1,82.6051113257352,0
22,336,12.479664563783,0,0,0,2,0,2,82.6051113257352,0
22,504,0.000336490955569028,0,0,0,2,0,1,82.6051113257352,0
22,504,14.9776133901695,0,0,0,2,0,2,82.6051113257352,0
22,672,1.17948806785285e-05,0,0,0,2,0,1,82.6051113257352,0
22,672,15.6405432756993,0,0,0,2,0,2,82.6051113257352,0
22,1008,7.9449450399868e-09,0,0,0,2,0,1,82.6051113257352,0
22,1008,14.1706838188071,0,0,0,2,0,2,82.6051113257352,0
22,1344,8.00512788456749e-12,0,0,0,2,0,1,82.6051113257352,0
22,1344,12.2538331160305,0,0,0,2,0,2,82.6051113257352,0
23,0,0,1,1,150,1,0,0,72.5784365301432,1
23,2,0.194001197510493,0,0,0,2,0,1,72.5784365301432,1
23,2,6.22475194509771,0,0,0,2,0,2,72.5784365301432,1
23,6,1.12871163087254,0,0,0,2,0,1,72.5784365301432,1
23,6,5.95717519068997,0,0,0,2,0,2,72.5784365301432,1
23,12,3.28014889097004,0,0,0,2,0,1,72.5784365301432,1
23,12,6.90334892937269,0,0,0,2,0,2,72.5784365301432,1
23,18,5.12331434274915,0,0,0,2,0,1,72.5784365301432,1
23,18,6.47536755407989,0,0,0,2,0,2,72.5784365301432,1
23,24,9.88153588144293,0,0,0,2,0,1,72.5784365301432,1
23,24,6.92586084963034,0,0,0,2,0,2,72.5784365301432,1
23,72,17.8557291147153,0,0,0,2,0,1,72.5784365301432,1
23,72,6.8714565875713,0,0,0,2,0,2,72.5784365301432,1
23,168,17.1169842836315,0,0,0,2,0,1,72.5784365301432,1
23,168,5.37982573458716,0,0,0,2,0,2,72.5784365301432,1
23,336,1.01172524950751,0,0,0,2,0,1,72.5784365301432,1
23,336,6.21924156204637,0,0,0,2,0,2,72.5784365301432,1
23,504,0.0548123493713071,0,0,0,2,0,1,72.5784365301432,1
23,504,5.8880924470907,0,0,0,2,0,2,72.5784365301432,1
23,672,0.00399755015540992,0,0,0,2,0,1,72.5784365301432,1
23,672,6.97492161789283,0,0,0,2,0,2,72.5784365301432,1
23,1008,2.22368284961831e-05,0,0,0,2,0,1,72.5784365301432,1
23,1008,7.11146961593449,0,0,0,2,0,2,72.5784365301432,1
23,1344,1.26708246427515e-07,0,0,0,2,0,1,72.5784365301432,1
23,1344,7.12064379912343,0,0,0,2,0,2,72.5784365301432,1
24,0,0,1,1,150,1,0,0,75.4959439581756,0
24,2,0.0949146345786566,0,0,0,2,0,1,75.4959439581756,0
24,2,11.5357250931663,0,0,0,2,0,2,75.4959439581756,0
24,6,0.291316021271398,0,0,0,2,0,1,75.4959439581756,0
24,6,10.1195134521588,0,0,0,2,0,2,75.4959439581756,0
24,12,0.784735778325376,0,0,0,2,0,1,75.4959439581756,0
24,12,9.24403621533628,0,0,0,2,0,2,75.4959439581756,0
24,18,1.19247235299466,0,0,0,2,0,1,75.4959439581756,0
24,18,11.1713804115943,0,0,0,2,0,2,75.4959439581756,0
24,24,1.9493309145733,0,0,0,2,0,1,75.4959439581756,0
24,24,9.7232240131058,0,0,0,2,0,2,75.4959439581756,0
24,72,3.92642905479706,0,0,0,2,0,1,75.4959439581756,0
24,72,11.8398792001728,0,0,0,2,0,2,75.4959439581756,0
24,168,0.787914220556758,0,0,0,2,0,1,75.4959439581756,0
24,168,11.5333777412479,0,0,0,2,0,2,75.4959439581756,0
24,336,0.0415920844947726,0,0,0,2,0,1,75.4959439581756,0
24,336,8.14322180740183,0,0,0,2,0,2,75.4959439581756,0
24,504,0.00242761957930781,0,0,0,2,0,1,75.4959439581756,0
24,504,11.1466936675216,0,0,0,2,0,2,75.4959439581756,0
24,672,0.000219125246912469,0,0,0,2,0,1,75.4959439581756,0
24,672,11.4776179461239,0,0,0,2,0,2,75.4959439581756,0
24,1008,1.31296217984808e-06,0,0,0,2,0,1,75.4959439581756,0
24,1008,6.96539309475093,0,0,0,2,0,2,75.4959439581756,0
24,1344,6.39905799850854e-09,0,0,0,2,0,1,75.4959439581756,0
24,1344,9.13165415818357,0,0,0,2,0,2,75.4959439581756,0
25,0,0,1,1,150,1,0,0,58.3444179260443,1
25,2,0.144846412894236,0,0,0,2,0,1,58.3444179260443,1
25,2,10.2430284179088,0,0,0,2,0,2,58.3444179260443,1
25,6,0.572718880726252,0,0,0,2,0,1,58.3444179260443,1
25,6,11.2181516627627,0,0,0,2,0,2,58.3444179260443,1
25,12,1.59575103596387,0,0,0,2,0,1,58.3444179260443,1
25,12,12.1209066685168,0,0,0,2,0,2,58.3444179260443,1
25,18,2.85245208186239,0,0,0,2,0,1,58.3444179260443,1
25,18,13.9821822491913,0,0,0,2,0,2,58.3444179260443,1
25,24,3.08846133777664,0,0,0,2,0,1,58.3444179260443,1
25,24,14.1162122407614,0,0,0,2,0,2,58.3444179260443,1
25,72,4.97827423766648,0,0,0,2,0,1,58.3444179260443,1
25,72,12.9212496143985,0,0,0,2,0,2,58.3444179260443,1
25,168,0.250919783375075,0,0,0,2,0,1,58.3444179260443,1
25,168,11.1346329429418,0,0,0,2,0,2,58.3444179260443,1
25,336,0.00668240636398274,0,0,0,2,0,1,58.3444179260443,1
25,336,12.201167365104,0,0,0,2,0,2,58.3444179260443,1
25,504,0.000131628274167874,0,0,0,2,0,1,58.3444179260443,1
25,504,10.0680094297375,0,0,0,2,0,2,58.3444179260443,1
25,672,3.44440280738512e-06,0,0,0,2,0,1,58.3444179260443,1
25,672,10.5333872056632,0,0,0,2,0,2,58.3444179260443,1
25,1008,3.04585372146104e-09,0,0,0,2,0,1,58.3444179260443,1
25,1008,11.4169558255333,0,0,0,2,0,2,58.3444179260443,1
25,1344,NA,1,0,0,2,0,1,58.3444179260443,1
25,1344,11.5276828003751,0,0,0,2,0,2,58.3444179260443,1
26,0,0,1,1,150,1,0,0,60.1965758485539,0
26,2,0.205086028963277,0,0,0,2,0,1,60.1965758485539,0
26,2,8.13145492952095,0,0,0,2,0,2,60.1965758485539,0
26,6,0.516296220953338,0,0,0,2,0,1,60.1965758485539,0
26,6,8.86636277260653,0,0,0,2,0,2,60.1965758485539,0
26,12,1.43793849282519,0,0,0,2,0,1,60.1965758485539,0
26,12,9.64743405868423,0,0,0,2,0,2,60.1965758485539,0
26,18,2.40888137537253,0,0,0,2,0,1,60.1965758485539,0
26,18,12.8499930595226,0,0,0,2,0,2,60.1965758485539,0
26,24,3.71584520280323,0,0,0,2,0,1,60.1965758485539,0
26,24,8.91744858417599,0,0,0,2,0,2,60.1965758485539,0
26,72,10.7852221377319,0,0,0,2,0,1,60.1965758485539,0
26,72,10.627372909882,0,0,0,2,0,2,60.1965758485539,0
26,168,3.47085031946557,0,0,0,2,0,1,60.1965758485539,0
26,168,9.5103633635759,0,0,0,2,0,2,60.1965758485539,0
26,336,0.132217498173671,0,0,0,2,0,1,60.1965758485539,0
26,336,8.81118567394227,0,0,0,2,0,2,60.1965758485539,0
26,504,0.0109690786931944,0,0,0,2,0,1,60.1965758485539,0
26,504,8.56115290892419,0,0,0,2,0,2,60.1965758485539,0
26,672,0.00123585091355468,0,0,0,2,0,1,60.1965758485539,0
26,672,10.4477960408421,0,0,0,2,0,2,60.1965758485539,0
26,1008,8.48951922504536e-06,0,0,0,2,0,1,60.1965758485539,0
26,1008,9.91437116290774,0,0,0,2,0,2,60.1965758485539,0
26,1344,1.05651046179247e-07,0,0,0,2,0,1,60.1965758485539,0
26,1344,7.94393475087153,0,0,0,2,0,2,60.1965758485539,0
27,0,0,1,1,150,1,0,0,65.0409234534901,0
27,2,0.0991367312707327,0,0,0,2,0,1,65.0409234534901,0
27,2,10.3190095545748,0,0,0,2,0,2,65.0409234534901,0
27,6,0.280112840137817,0,0,0,2,0,1,65.0409234534901,0
27,6,12.956011666554,0,0,0,2,0,2,65.0409234534901,0
27,12,0.79719559224309,0,0,0,2,0,1,65.0409234534901,0
27,12,12.119523547467,0,0,0,2,0,2,65.0409234534901,0
27,18,1.81873154677442,0,0,0,2,0,1,65.0409234534901,0
27,18,12.5889570271183,0,0,0,2,0,2,65.0409234534901,0
27,24,2.86399616488889,0,0,0,2,0,1,65.0409234534901,0
27,24,11.2798562098617,0,0,0,2,0,2,65.0409234534901,0
27,72,7.11549290562366,0,0,0,2,0,1,65.0409234534901,0
27,72,11.555418955894,0,0,0,2,0,2,65.0409234534901,0
27,168,1.10428866479379,0,0,0,2,0,1,65.0409234534901,0
27,168,12.8930715717529,0,0,0,2,0,2,65.0409234534901,0
27,336,0.0514178580674426,0,0,0,2,0,1,65.0409234534901,0
27,336,10.5069816270021,0,0,0,2,0,2,65.0409234534901,0
27,504,0.00773237568199304,0,0,0,2,0,1,65.0409234534901,0
27,504,9.52613397578583,0,0,0,2,0,2,65.0409234534901,0
27,672,0.00074297078818805,0,0,0,2,0,1,65.0409234534901,0
27,672,11.2875686355364,0,0,0,2,0,2,65.0409234534901,0
27,1008,1.15444133107445e-05,0,0,0,2,0,1,65.0409234534901,0
27,1008,11.4193082872931,0,0,0,2,0,2,65.0409234534901,0
27,1344,2.03246938860121e-07,0,0,0,2,0,1,65.0409234534901,0
27,1344,10.033468101747,0,0,0,2,0,2,65.0409234534901,0
28,0,0,1,1,150,1,0,0,60.0650720500066,0
28,2,0.102762750848821,0,0,0,2,0,1,60.0650720500066,0
28,2,6.87897862981525,0,0,0,2,0,2,60.0650720500066,0
28,6,0.584375284070373,0,0,0,2,0,1,60.0650720500066,0
28,6,10.9193706614481,0,0,0,2,0,2,60.0650720500066,0
28,12,1.09124481135455,0,0,0,2,0,1,60.0650720500066,0
28,12,8.04748290127258,0,0,0,2,0,2,60.0650720500066,0
28,18,1.36971030255681,0,0,0,2,0,1,60.0650720500066,0
28,18,9.75899316513164,0,0,0,2,0,2,60.0650720500066,0
28,24,2.22538460980051,0,0,0,2,0,1,60.0650720500066,0
28,24,9.57748938422515,0,0,0,2,0,2,60.0650720500066,0
28,72,4.69680176192532,0,0,0,2,0,1,60.0650720500066,0
28,72,7.37397547795738,0,0,0,2,0,2,60.0650720500066,0
28,168,0.723930246369471,0,0,0,2,0,1,60.0650720500066,0
28,168,11.1943356335975,0,0,0,2,0,2,60.0650720500066,0
28,336,0.0388263711947728,0,0,0,2,0,1,60.0650720500066,0
28,336,8.29962052783245,0,0,0,2,0,2,60.0650720500066,0
28,504,0.0034427925530416,0,0,0,2,0,1,60.0650720500066,0
28,504,9.74961028967141,0,0,0,2,0,2,60.0650720500066,0
28,672,0.000195115788670904,0,0,0,2,0,1,60.0650720500066,0
28,672,10.195119802913,0,0,0,2,0,2,60.0650720500066,0
28,1008,2.40842334733666e-06,0,0,0,2,0,1,60.0650720500066,0
28,1008,10.3184195390499,0,0,0,2,0,2,60.0650720500066,0
28,1344,1.65941842563005e-08,0,0,0,2,0,1,60.0650720500066,0
28,1344,9.97942650033305,0,0,0,2,0,2,60.0650720500066,0
29,0,0,1,1,150,1,0,0,80.8777202767069,1
29,2,0.367868430047958,0,0,0,2,0,1,80.8777202767069,1
29,2,9.36360046402897,0,0,0,2,0,2,80.8777202767069,1
29,6,1.83558800317389,0,0,0,2,0,1,80.8777202767069,1
29,6,8.15303347354535,0,0,0,2,0,2,80.8777202767069,1
29,12,3.4569438584792,0,0,0,2,0,1,80.8777202767069,1
29,12,8.36674873832359,0,0,0,2,0,2,80.8777202767069,1
29,18,5.06620143542991,0,0,0,2,0,1,80.8777202767069,1
29,18,7.432619093387,0,0,0,2,0,2,80.8777202767069,1
29,24,6.49222477488833,0,0,0,2,0,1,80.8777202767069,1
29,24,6.52190092023456,0,0,0,2,0,2,80.8777202767069,1
29,72,6.85807635996475,0,0,0,2,0,1,80.8777202767069,1
29,72,8.49516654189067,0,0,0,2,0,2,80.8777202767069,1
29,168,0.332801084639788,0,0,0,2,0,1,80.8777202767069,1
29,168,9.86757770065995,0,0,0,2,0,2,80.8777202767069,1
29,336,0.00657932220289792,0,0,0,2,0,1,80.8777202767069,1
29,336,6.556336825674,0,0,0,2,0,2,80.8777202767069,1
29,504,9.95593318491807e-05,0,0,0,2,0,1,80.8777202767069,1
29,504,7.49796416385051,0,0,0,2,0,2,80.8777202767069,1
29,672,3.36051477669586e-06,0,0,0,2,0,1,80.8777202767069,1
29,672,7.46175363382067,0,0,0,2,0,2,80.8777202767069,1
29,1008,1.47172010689554e-09,0,0,0,2,0,1,80.8777202767069,1
29,1008,8.12801441478723,0,0,0,2,0,2,80.8777202767069,1
29,1344,NA,1,0,0,2,0,1,80.8777202767069,1
29,1344,7.6407392244452,0,0,0,2,0,2,80.8777202767069,1
30,0,0,1,1,150,1,0,0,41.0019080102164,0
30,2,0.452061117644064,0,0,0,2,0,1,41.0019080102164,0
30,2,10.0126644194145,0,0,0,2,0,2,41.0019080102164,0
30,6,1.61743575720762,0,0,0,2,0,1,41.0019080102164,0
30,6,10.8959933702899,0,0,0,2,0,2,41.0019080102164,0
30,12,7.35625647355555,0,0,0,2,0,1,41.0019080102164,0
30,12,9.41571859063759,0,0,0,2,0,2,41.0019080102164,0
30,18,9.34969088418817,0,0,0,2,0,1,41.0019080102164,0
30,18,8.64381423775174,0,0,0,2,0,2,41.0019080102164,0
30,24,14.9314507534928,0,0,0,2,0,1,41.0019080102164,0
30,24,9.47658266388514,0,0,0,2,0,2,41.0019080102164,0
30,72,12.3070144912379,0,0,0,2,0,1,41.0019080102164,0
30,72,10.8424305622053,0,0,0,2,0,2,41.0019080102164,0
30,168,0.672330391388407,0,0,0,2,0,1,41.0019080102164,0
30,168,10.0869298632385,0,0,0,2,0,2,41.0019080102164,0
30,336,0.00477585313946767,0,0,0,2,0,1,41.0019080102164,0
30,336,8.48278566190701,0,0,0,2,0,2,41.0019080102164,0
30,504,5.39788803054898e-05,0,0,0,2,0,1,41.0019080102164,0
30,504,11.0781569490933,0,0,0,2,0,2,41.0019080102164,0
30,672,1.15044948254132e-06,0,0,0,2,0,1,41.0019080102164,0
30,672,11.0544584291068,0,0,0,2,0,2,41.0019080102164,0
30,1008,2.51312846493591e-10,0,0,0,2,0,1,41.0019080102164,0
30,1008,10.3400497058994,0,0,0,2,0,2,41.0019080102164,0
30,1344,5.14426993742996e-13,0,0,0,2,0,1,41.0019080102164,0
30,1344,10.2407555305102,0,0,0,2,0,2,41.0019080102164,0
31,0,0,1,1,150,1,0,0,63.6542400120662,0
31,2,0.138439820977853,0,0,0,2,0,1,63.6542400120662,0
31,2,10.8749462442306,0,0,0,2,0,2,63.6542400120662,0
31,6,0.543019714362739,0,0,0,2,0,1,63.6542400120662,0
31,6,8.91987229932136,0,0,0,2,0,2,63.6542400120662,0
31,12,0.673680150363582,0,0,0,2,0,1,63.6542400120662,0
31,12,8.97490761322125,0,0,0,2,0,2,63.6542400120662,0
31,18,1.95525337351622,0,0,0,2,0,1,63.6542400120662,0
31,18,9.61490436658163,0,0,0,2,0,2,63.6542400120662,0
31,24,3.11479942845568,0,0,0,2,0,1,63.6542400120662,0
31,24,10.0362459652892,0,0,0,2,0,2,63.6542400120662,0
31,72,4.0681109135943,0,0,0,2,0,1,63.6542400120662,0
31,72,7.50984690501846,0,0,0,2,0,2,63.6542400120662,0
31,168,0.373981609885749,0,0,0,2,0,1,63.6542400120662,0
31,168,8.32390106160054,0,0,0,2,0,2,63.6542400120662,0
31,336,0.0117493783844438,0,0,0,2,0,1,63.6542400120662,0
31,336,10.6082597247879,0,0,0,2,0,2,63.6542400120662,0
31,504,0.000391848942386906,0,0,0,2,0,1,63.6542400120662,0
31,504,11.9217059031112,0,0,0,2,0,2,63.6542400120662,0
31,672,1.01279353033384e-05,0,0,0,2,0,1,63.6542400120662,0
31,672,8.74256099665218,0,0,0,2,0,2,63.6542400120662,0
31,1008,6.74011058087331e-09,0,0,0,2,0,1,63.6542400120662,0
31,1008,9.28473922126866,0,0,0,2,0,2,63.6542400120662,0
31,1344,7.44753943263937e-12,0,0,0,2,0,1,63.6542400120662,0
31,1344,8.4387895814124,0,0,0,2,0,2,63.6542400120662,0
32,0,0,1,1,150,1,0,0,45.4940303230965,0
32,2,0.0996865885789144,0,0,0,2,0,1,45.4940303230965,0
32,2,8.87750317725037,0,0,0,2,0,2,45.4940303230965,0
32,6,0.413096725477817,0,0,0,2,0,1,45.4940303230965,0
32,6,11.319347270313,0,0,0,2,0,2,45.4940303230965,0
32,12,1.24231728388488,0,0,0,2,0,1,45.4940303230965,0
32,12,7.69038691486506,0,0,0,2,0,2,45.4940303230965,0
32,18,1.74616379791365,0,0,0,2,0,1,45.4940303230965,0
32,18,8.98385541823967,0,0,0,2,0,2,45.4940303230965,0
32,24,3.20682655363655,0,0,0,2,0,1,45.4940303230965,0
32,24,8.11184171428688,0,0,0,2,0,2,45.4940303230965,0
32,72,5.40421671418393,0,0,0,2,0,1,45.4940303230965,0
32,72,10.8695774017956,0,0,0,2,0,2,45.4940303230965,0
32,168,0.412938298903513,0,0,0,2,0,1,45.4940303230965,0
32,168,9.68753123767514,0,0,0,2,0,2,45.4940303230965,0
32,336,0.0154820184152213,0,0,0,2,0,1,45.4940303230965,0
32,336,7.87860868489874,0,0,0,2,0,2,45.4940303230965,0
32,504,0.000393562956645532,0,0,0,2,0,1,45.4940303230965,0
32,504,9.47274963523463,0,0,0,2,0,2,45.4940303230965,0
32,672,2.63006811586129e-05,0,0,0,2,0,1,45.4940303230965,0
32,672,8.73827184601159,0,0,0,2,0,2,45.4940303230965,0
32,1008,4.41200119498416e-08,0,0,0,2,0,1,45.4940303230965,0
32,1008,9.19024088106463,0,0,0,2,0,2,45.4940303230965,0
32,1344,1.12958578141325e-10,0,0,0,2,0,1,45.4940303230965,0
32,1344,10.0000472921644,0,0,0,2,0,2,45.4940303230965,0
33,0,0,1,1,150,1,0,0,64.6292849078775,1
33,2,0.207812824836962,0,0,0,2,0,1,64.6292849078775,1
33,2,9.42106847763858,0,0,0,2,0,2,64.6292849078775,1
33,6,0.523790324959563,0,0,0,2,0,1,64.6292849078775,1
33,6,10.2599653717811,0,0,0,2,0,2,64.6292849078775,1
33,12,1.92149159081824,0,0,0,2,0,1,64.6292849078775,1
33,12,6.3962754380481,0,0,0,2,0,2,64.6292849078775,1
33,18,3.66247993541666,0,0,0,2,0,1,64.6292849078775,1
33,18,8.51841387951735,0,0,0,2,0,2,64.6292849078775,1
33,24,6.07473853325787,0,0,0,2,0,1,64.6292849078775,1
33,24,8.43753819854389,0,0,0,2,0,2,64.6292849078775,1
33,72,11.6078145823782,0,0,0,2,0,1,64.6292849078775,1
33,72,9.65798740128735,0,0,0,2,0,2,64.6292849078775,1
33,168,1.51287689926329,0,0,0,2,0,1,64.6292849078775,1
33,168,7.54664355453024,0,0,0,2,0,2,64.6292849078775,1
33,336,0.0476109043654456,0,0,0,2,0,1,64.6292849078775,1
33,336,9.58473745906018,0,0,0,2,0,2,64.6292849078775,1
33,504,0.00340987648768953,0,0,0,2,0,1,64.6292849078775,1
33,504,8.63506806608396,0,0,0,2,0,2,64.6292849078775,1
33,672,0.000293706469548076,0,0,0,2,0,1,64.6292849078775,1
33,672,9.0037581561601,0,0,0,2,0,2,64.6292849078775,1
33,1008,1.70809611579772e-06,0,0,0,2,0,1,64.6292849078775,1
33,1008,8.76736742138562,0,0,0,2,0,2,64.6292849078775,1
33,1344,1.72248617737954e-08,0,0,0,2,0,1,64.6292849078775,1
33,1344,9.39679254605133,0,0,0,2,0,2,64.6292849078775,1
34,0,0,1,1,150,1,0,0,62.812023652743,1
34,2,0.196265771853108,0,0,0,2,0,1,62.812023652743,1
34,2,6.48203281028444,0,0,0,2,0,2,62.812023652743,1
34,6,1.29581158935567,0,0,0,2,0,1,62.812023652743,1
34,6,6.90450324240129,0,0,0,2,0,2,62.812023652743,1
34,12,2.52203819983596,0,0,0,2,0,1,62.812023652743,1
34,12,9.51019413467522,0,0,0,2,0,2,62.812023652743,1
34,18,4.9761414569797,0,0,0,2,0,1,62.812023652743,1
34,18,5.88321946562275,0,0,0,2,0,2,62.812023652743,1
34,24,5.94599212663527,0,0,0,2,0,1,62.812023652743,1
34,24,6.73878994317253,0,0,0,2,0,2,62.812023652743,1
34,72,11.8175861183944,0,0,0,2,0,1,62.812023652743,1
34,72,6.71026474865678,0,0,0,2,0,2,62.812023652743,1
34,168,1.70224273285948,0,0,0,2,0,1,62.812023652743,1
34,168,8.70085782441654,0,0,0,2,0,2,62.812023652743,1
34,336,0.0155970128999787,0,0,0,2,0,1,62.812023652743,1
34,336,6.05636633103908,0,0,0,2,0,2,62.812023652743,1
34,504,0.000361204956001643,0,0,0,2,0,1,62.812023652743,1
34,504,8.28400849984768,0,0,0,2,0,2,62.812023652743,1
34,672,7.35461692640468e-06,0,0,0,2,0,1,62.812023652743,1
34,672,7.18653965252071,0,0,0,2,0,2,62.812023652743,1
34,1008,5.41276717614712e-09,0,0,0,2,0,1,62.812023652743,1
34,1008,6.01817141052472,0,0,0,2,0,2,62.812023652743,1
34,1344,2.75696774180558e-12,0,0,0,2,0,1,62.812023652743,1
34,1344,8.25477862442345,0,0,0,2,0,2,62.812023652743,1
35,0,0,1,1,150,1,0,0,50.3494699708596,0
35,2,0.165946185775011,0,0,0,2,0,1,50.3494699708596,0
35,2,9.92679053685477,0,0,0,2,0,2,50.3494699708596,0
35,6,0.724294502243149,0,0,0,2,0,1,50.3494699708596,0
35,6,12.9686173574925,0,0,0,2,0,2,50.3494699708596,0
35,12,1.56645540580497,0,0,0,2,0,1,50.3494699708596,0
35,12,14.3762585143253,0,0,0,2,0,2,50.3494699708596,0
35,18,2.19693309186738,0,0,0,2,0,1,50.3494699708596,0
35,18,12.3623130290623,0,0,0,2,0,2,50.3494699708596,0
35,24,4.16612687956618,0,0,0,2,0,1,50.3494699708596,0
35,24,11.2634069087366,0,0,0,2,0,2,50.3494699708596,0
35,72,5.20169424246987,0,0,0,2,0,1,50.3494699708596,0
35,72,11.717963960346,0,0,0,2,0,2,50.3494699708596,0
35,168,0.479360901395108,0,0,0,2,0,1,50.3494699708596,0
35,168,14.0814381843901,0,0,0,2,0,2,50.3494699708596,0
35,336,0.0121613284213412,0,0,0,2,0,1,50.3494699708596,0
35,336,13.3460832302216,0,0,0,2,0,2,50.3494699708596,0
35,504,0.000235850525701912,0,0,0,2,0,1,50.3494699708596,0
35,504,13.5663282374951,0,0,0,2,0,2,50.3494699708596,0
35,672,5.8749602668781e-06,0,0,0,2,0,1,50.3494699708596,0
35,672,12.5504025087462,0,0,0,2,0,2,50.3494699708596,0
35,1008,3.43086223537454e-09,0,0,0,2,0,1,50.3494699708596,0
35,1008,14.8074317273663,0,0,0,2,0,2,50.3494699708596,0
35,1344,NA,1,0,0,2,0,1,50.3494699708596,0
35,1344,11.6150919814083,0,0,0,2,0,2,50.3494699708596,0
36,0,0,1,1,150,1,0,0,73.6365269109254,1
36,2,0.459212046144727,0,0,0,2,0,1,73.6365269109254,1
36,2,8.96709099123245,0,0,0,2,0,2,73.6365269109254,1
36,6,2.78409301973588,0,0,0,2,0,1,73.6365269109254,1
36,6,7.95518381568881,0,0,0,2,0,2,73.6365269109254,1
36,12,7.79296486404932,0,0,0,2,0,1,73.6365269109254,1
36,12,7.57330487395636,0,0,0,2,0,2,73.6365269109254,1
36,18,11.4485083847735,0,0,0,2,0,1,73.6365269109254,1
36,18,7.26374028841064,0,0,0,2,0,2,73.6365269109254,1
36,24,15.4900692000875,0,0,0,2,0,1,73.6365269109254,1
36,24,9.44037527039043,0,0,0,2,0,2,73.6365269109254,1
36,72,26.7587425958783,0,0,0,2,0,1,73.6365269109254,1
36,72,7.50236487127588,0,0,0,2,0,2,73.6365269109254,1
36,168,9.23936403456357,0,0,0,2,0,1,73.6365269109254,1
36,168,8.71015627337893,0,0,0,2,0,2,73.6365269109254,1
36,336,0.0549924758086504,0,0,0,2,0,1,73.6365269109254,1
36,336,7.735877535138,0,0,0,2,0,2,73.6365269109254,1
36,504,0.0015838651049689,0,0,0,2,0,1,73.6365269109254,1
36,504,8.34097265150816,0,0,0,2,0,2,73.6365269109254,1
36,672,4.54122543166726e-05,0,0,0,2,0,1,73.6365269109254,1
36,672,5.79874949312119,0,0,0,2,0,2,73.6365269109254,1
36,1008,4.30604664625917e-08,0,0,0,2,0,1,73.6365269109254,1
36,1008,6.3769094451145,0,0,0,2,0,2,73.6365269109254,1
36,1344,7.30245616133257e-11,0,0,0,2,0,1,73.6365269109254,1
36,1344,9.33173513966259,0,0,0,2,0,2,73.6365269109254,1
37,0,0,1,1,150,1,0,0,90.0304209811662,0
37,2,0.137250012795633,0,0,0,2,0,1,90.0304209811662,0
37,2,12.4462365562132,0,0,0,2,0,2,90.0304209811662,0
37,6,0.366578806328836,0,0,0,2,0,1,90.0304209811662,0
37,6,14.0232959835005,0,0,0,2,0,2,90.0304209811662,0
37,12,0.609210529323024,0,0,0,2,0,1,90.0304209811662,0
37,12,13.0452375861005,0,0,0,2,0,2,90.0304209811662,0
37,18,1.04835762880639,0,0,0,2,0,1,90.0304209811662,0
37,18,13.6673020300346,0,0,0,2,0,2,90.0304209811662,0
37,24,1.52724480251285,0,0,0,2,0,1,90.0304209811662,0
37,24,12.579381372855,0,0,0,2,0,2,90.0304209811662,0
37,72,1.87549989943033,0,0,0,2,0,1,90.0304209811662,0
37,72,13.8409532491398,0,0,0,2,0,2,90.0304209811662,0
37,168,0.213212852501924,0,0,0,2,0,1,90.0304209811662,0
37,168,14.3996068629757,0,0,0,2,0,2,90.0304209811662,0
37,336,0.0143380059820124,0,0,0,2,0,1,90.0304209811662,0
37,336,12.1856379916171,0,0,0,2,0,2,90.0304209811662,0
37,504,0.0013912658037968,0,0,0,2,0,1,90.0304209811662,0
37,504,13.9382017617945,0,0,0,2,0,2,90.0304209811662,0
37,672,7.79104794812142e-05,0,0,0,2,0,1,90.0304209811662,0
37,672,11.1586977666809,0,0,0,2,0,2,90.0304209811662,0
37,1008,3.97265104186394e-07,0,0,0,2,0,1,90.0304209811662,0
37,1008,13.2821738222502,0,0,0,2,0,2,90.0304209811662,0
37,1344,2.28891143351315e-09,0,0,0,2,0,1,90.0304209811662,0
37,1344,14.910268709912,0,0,0,2,0,2,90.0304209811662,0
38,0,0,1,1,150,1,0,0,74.8288392080141,0
38,2,0.254549911188374,0,0,0,2,0,1,74.8288392080141,0
38,2,10.3914284020849,0,0,0,2,0,2,74.8288392080141,0
38,6,0.885166194866245,0,0,0,2,0,1,74.8288392080141,0
38,6,12.0186252968228,0,0,0,2,0,2,74.8288392080141,0
38,12,2.062265950041,0,0,0,2,0,1,74.8288392080141,0
38,12,10.663372802115,0,0,0,2,0,2,74.8288392080141,0
38,18,5.14345388023241,0,0,0,2,0,1,74.8288392080141,0
38,18,10.7938838980242,0,0,0,2,0,2,74.8288392080141,0
38,24,7.01892337358062,0,0,0,2,0,1,74.8288392080141,0
38,24,10.4445685955744,0,0,0,2,0,2,74.8288392080141,0
38,72,10.3035512009124,0,0,0,2,0,1,74.8288392080141,0
38,72,9.63338300368087,0,0,0,2,0,2,74.8288392080141,0
38,168,0.423192937992917,0,0,0,2,0,1,74.8288392080141,0
38,168,6.92757341433414,0,0,0,2,0,2,74.8288392080141,0
38,336,0.0132106031021095,0,0,0,2,0,1,74.8288392080141,0
38,336,9.7976622909106,0,0,0,2,0,2,74.8288392080141,0
38,504,0.000372510662603855,0,0,0,2,0,1,74.8288392080141,0
38,504,9.41702835203849,0,0,0,2,0,2,74.8288392080141,0
38,672,1.26293943620568e-05,0,0,0,2,0,1,74.8288392080141,0
38,672,8.48776888119976,0,0,0,2,0,2,74.8288392080141,0
38,1008,1.60064687341614e-08,0,0,0,2,0,1,74.8288392080141,0
38,1008,10.1350106692943,0,0,0,2,0,2,74.8288392080141,0
38,1344,1.66984737445885e-11,0,0,0,2,0,1,74.8288392080141,0
38,1344,8.78220861630499,0,0,0,2,0,2,74.8288392080141,0
39,0,0,1,1,150,1,0,0,70.5083249473357,1
39,2,0.21199578393959,0,0,0,2,0,1,70.5083249473357,1
39,2,9.38079537444724,0,0,0,2,0,2,70.5083249473357,1
39,6,1.01942260089099,0,0,0,2,0,1,70.5083249473357,1
39,6,8.91751532422433,0,0,0,2,0,2,70.5083249473357,1
39,12,3.5823080969077,0,0,0,2,0,1,70.5083249473357,1
39,12,7.60296325631997,0,0,0,2,0,2,70.5083249473357,1
39,18,7.97221550782444,0,0,0,2,0,1,70.5083249473357,1
39,18,7.89333679663274,0,0,0,2,0,2,70.5083249473357,1
39,24,8.91945298106424,0,0,0,2,0,1,70.5083249473357,1
39,24,8.63304337780988,0,0,0,2,0,2,70.5083249473357,1
39,72,15.9596592039265,0,0,0,2,0,1,70.5083249473357,1
39,72,6.91555786250352,0,0,0,2,0,2,70.5083249473357,1
39,168,5.19616604174769,0,0,0,2,0,1,70.5083249473357,1
39,168,8.08940222103024,0,0,0,2,0,2,70.5083249473357,1
39,336,0.12381810460176,0,0,0,2,0,1,70.5083249473357,1
39,336,8.58131672946732,0,0,0,2,0,2,70.5083249473357,1
39,504,0.00511717468830248,0,0,0,2,0,1,70.5083249473357,1
39,504,9.3465195877086,0,0,0,2,0,2,70.5083249473357,1
39,672,0.000282511498991596,0,0,0,2,0,1,70.5083249473357,1
39,672,7.9436727459237,0,0,0,2,0,2,70.5083249473357,1
39,1008,1.58828089756068e-06,0,0,0,2,0,1,70.5083249473357,1
39,1008,7.70135132782687,0,0,0,2,0,2,70.5083249473357,1
39,1344,3.74883434263588e-09,0,0,0,2,0,1,70.5083249473357,1
39,1344,7.44481675246885,0,0,0,2,0,2,70.5083249473357,1
40,0,0,1,1,150,1,0,0,58.6515394304325,1
40,2,0.185274049695315,0,0,0,2,0,1,58.6515394304325,1
40,2,7.89645730360052,0,0,0,2,0,2,58.6515394304325,1
40,6,0.662217942640399,0,0,0,2,0,1,58.6515394304325,1
40,6,6.7990552218646,0,0,0,2,0,2,58.6515394304325,1
40,12,1.13143256247795,0,0,0,2,0,1,58.6515394304325,1
40,12,7.81823855240322,0,0,0,2,0,2,58.6515394304325,1
40,18,4.22501721257281,0,0,0,2,0,1,58.6515394304325,1
40,18,7.70062434769142,0,0,0,2,0,2,58.6515394304325,1
40,24,4.63995480478125,0,0,0,2,0,1,58.6515394304325,1
40,24,8.32093752372754,0,0,0,2,0,2,58.6515394304325,1
40,72,7.60891812810609,0,0,0,2,0,1,58.6515394304325,1
40,72,9.3914715304649,0,0,0,2,0,2,58.6515394304325,1
40,168,1.48874428349791,0,0,0,2,0,1,58.6515394304325,1
40,168,6.4587312552269,0,0,0,2,0,2,58.6515394304325,1
40,336,0.0215529613034176,0,0,0,2,0,1,58.6515394304325,1
40,336,8.28499808289154,0,0,0,2,0,2,58.6515394304325,1
40,504,0.000696425480880035,0,0,0,2,0,1,58.6515394304325,1
40,504,8.45924332113791,0,0,0,2,0,2,58.6515394304325,1
40,672,2.88719572807886e-05,0,0,0,2,0,1,58.6515394304325,1
40,672,6.1613757530573,0,0,0,2,0,2,58.6515394304325,1
40,1008,2.90957054848633e-08,0,0,0,2,0,1,58.6515394304325,1
40,1008,8.3279102646882,0,0,0,2,0,2,58.6515394304325,1
40,1344,4.46591242926904e-11,0,0,0,2,0,1,58.6515394304325,1
40,1344,8.77679257939571,0,0,0,2,0,2,58.6515394304325,1
41,0,0,1,1,150,1,0,0,73.9683615309039,0
41,2,0.0935514079003403,0,0,0,2,0,1,73.9683615309039,0
41,2,12.2419190361657,0,0,0,2,0,2,73.9683615309039,0
41,6,0.27506260576247,0,0,0,2,0,1,73.9683615309039,0
41,6,9.28341400609937,0,0,0,2,0,2,73.9683615309039,0
41,12,0.671935781360618,0,0,0,2,0,1,73.9683615309039,0
41,12,13.212628982881,0,0,0,2,0,2,73.9683615309039,0
41,18,1.03564007779555,0,0,0,2,0,1,73.9683615309039,0
41,18,12.6510293179636,0,0,0,2,0,2,73.9683615309039,0
41,24,1.66363319921366,0,0,0,2,0,1,73.9683615309039,0
41,24,14.2113063332222,0,0,0,2,0,2,73.9683615309039,0
41,72,1.84519532877397,0,0,0,2,0,1,73.9683615309039,0
41,72,9.82300249964646,0,0,0,2,0,2,73.9683615309039,0
41,168,0.276850445437406,0,0,0,2,0,1,73.9683615309039,0
41,168,9.81136665165786,0,0,0,2,0,2,73.9683615309039,0
41,336,0.00797068905386691,0,0,0,2,0,1,73.9683615309039,0
41,336,11.3274889968394,0,0,0,2,0,2,73.9683615309039,0
41,504,0.000390843857805706,0,0,0,2,0,1,73.9683615309039,0
41,504,12.3015720186213,0,0,0,2,0,2,73.9683615309039,0
41,672,1.50683866191707e-05,0,0,0,2,0,1,73.9683615309039,0
41,672,10.6539605029555,0,0,0,2,0,2,73.9683615309039,0
41,1008,2.50416526427132e-08,0,0,0,2,0,1,73.9683615309039,0
41,1008,13.2302306327855,0,0,0,2,0,2,73.9683615309039,0
41,1344,4.64699463665245e-11,0,0,0,2,0,1,73.9683615309039,0
41,1344,13.4387414605252,0,0,0,2,0,2,73.9683615309039,0
42,0,0,1,1,150,1,0,0,60.6025767342547,1
42,2,0.0896920074773676,0,0,0,2,0,1,60.6025767342547,1
42,2,13.2472526091217,0,0,0,2,0,2,60.6025767342547,1
42,6,0.2354544181323,0,0,0,2,0,1,60.6025767342547,1
42,6,11.2520920297876,0,0,0,2,0,2,60.6025767342547,1
42,12,0.500653411834717,0,0,0,2,0,1,60.6025767342547,1
42,12,14.2442282568989,0,0,0,2,0,2,60.6025767342547,1
42,18,0.94270676262867,0,0,0,2,0,1,60.6025767342547,1
42,18,11.647315406811,0,0,0,2,0,2,60.6025767342547,1
42,24,1.34623725295402,0,0,0,2,0,1,60.6025767342547,1
42,24,9.57756908036265,0,0,0,2,0,2,60.6025767342547,1
42,72,2.88645956803835,0,0,0,2,0,1,60.6025767342547,1
42,72,14.9544810080186,0,0,0,2,0,2,60.6025767342547,1
42,168,0.78081577349349,0,0,0,2,0,1,60.6025767342547,1
42,168,12.8645960665345,0,0,0,2,0,2,60.6025767342547,1
42,336,0.064649728037731,0,0,0,2,0,1,60.6025767342547,1
42,336,14.630281404513,0,0,0,2,0,2,60.6025767342547,1
42,504,0.00534033977658163,0,0,0,2,0,1,60.6025767342547,1
42,504,10.8182092322499,0,0,0,2,0,2,60.6025767342547,1
42,672,0.000658371901492792,0,0,0,2,0,1,60.6025767342547,1
42,672,11.5248484462836,0,0,0,2,0,2,60.6025767342547,1
42,1008,5.4446126116903e-06,0,0,0,2,0,1,60.6025767342547,1
42,1008,11.9456565610663,0,0,0,2,0,2,60.6025767342547,1
42,1344,3.45786475174973e-08,0,0,0,2,0,1,60.6025767342547,1
42,1344,12.7370377760707,0,0,0,2,0,2,60.6025767342547,1
43,0,0,1,1,150,1,0,0,61.6930651005305,0
43,2,0.105999307231273,0,0,0,2,0,1,61.6930651005305,0
43,2,9.81185517679535,0,0,0,2,0,2,61.6930651005305,0
43,6,0.359319775455843,0,0,0,2,0,1,61.6930651005305,0
43,6,10.2917114664035,0,0,0,2,0,2,61.6930651005305,0
43,12,1.28676118495811,0,0,0,2,0,1,61.6930651005305,0
43,12,7.87792364937626,0,0,0,2,0,2,61.6930651005305,0
43,18,2.11070737322971,0,0,0,2,0,1,61.6930651005305,0
43,18,10.4412817625333,0,0,0,2,0,2,61.6930651005305,0
43,24,3.38911588697418,0,0,0,2,0,1,61.6930651005305,0
43,24,8.10687032863136,0,0,0,2,0,2,61.6930651005305,0
43,72,6.09165674599975,0,0,0,2,0,1,61.6930651005305,0
43,72,11.5777568337673,0,0,0,2,0,2,61.6930651005305,0
43,168,0.859186555663302,0,0,0,2,0,1,61.6930651005305,0
43,168,10.1154140019075,0,0,0,2,0,2,61.6930651005305,0
43,336,0.0324029812624638,0,0,0,2,0,1,61.6930651005305,0
43,336,9.76499894575335,0,0,0,2,0,2,61.6930651005305,0
43,504,0.00189874537334458,0,0,0,2,0,1,61.6930651005305,0
43,504,10.1619993292278,0,0,0,2,0,2,61.6930651005305,0
43,672,0.000133535563586996,0,0,0,2,0,1,61.6930651005305,0
43,672,9.95636995561029,0,0,0,2,0,2,61.6930651005305,0
43,1008,4.36281126029751e-07,0,0,0,2,0,1,61.6930651005305,0
43,1008,10.0138667146023,0,0,0,2,0,2,61.6930651005305,0
43,1344,2.83856437724922e-09,0,0,0,2,0,1,61.6930651005305,0
43,1344,9.37412186071216,0,0,0,2,0,2,61.6930651005305,0
44,0,0,1,1,150,1,0,0,84.019603421084,0
44,2,0.10284092533186,0,0,0,2,0,1,84.019603421084,0
44,2,9.5398046161237,0,0,0,2,0,2,84.019603421084,0
44,6,0.396401868513722,0,0,0,2,0,1,84.019603421084,0
44,6,8.67352465106052,0,0,0,2,0,2,84.019603421084,0
44,12,0.689479094763446,0,0,0,2,0,1,84.019603421084,0
44,12,9.12862815697452,0,0,0,2,0,2,84.019603421084,0
44,18,1.31304186294177,0,0,0,2,0,1,84.019603421084,0
44,18,10.1501661477921,0,0,0,2,0,2,84.019603421084,0
44,24,1.12171944212079,0,0,0,2,0,1,84.019603421084,0
44,24,9.83824098319899,0,0,0,2,0,2,84.019603421084,0
44,72,1.87432997988779,0,0,0,2,0,1,84.019603421084,0
44,72,10.868106674777,0,0,0,2,0,2,84.019603421084,0
44,168,0.478066208899005,0,0,0,2,0,1,84.019603421084,0
44,168,9.89020828089946,0,0,0,2,0,2,84.019603421084,0
44,336,0.0522993365182221,0,0,0,2,0,1,84.019603421084,0
44,336,10.0574245592484,0,0,0,2,0,2,84.019603421084,0
44,504,0.00744127164650166,0,0,0,2,0,1,84.019603421084,0
44,504,9.32042731716458,0,0,0,2,0,2,84.019603421084,0
44,672,0.00107396483344616,0,0,0,2,0,1,84.019603421084,0
44,672,12.0732695240176,0,0,0,2,0,2,84.019603421084,0
44,1008,2.02670535799713e-05,0,0,0,2,0,1,84.019603421084,0
44,1008,9.99693125449031,0,0,0,2,0,2,84.019603421084,0
44,1344,4.49549054931228e-07,0,0,0,2,0,1,84.019603421084,0
44,1344,9.88327846929647,0,0,0,2,0,2,84.019603421084,0
45,0,0,1,1,150,1,0,0,94.0965641289745,1
45,2,0.182550065991715,0,0,0,2,0,1,94.0965641289745,1
45,2,8.14562725192469,0,0,0,2,0,2,94.0965641289745,1
45,6,0.753164633619899,0,0,0,2,0,1,94.0965641289745,1
45,6,6.52322764618052,0,0,0,2,0,2,94.0965641289745,1
45,12,1.83831628505834,0,0,0,2,0,1,94.0965641289745,1
45,12,6.50657081801192,0,0,0,2,0,2,94.0965641289745,1
45,18,3.71647502520878,0,0,0,2,0,1,94.0965641289745,1
45,18,6.88688433629696,0,0,0,2,0,2,94.0965641289745,1
45,24,5.13942790535223,0,0,0,2,0,1,94.0965641289745,1
45,24,8.85827979735293,0,0,0,2,0,2,94.0965641289745,1
45,72,9.59752417177873,0,0,0,2,0,1,94.0965641289745,1
45,72,7.39894704592839,0,0,0,2,0,2,94.0965641289745,1
45,168,2.68313035535545,0,0,0,2,0,1,94.0965641289745,1
45,168,8.65904695703648,0,0,0,2,0,2,94.0965641289745,1
45,336,0.0553813196981131,0,0,0,2,0,1,94.0965641289745,1
45,336,7.80645849214686,0,0,0,2,0,2,94.0965641289745,1
45,504,0.0029501408327561,0,0,0,2,0,1,94.0965641289745,1
45,504,8.60630421225565,0,0,0,2,0,2,94.0965641289745,1
45,672,9.77793784084589e-05,0,0,0,2,0,1,94.0965641289745,1
45,672,8.22405045986878,0,0,0,2,0,2,94.0965641289745,1
45,1008,4.24616263852343e-07,0,0,0,2,0,1,94.0965641289745,1
45,1008,7.62068842534185,0,0,0,2,0,2,94.0965641289745,1
45,1344,1.59536347799259e-09,0,0,0,2,0,1,94.0965641289745,1
45,1344,8.12512610870053,0,0,0,2,0,2,94.0965641289745,1
46,0,0,1,1,150,1,0,0,73.4564669816587,0
46,2,0.118231685688129,0,0,0,2,0,1,73.4564669816587,0
46,2,9.39076049385195,0,0,0,2,0,2,73.4564669816587,0
46,6,0.536199858794909,0,0,0,2,0,1,73.4564669816587,0
46,6,8.82792551606147,0,0,0,2,0,2,73.4564669816587,0
46,12,1.09486989316251,0,0,0,2,0,1,73.4564669816587,0
46,12,10.4440206891038,0,0,0,2,0,2,73.4564669816587,0
46,18,2.66709652527009,0,0,0,2,0,1,73.4564669816587,0
46,18,12.3337056977984,0,0,0,2,0,2,73.4564669816587,0
46,24,2.70392439834437,0,0,0,2,0,1,73.4564669816587,0
46,24,10.3373777723063,0,0,0,2,0,2,73.4564669816587,0
46,72,6.7793887950925,0,0,0,2,0,1,73.4564669816587,0
46,72,8.22581472048412,0,0,0,2,0,2,73.4564669816587,0
46,168,1.64462247370018,0,0,0,2,0,1,73.4564669816587,0
46,168,10.4472481853644,0,0,0,2,0,2,73.4564669816587,0
46,336,0.0890801753877139,0,0,0,2,0,1,73.4564669816587,0
46,336,8.15520886968195,0,0,0,2,0,2,73.4564669816587,0
46,504,0.00517122323460346,0,0,0,2,0,1,73.4564669816587,0
46,504,8.29828942595702,0,0,0,2,0,2,73.4564669816587,0
46,672,0.000298813080035793,0,0,0,2,0,1,73.4564669816587,0
46,672,8.03808340479414,0,0,0,2,0,2,73.4564669816587,0
46,1008,7.94568130532202e-07,0,0,0,2,0,1,73.4564669816587,0
46,1008,10.3321139470188,0,0,0,2,0,2,73.4564669816587,0
46,1344,2.64623829359226e-09,0,0,0,2,0,1,73.4564669816587,0
46,1344,9.26978460569974,0,0,0,2,0,2,73.4564669816587,0
47,0,0,1,1,150,1,0,0,83.2047902217921,0
47,2,0.245048580805618,0,0,0,2,0,1,83.2047902217921,0
47,2,6.71344013961795,0,0,0,2,0,2,83.2047902217921,0
47,6,1.08519267740603,0,0,0,2,0,1,83.2047902217921,0
47,6,6.37000316044974,0,0,0,2,0,2,83.2047902217921,0
47,12,1.8656108092309,0,0,0,2,0,1,83.2047902217921,0
47,12,8.0796574692825,0,0,0,2,0,2,83.2047902217921,0
47,18,2.74395868629622,0,0,0,2,0,1,83.2047902217921,0
47,18,8.09653388741806,0,0,0,2,0,2,83.2047902217921,0
47,24,4.22534892466443,0,0,0,2,0,1,83.2047902217921,0
47,24,7.48469909034817,0,0,0,2,0,2,83.2047902217921,0
47,72,2.18282739445884,0,0,0,2,0,1,83.2047902217921,0
47,72,7.18050161159107,0,0,0,2,0,2,83.2047902217921,0
47,168,0.10964500920584,0,0,0,2,0,1,83.2047902217921,0
47,168,5.84960233607885,0,0,0,2,0,2,83.2047902217921,0
47,336,0.0023638580778376,0,0,0,2,0,1,83.2047902217921,0
47,336,6.9562030180022,0,0,0,2,0,2,83.2047902217921,0
47,504,4.02879473002459e-05,0,0,0,2,0,1,83.2047902217921,0
47,504,6.47558551610632,0,0,0,2,0,2,83.2047902217921,0
47,672,8.78345475590669e-07,0,0,0,2,0,1,83.2047902217921,0
47,672,5.30297977376399,0,0,0,2,0,2,83.2047902217921,0
47,1008,4.23205088646949e-10,0,0,0,2,0,1,83.2047902217921,0
47,1008,6.49322841305895,0,0,0,2,0,2,83.2047902217921,0
47,1344,NA,1,0,0,2,0,1,83.2047902217921,0
47,1344,5.79088779009874,0,0,0,2,0,2,83.2047902217921,0
48,0,0,1,1,150,1,0,0,44.3820617007464,1
48,2,0.19233270059338,0,0,0,2,0,1,44.3820617007464,1
48,2,9.19497133096764,0,0,0,2,0,2,44.3820617007464,1
48,6,0.586450083779571,0,0,0,2,0,1,44.3820617007464,1
48,6,12.1673350376647,0,0,0,2,0,2,44.3820617007464,1
48,12,1.44340994803165,0,0,0,2,0,1,44.3820617007464,1
48,12,13.0220642384945,0,0,0,2,0,2,44.3820617007464,1
48,18,2.57492964284247,0,0,0,2,0,1,44.3820617007464,1
48,18,11.1578150382465,0,0,0,2,0,2,44.3820617007464,1
48,24,2.37742972700617,0,0,0,2,0,1,44.3820617007464,1
48,24,9.58618786578806,0,0,0,2,0,2,44.3820617007464,1
48,72,1.63548889841919,0,0,0,2,0,1,44.3820617007464,1
48,72,9.15961705630844,0,0,0,2,0,2,44.3820617007464,1
48,168,0.13770322503353,0,0,0,2,0,1,44.3820617007464,1
48,168,12.6939945300094,0,0,0,2,0,2,44.3820617007464,1
48,336,0.00218607843873971,0,0,0,2,0,1,44.3820617007464,1
48,336,15.1296541701325,0,0,0,2,0,2,44.3820617007464,1
48,504,2.12405844980907e-05,0,0,0,2,0,1,44.3820617007464,1
48,504,12.3029164763915,0,0,0,2,0,2,44.3820617007464,1
48,672,3.33459823799684e-07,0,0,0,2,0,1,44.3820617007464,1
48,672,13.8711614028358,0,0,0,2,0,2,44.3820617007464,1
48,1008,6.46609368884193e-11,0,0,0,2,0,1,44.3820617007464,1
48,1008,9.24848136872692,0,0,0,2,0,2,44.3820617007464,1
48,1344,1.65488452829383e-12,0,0,0,2,0,1,44.3820617007464,1
48,1344,15.8926238877914,0,0,0,2,0,2,44.3820617007464,1
49,0,0,1,1,150,1,0,0,72.8889098855133,0
49,2,0.275539155345378,0,0,0,2,0,1,72.8889098855133,0
49,2,14.1281540908319,0,0,0,2,0,2,72.8889098855133,0
49,6,0.748346622394798,0,0,0,2,0,1,72.8889098855133,0
49,6,11.3323613270873,0,0,0,2,0,2,72.8889098855133,0
49,12,1.76044700606099,0,0,0,2,0,1,72.8889098855133,0
49,12,12.9580389742349,0,0,0,2,0,2,72.8889098855133,0
49,18,3.61604190183636,0,0,0,2,0,1,72.8889098855133,0
49,18,11.9503030817761,0,0,0,2,0,2,72.8889098855133,0
49,24,4.28488527574506,0,0,0,2,0,1,72.8889098855133,0
49,24,11.2300806337108,0,0,0,2,0,2,72.8889098855133,0
49,72,7.34055143683556,0,0,0,2,0,1,72.8889098855133,0
49,72,13.3443029078143,0,0,0,2,0,2,72.8889098855133,0
49,168,0.504427013639352,0,0,0,2,0,1,72.8889098855133,0
49,168,13.4730946317541,0,0,0,2,0,2,72.8889098855133,0
49,336,0.0154101995278177,0,0,0,2,0,1,72.8889098855133,0
49,336,12.200574314349,0,0,0,2,0,2,72.8889098855133,0
49,504,0.000759340061702464,0,0,0,2,0,1,72.8889098855133,0
49,504,10.4549104122415,0,0,0,2,0,2,72.8889098855133,0
49,672,4.63108296303487e-05,0,0,0,2,0,1,72.8889098855133,0
49,672,9.91121853910313,0,0,0,2,0,2,72.8889098855133,0
49,1008,6.23657251691701e-08,0,0,0,2,0,1,72.8889098855133,0
49,1008,10.2897379907518,0,0,0,2,0,2,72.8889098855133,0
49,1344,1.39940812212514e-10,0,0,0,2,0,1,72.8889098855133,0
49,1344,13.8606825084109,0,0,0,2,0,2,72.8889098855133,0
50,0,0,1,1,150,1,0,0,52.6590625273449,1
50,2,0.072307974118024,0,0,0,2,0,1,52.6590625273449,1
50,2,11.9718787826991,0,0,0,2,0,2,52.6590625273449,1
50,6,0.301374472353022,0,0,0,2,0,1,52.6590625273449,1
50,6,10.5427125051413,0,0,0,2,0,2,52.6590625273449,1
50,12,0.523444259566841,0,0,0,2,0,1,52.6590625273449,1
50,12,10.3758902711178,0,0,0,2,0,2,52.6590625273449,1
50,18,1.04525485120025,0,0,0,2,0,1,52.6590625273449,1
50,18,11.9347516233474,0,0,0,2,0,2,52.6590625273449,1
50,24,1.52604111250078,0,0,0,2,0,1,52.6590625273449,1
50,24,12.5277919636826,0,0,0,2,0,2,52.6590625273449,1
50,72,0.80191230612048,0,0,0,2,0,1,52.6590625273449,1
50,72,12.2303156900755,0,0,0,2,0,2,52.6590625273449,1
50,168,0.0745204582591291,0,0,0,2,0,1,52.6590625273449,1
50,168,9.96368548805486,0,0,0,2,0,2,52.6590625273449,1
50,336,0.00165262061914852,0,0,0,2,0,1,52.6590625273449,1
50,336,9.0738477934791,0,0,0,2,0,2,52.6590625273449,1
50,504,3.07426148154559e-05,0,0,0,2,0,1,52.6590625273449,1
50,504,11.5409232682234,0,0,0,2,0,2,52.6590625273449,1
50,672,7.30009848882557e-07,0,0,0,2,0,1,52.6590625273449,1
50,672,11.781057496294,0,0,0,2,0,2,52.6590625273449,1
50,1008,2.60191347597132e-10,0,0,0,2,0,1,52.6590625273449,1
50,1008,10.4995388986741,0,0,0,2,0,2,52.6590625273449,1
50,1344,NA,1,0,0,2,0,1,52.6590625273449,1
50,1344,10.7222677678455,0,0,0,2,0,2,52.6590625273449,1
51,0,0,1,1,150,1,0,0,50.0367126994215,1
51,2,0.13244584148028,0,0,0,2,0,1,50.0367126994215,1
51,2,8.29111088218187,0,0,0,2,0,2,50.0367126994215,1
51,6,0.307625828790035,0,0,0,2,0,1,50.0367126994215,1
51,6,9.31846032927863,0,0,0,2,0,2,50.0367126994215,1
51,12,0.865567968519115,0,0,0,2,0,1,50.0367126994215,1
51,12,9.14297402221824,0,0,0,2,0,2,50.0367126994215,1
51,18,1.07451028428539,0,0,0,2,0,1,50.0367126994215,1
51,18,5.74005064669772,0,0,0,2,0,2,50.0367126994215,1
51,24,1.83008368241521,0,0,0,2,0,1,50.0367126994215,1
51,24,8.81052378021312,0,0,0,2,0,2,50.0367126994215,1
51,72,3.67102534578329,0,0,0,2,0,1,50.0367126994215,1
51,72,9.86049509120621,0,0,0,2,0,2,50.0367126994215,1
51,168,0.5049788593577,0,0,0,2,0,1,50.0367126994215,1
51,168,10.1045662317747,0,0,0,2,0,2,50.0367126994215,1
51,336,0.0371974497998845,0,0,0,2,0,1,50.0367126994215,1
51,336,8.12386507674764,0,0,0,2,0,2,50.0367126994215,1
51,504,0.00493341205445171,0,0,0,2,0,1,50.0367126994215,1
51,504,6.82928380008338,0,0,0,2,0,2,50.0367126994215,1
51,672,0.000470977426084937,0,0,0,2,0,1,50.0367126994215,1
51,672,10.1953562879104,0,0,0,2,0,2,50.0367126994215,1
51,1008,5.13065879304378e-06,0,0,0,2,0,1,50.0367126994215,1
51,1008,7.81040223509953,0,0,0,2,0,2,50.0367126994215,1
51,1344,8.20709883416135e-08,0,0,0,2,0,1,50.0367126994215,1
51,1344,7.56454827998075,0,0,0,2,0,2,50.0367126994215,1
52,0,0,1,1,150,1,0,0,60.3167112406402,0
52,2,0.312165062336674,0,0,0,2,0,1,60.3167112406402,0
52,2,8.55050289314806,0,0,0,2,0,2,60.3167112406402,0
52,6,1.16314473302264,0,0,0,2,0,1,60.3167112406402,0
52,6,7.76595056177304,0,0,0,2,0,2,60.3167112406402,0
52,12,2.40532729636508,0,0,0,2,0,1,60.3167112406402,0
52,12,8.86435310611462,0,0,0,2,0,2,60.3167112406402,0
52,18,3.09392642350945,0,0,0,2,0,1,60.3167112406402,0
52,18,9.90780056092952,0,0,0,2,0,2,60.3167112406402,0
52,24,3.48143230221319,0,0,0,2,0,1,60.3167112406402,0
52,24,8.7663477575114,0,0,0,2,0,2,60.3167112406402,0
52,72,5.13049738948426,0,0,0,2,0,1,60.3167112406402,0
52,72,7.56510102133032,0,0,0,2,0,2,60.3167112406402,0
52,168,0.234235880568788,0,0,0,2,0,1,60.3167112406402,0
52,168,8.64173654186338,0,0,0,2,0,2,60.3167112406402,0
52,336,0.00259868224378343,0,0,0,2,0,1,60.3167112406402,0
52,336,9.54532689692156,0,0,0,2,0,2,60.3167112406402,0
52,504,2.37064795636746e-05,0,0,0,2,0,1,60.3167112406402,0
52,504,8.82720996804817,0,0,0,2,0,2,60.3167112406402,0
52,672,1.99304144615045e-07,0,0,0,2,0,1,60.3167112406402,0
52,672,7.9921548456303,0,0,0,2,0,2,60.3167112406402,0
52,1008,2.32262666215704e-11,0,0,0,2,0,1,60.3167112406402,0
52,1008,8.36319235390872,0,0,0,2,0,2,60.3167112406402,0
52,1344,2.51227528077371e-12,0,0,0,2,0,1,60.3167112406402,0
52,1344,8.56235197415883,0,0,0,2,0,2,60.3167112406402,0
53,0,0,1,1,150,1,0,0,59.8673601584602,1
53,2,0.300728239787986,0,0,0,2,0,1,59.8673601584602,1
53,2,7.35623928064601,0,0,0,2,0,2,59.8673601584602,1
53,6,1.17545572652741,0,0,0,2,0,1,59.8673601584602,1
53,6,7.32273889315428,0,0,0,2,0,2,59.8673601584602,1
53,12,3.24190890134298,0,0,0,2,0,1,59.8673601584602,1
53,12,6.89102198886155,0,0,0,2,0,2,59.8673601584602,1
53,18,5.10878154688731,0,0,0,2,0,1,59.8673601584602,1
53,18,7.87884654957059,0,0,0,2,0,2,59.8673601584602,1
53,24,10.2241961737412,0,0,0,2,0,1,59.8673601584602,1
53,24,7.17869309113358,0,0,0,2,0,2,59.8673601584602,1
53,72,17.9297866401028,0,0,0,2,0,1,59.8673601584602,1
53,72,5.36663028053395,0,0,0,2,0,2,59.8673601584602,1
53,168,5.00259366902919,0,0,0,2,0,1,59.8673601584602,1
53,168,5.91519329580854,0,0,0,2,0,2,59.8673601584602,1
53,336,0.133211183832937,0,0,0,2,0,1,59.8673601584602,1
53,336,7.67619604780473,0,0,0,2,0,2,59.8673601584602,1
53,504,0.00434562212412206,0,0,0,2,0,1,59.8673601584602,1
53,504,6.70521407088698,0,0,0,2,0,2,59.8673601584602,1
53,672,0.000179002059739047,0,0,0,2,0,1,59.8673601584602,1
53,672,7.35466639360077,0,0,0,2,0,2,59.8673601584602,1
53,1008,4.73027704145742e-07,0,0,0,2,0,1,59.8673601584602,1
53,1008,7.87017922986839,0,0,0,2,0,2,59.8673601584602,1
53,1344,7.33557120157776e-10,0,0,0,2,0,1,59.8673601584602,1
53,1344,6.35445804288547,0,0,0,2,0,2,59.8673601584602,1
54,0,0,1,1,150,1,0,0,68.6545803905197,1
54,2,0.266872792373078,0,0,0,2,0,1,68.6545803905197,1
54,2,7.88244540126163,0,0,0,2,0,2,68.6545803905197,1
54,6,0.815203193215893,0,0,0,2,0,1,68.6545803905197,1
54,6,9.01775148540655,0,0,0,2,0,2,68.6545803905197,1
54,12,1.44354537926271,0,0,0,2,0,1,68.6545803905197,1
54,12,10.0777521352149,0,0,0,2,0,2,68.6545803905197,1
54,18,3.78859063812987,0,0,0,2,0,1,68.6545803905197,1
54,18,10.8014625245538,0,0,0,2,0,2,68.6545803905197,1
54,24,5.38249723999036,0,0,0,2,0,1,68.6545803905197,1
54,24,7.38209791876215,0,0,0,2,0,2,68.6545803905197,1
54,72,12.0735424002273,0,0,0,2,0,1,68.6545803905197,1
54,72,9.80409083141047,0,0,0,2,0,2,68.6545803905197,1
54,168,2.88119067850058,0,0,0,2,0,1,68.6545803905197,1
54,168,7.7366090906189,0,0,0,2,0,2,68.6545803905197,1
54,336,0.0847835405487084,0,0,0,2,0,1,68.6545803905197,1
54,336,9.15365828013787,0,0,0,2,0,2,68.6545803905197,1
54,504,0.00624271977905981,0,0,0,2,0,1,68.6545803905197,1
54,504,9.142976953076,0,0,0,2,0,2,68.6545803905197,1
54,672,0.000317949090028017,0,0,0,2,0,1,68.6545803905197,1
54,672,9.88185929459361,0,0,0,2,0,2,68.6545803905197,1
54,1008,1.65667961402692e-06,0,0,0,2,0,1,68.6545803905197,1
54,1008,8.7429440510512,0,0,0,2,0,2,68.6545803905197,1
54,1344,1.13401942426617e-08,0,0,0,2,0,1,68.6545803905197,1
54,1344,8.67171603939704,0,0,0,2,0,2,68.6545803905197,1
55,0,0,1,1,150,1,0,0,60.1655909601504,1
55,2,0.260959220190145,0,0,0,2,0,1,60.1655909601504,1
55,2,11.6586422276799,0,0,0,2,0,2,60.1655909601504,1
55,6,1.38138167879065,0,0,0,2,0,1,60.1655909601504,1
55,6,10.0455974893473,0,0,0,2,0,2,60.1655909601504,1
55,12,3.81474532314825,0,0,0,2,0,1,60.1655909601504,1
55,12,9.00467506241777,0,0,0,2,0,2,60.1655909601504,1
55,18,5.59524962282991,0,0,0,2,0,1,60.1655909601504,1
55,18,9.45039339252317,0,0,0,2,0,2,60.1655909601504,1
55,24,8.53525905005994,0,0,0,2,0,1,60.1655909601504,1
55,24,11.7802374760473,0,0,0,2,0,2,60.1655909601504,1
55,72,6.90649518196381,0,0,0,2,0,1,60.1655909601504,1
55,72,11.3928265570567,0,0,0,2,0,2,60.1655909601504,1
55,168,0.481640161057068,0,0,0,2,0,1,60.1655909601504,1
55,168,9.15427490016065,0,0,0,2,0,2,60.1655909601504,1
55,336,0.00654303547522968,0,0,0,2,0,1,60.1655909601504,1
55,336,11.468669371249,0,0,0,2,0,2,60.1655909601504,1
55,504,8.86178930115821e-05,0,0,0,2,0,1,60.1655909601504,1
55,504,11.1769259999212,0,0,0,2,0,2,60.1655909601504,1
55,672,9.41070640051593e-07,0,0,0,2,0,1,60.1655909601504,1
55,672,8.45740176790591,0,0,0,2,0,2,60.1655909601504,1
55,1008,2.15844502372916e-10,0,0,0,2,0,1,60.1655909601504,1
55,1008,12.2687932529229,0,0,0,2,0,2,60.1655909601504,1
55,1344,NA,1,0,0,2,0,1,60.1655909601504,1
55,1344,11.4825225572251,0,0,0,2,0,2,60.1655909601504,1
56,0,0,1,1,150,1,0,0,70.6049634745747,1
56,2,0.236765206272057,0,0,0,2,0,1,70.6049634745747,1
56,2,15.2968617780791,0,0,0,2,0,2,70.6049634745747,1
56,6,0.644572508806879,0,0,0,2,0,1,70.6049634745747,1
56,6,15.0597748428163,0,0,0,2,0,2,70.6049634745747,1
56,12,1.71376498258822,0,0,0,2,0,1,70.6049634745747,1
56,12,16.7039139258766,0,0,0,2,0,2,70.6049634745747,1
56,18,2.68690561793818,0,0,0,2,0,1,70.6049634745747,1
56,18,14.8823823696318,0,0,0,2,0,2,70.6049634745747,1
56,24,3.98531455478042,0,0,0,2,0,1,70.6049634745747,1
56,24,17.1899828588582,0,0,0,2,0,2,70.6049634745747,1
56,72,2.57312776718536,0,0,0,2,0,1,70.6049634745747,1
56,72,15.3470683549325,0,0,0,2,0,2,70.6049634745747,1
56,168,0.226281401246064,0,0,0,2,0,1,70.6049634745747,1
56,168,13.2848660864598,0,0,0,2,0,2,70.6049634745747,1
56,336,0.00253045073734622,0,0,0,2,0,1,70.6049634745747,1
56,336,14.6309807296584,0,0,0,2,0,2,70.6049634745747,1
56,504,4.08135189049757e-05,0,0,0,2,0,1,70.6049634745747,1
56,504,15.0244650641692,0,0,0,2,0,2,70.6049634745747,1
56,672,5.54412900420456e-07,0,0,0,2,0,1,70.6049634745747,1
56,672,16.3983209377742,0,0,0,2,0,2,70.6049634745747,1
56,1008,1.09231912313964e-10,0,0,0,2,0,1,70.6049634745747,1
56,1008,14.6572579038884,0,0,0,2,0,2,70.6049634745747,1
56,1344,1.57602411269154e-12,0,0,0,2,0,1,70.6049634745747,1
56,1344,17.9685174081884,0,0,0,2,0,2,70.6049634745747,1
57,0,0,1,1,150,1,0,0,69.144222583611,1
57,2,0.151397372720332,0,0,0,2,0,1,69.144222583611,1
57,2,10.1832234244498,0,0,0,2,0,2,69.144222583611,1
57,6,0.553200163381842,0,0,0,2,0,1,69.144222583611,1
57,6,9.48248291728069,0,0,0,2,0,2,69.144222583611,1
57,12,1.96184251670316,0,0,0,2,0,1,69.144222583611,1
57,12,8.69084827566778,0,0,0,2,0,2,69.144222583611,1
57,18,2.97318329436228,0,0,0,2,0,1,69.144222583611,1
57,18,8.04034568223217,0,0,0,2,0,2,69.144222583611,1
57,24,3.43305617355427,0,0,0,2,0,1,69.144222583611,1
57,24,9.64208309874173,0,0,0,2,0,2,69.144222583611,1
57,72,4.2761291375998,0,0,0,2,0,1,69.144222583611,1
57,72,8.88446262205646,0,0,0,2,0,2,69.144222583611,1
57,168,0.181596978357209,0,0,0,2,0,1,69.144222583611,1
57,168,9.02760434595303,0,0,0,2,0,2,69.144222583611,1
57,336,0.0030512519646698,0,0,0,2,0,1,69.144222583611,1
57,336,8.73822700823119,0,0,0,2,0,2,69.144222583611,1
57,504,6.51476356130783e-05,0,0,0,2,0,1,69.144222583611,1
57,504,10.3421449992192,0,0,0,2,0,2,69.144222583611,1
57,672,8.59386583017422e-07,0,0,0,2,0,1,69.144222583611,1
57,672,8.87905384904621,0,0,0,2,0,2,69.144222583611,1
57,1008,3.9909025117197e-10,0,0,0,2,0,1,69.144222583611,1
57,1008,9.85170222750454,0,0,0,2,0,2,69.144222583611,1
57,1344,NA,1,0,0,2,0,1,69.144222583611,1
57,1344,9.85838031991188,0,0,0,2,0,2,69.144222583611,1
58,0,0,1,1,150,1,0,0,96.2470458659448,1
58,2,0.206755674395722,0,0,0,2,0,1,96.2470458659448,1
58,2,11.6014586049136,0,0,0,2,0,2,96.2470458659448,1
58,6,0.911225711570189,0,0,0,2,0,1,96.2470458659448,1
58,6,10.0037792399552,0,0,0,2,0,2,96.2470458659448,1
58,12,2.89453105538086,0,0,0,2,0,1,96.2470458659448,1
58,12,8.20204986630402,0,0,0,2,0,2,96.2470458659448,1
58,18,5.35977462808457,0,0,0,2,0,1,96.2470458659448,1
58,18,12.7664985390272,0,0,0,2,0,2,96.2470458659448,1
58,24,6.85079399620463,0,0,0,2,0,1,96.2470458659448,1
58,24,9.79969045948343,0,0,0,2,0,2,96.2470458659448,1
58,72,5.417477241391,0,0,0,2,0,1,96.2470458659448,1
58,72,9.40306797689025,0,0,0,2,0,2,96.2470458659448,1
58,168,0.20924421608337,0,0,0,2,0,1,96.2470458659448,1
58,168,9.77321291590657,0,0,0,2,0,2,96.2470458659448,1
58,336,0.00291360792301099,0,0,0,2,0,1,96.2470458659448,1
58,336,9.18364472601025,0,0,0,2,0,2,96.2470458659448,1
58,504,7.75190686597402e-05,0,0,0,2,0,1,96.2470458659448,1
58,504,10.0964506480185,0,0,0,2,0,2,96.2470458659448,1
58,672,2.0826179391996e-06,0,0,0,2,0,1,96.2470458659448,1
58,672,8.36168208469306,0,0,0,2,0,2,96.2470458659448,1
58,1008,8.74738423408908e-10,0,0,0,2,0,1,96.2470458659448,1
58,1008,7.04248513210297,0,0,0,2,0,2,96.2470458659448,1
58,1344,NA,1,0,0,2,0,1,96.2470458659448,1
58,1344,9.2253358232327,0,0,0,2,0,2,96.2470458659448,1
59,0,0,1,1,150,1,0,0,79.2047488085652,1
59,2,0.112722318137599,0,0,0,2,0,1,79.2047488085652,1
59,2,10.7538896589412,0,0,0,2,0,2,79.2047488085652,1
59,6,0.59567699832331,0,0,0,2,0,1,79.2047488085652,1
59,6,8.48204869256618,0,0,0,2,0,2,79.2047488085652,1
59,12,1.35916603335268,0,0,0,2,0,1,79.2047488085652,1
59,12,10.8751661469798,0,0,0,2,0,2,79.2047488085652,1
59,18,2.67558916662483,0,0,0,2,0,1,79.2047488085652,1
59,18,11.1767929473441,0,0,0,2,0,2,79.2047488085652,1
59,24,4.04019019934769,0,0,0,2,0,1,79.2047488085652,1
59,24,9.22322566388196,0,0,0,2,0,2,79.2047488085652,1
59,72,4.89623841781862,0,0,0,2,0,1,79.2047488085652,1
59,72,9.77036816386617,0,0,0,2,0,2,79.2047488085652,1
59,168,0.215341219281945,0,0,0,2,0,1,79.2047488085652,1
59,168,10.8870284492224,0,0,0,2,0,2,79.2047488085652,1
59,336,0.00531159350519283,0,0,0,2,0,1,79.2047488085652,1
59,336,10.0413195206318,0,0,0,2,0,2,79.2047488085652,1
59,504,7.88003364421994e-05,0,0,0,2,0,1,79.2047488085652,1
59,504,10.8078625544386,0,0,0,2,0,2,79.2047488085652,1
59,672,2.25079372945832e-06,0,0,0,2,0,1,79.2047488085652,1
59,672,9.38052815209921,0,0,0,2,0,2,79.2047488085652,1
59,1008,7.24959651778671e-10,0,0,0,2,0,1,79.2047488085652,1
59,1008,9.43507236739812,0,0,0,2,0,2,79.2047488085652,1
59,1344,NA,1,0,0,2,0,1,79.2047488085652,1
59,1344,9.47831170111505,0,0,0,2,0,2,79.2047488085652,1
60,0,0,1,1,150,1,0,0,73.637108292181,1
60,2,0.173407552394923,0,0,0,2,0,1,73.637108292181,1
60,2,15.3979745979278,0,0,0,2,0,2,73.637108292181,1
60,6,0.386811485891653,0,0,0,2,0,1,73.637108292181,1
60,6,14.1074659377008,0,0,0,2,0,2,73.637108292181,1
60,12,1.04929285909903,0,0,0,2,0,1,73.637108292181,1
60,12,13.4179076775533,0,0,0,2,0,2,73.637108292181,1
60,18,2.37333060805264,0,0,0,2,0,1,73.637108292181,1
60,18,14.3230572198284,0,0,0,2,0,2,73.637108292181,1
60,24,2.08429998617535,0,0,0,2,0,1,73.637108292181,1
60,24,15.1787240491692,0,0,0,2,0,2,73.637108292181,1
60,72,4.28026623695267,0,0,0,2,0,1,73.637108292181,1
60,72,12.4034037436677,0,0,0,2,0,2,73.637108292181,1
60,168,0.443745711514304,0,0,0,2,0,1,73.637108292181,1
60,168,16.056466323177,0,0,0,2,0,2,73.637108292181,1
60,336,0.0130871921236684,0,0,0,2,0,1,73.637108292181,1
60,336,12.170021169151,0,0,0,2,0,2,73.637108292181,1
60,504,0.000353859520100111,0,0,0,2,0,1,73.637108292181,1
60,504,13.767596987118,0,0,0,2,0,2,73.637108292181,1
60,672,1.66568144012632e-05,0,0,0,2,0,1,73.637108292181,1
60,672,15.6326409808902,0,0,0,2,0,2,73.637108292181,1
60,1008,2.05916012125688e-08,0,0,0,2,0,1,73.637108292181,1
60,1008,11.2463329896773,0,0,0,2,0,2,73.637108292181,1
60,1344,5.72309543695743e-11,0,0,0,2,0,1,73.637108292181,1
60,1344,14.0077376892425,0,0,0,2,0,2,73.637108292181,1
