"NMID","TIME","DV","MDV","EVID","AMT","CMT","BLQ","WT","SEX","RENAL"
1,0,0,1,1,100,1,0,89.7065151430233,1,1
1,0.5,0.591488568296935,0,0,0,2,0,89.7065151430233,1,1
1,1,0.552263667546905,0,0,0,2,0,89.7065151430233,1,1
1,2,0.859794851674815,0,0,0,2,0,89.7065151430233,1,1
1,4,0.739258923149992,0,0,0,2,0,89.7065151430233,1,1
1,6,0.673119021921135,0,0,0,2,0,89.7065151430233,1,1
1,8,0.650321417952073,0,0,0,2,0,89.7065151430233,1,1
1,12,0.875896357427012,0,0,0,2,0,89.7065151430233,1,1
1,24,0.430963276145793,0,0,0,2,0,89.7065151430233,1,1
2,0,0,1,1,100,1,0,92.65109498628,1,0
2,0.5,0.339242374152033,0,0,0,2,0,92.65109498628,1,0
2,1,0.603334045588011,0,0,0,2,0,92.65109498628,1,0
2,2,0.727336902648,0,0,0,2,0,92.65109498628,1,0
2,4,0.84088959426374,0,0,0,2,0,92.65109498628,1,0
2,6,0.581151697127675,0,0,0,2,0,92.65109498628,1,0
2,8,0.632583555561327,0,0,0,2,0,92.65109498628,1,0
2,12,0.495170982436112,0,0,0,2,0,92.65109498628,1,0
2,24,0.169257987184617,0,0,0,2,0,92.65109498628,1,0
3,0,0,1,1,100,1,0,63.2195925730797,1,0
3,0.5,0.443513619340719,0,0,0,2,0,63.2195925730797,1,0
3,1,0.716461181570998,0,0,0,2,0,63.2195925730797,1,0
3,2,1.02742189320717,0,0,0,2,0,63.2195925730797,1,0
3,4,1.20214140586279,0,0,0,2,0,63.2195925730797,1,0
3,6,1.0031834639751,0,0,0,2,0,63.2195925730797,1,0
3,8,0.787830451627515,0,0,0,2,0,63.2195925730797,1,0
3,12,0.876481609677129,0,0,0,2,0,63.2195925730797,1,0
3,24,0.323295130930033,0,0,0,2,0,63.2195925730797,1,0
4,0,0,1,1,100,1,0,41.0684055247126,0,0
4,0.5,1.14584742654846,0,0,0,2,0,41.0684055247126,0,0
4,1,2.12397871006303,0,0,0,2,0,41.0684055247126,0,0
4,2,1.96435364268555,0,0,0,2,0,41.0684055247126,0,0
4,4,1.62237086301171,0,0,0,2,0,41.0684055247126,0,0
4,6,1.54743562115949,0,0,0,2,0,41.0684055247126,0,0
4,8,1.24932261450113,0,0,0,2,0,41.0684055247126,0,0
4,12,0.722074117485275,0,0,0,2,0,41.0684055247126,0,0
4,24,0.177092643265134,0,0,0,2,0,41.0684055247126,0,0
5,0,0,1,1,100,1,0,49.3820635713877,0,1
5,0.5,1.1875380160023,0,0,0,2,0,49.3820635713877,0,1
5,1,1.46877612252982,0,0,0,2,0,49.3820635713877,0,1
5,2,1.71021595839733,0,0,0,2,0,49.3820635713877,0,1
5,4,1.39152925658335,0,0,0,2,0,49.3820635713877,0,1
5,6,1.41141888767117,0,0,0,2,0,49.3820635713877,0,1
5,8,1.26067779480299,0,0,0,2,0,49.3820635713877,0,1
5,12,0.848107621993756,0,0,0,2,0,49.3820635713877,0,1
5,24,0.496211234855644,0,0,0,2,0,49.3820635713877,0,1
6,0,0,1,1,100,1,0,75.8170527726548,1,0
6,0.5,0.665113476077254,0,0,0,2,0,75.8170527726548,1,0
6,1,1.01924452317751,0,0,0,2,0,75.8170527726548,1,0
6,2,1.28533589700185,0,0,0,2,0,75.8170527726548,1,0
6,4,1.29468086839778,0,0,0,2,0,75.8170527726548,1,0
6,6,0.731781727575282,0,0,0,2,0,75.8170527726548,1,0
6,8,0.641411519080015,0,0,0,2,0,75.8170527726548,1,0
6,12,0.355979847737705,0,0,0,2,0,75.8170527726548,1,0
6,24,0.071767680057947,0,0,0,2,0,75.8170527726548,1,0
7,0,0,1,1,100,1,0,70.4171567499403,1,0
7,0.5,0.618222014047464,0,0,0,2,0,70.4171567499403,1,0
7,1,0.917780222151351,0,0,0,2,0,70.4171567499403,1,0
7,2,0.946814496561526,0,0,0,2,0,70.4171567499403,1,0
7,4,0.997610912596941,0,0,0,2,0,70.4171567499403,1,0
7,6,1.05739472649372,0,0,0,2,0,70.4171567499403,1,0
7,8,0.829837186304199,0,0,0,2,0,70.4171567499403,1,0
7,12,0.703508464206155,0,0,0,2,0,70.4171567499403,1,0
7,24,0.247217280215063,0,0,0,2,0,70.4171567499403,1,0
8,0,0,1,1,100,1,0,49.5311860351164,1,0
8,0.5,1.15814484906212,0,0,0,2,0,49.5311860351164,1,0
8,1,1.53398334161224,0,0,0,2,0,49.5311860351164,1,0
8,2,1.79244168103198,0,0,0,2,0,49.5311860351164,1,0
8,4,1.66346690117163,0,0,0,2,0,49.5311860351164,1,0
8,6,1.7436348044994,0,0,0,2,0,49.5311860351164,1,0
8,8,1.48478327659942,0,0,0,2,0,49.5311860351164,1,0
8,12,1.07946701266851,0,0,0,2,0,49.5311860351164,1,0
8,24,0.62561018737564,0,0,0,2,0,49.5311860351164,1,0
9,0,0,1,1,100,1,0,69.5698598402398,0,0
9,0.5,0.569264967892926,0,0,0,2,0,69.5698598402398,0,0
9,1,0.872622392695435,0,0,0,2,0,69.5698598402398,0,0
9,2,0.999802344744842,0,0,0,2,0,69.5698598402398,0,0
9,4,1.05249494532717,0,0,0,2,0,69.5698598402398,0,0
9,6,0.818831467480288,0,0,0,2,0,69.5698598402398,0,0
9,8,0.765469053074658,0,0,0,2,0,69.5698598402398,0,0
9,12,0.618942365462089,0,0,0,2,0,69.5698598402398,0,0
9,24,0.385124813723549,0,0,0,2,0,69.5698598402398,0,0
10,0,0,1,1,100,1,0,76.683901236544,1,0
10,0.5,0.609216751723732,0,0,0,2,0,76.683901236544,1,0
10,1,0.870869198212915,0,0,0,2,0,76.683901236544,1,0
10,2,1.04618063399767,0,0,0,2,0,76.683901236544,1,0
10,4,0.816965813184439,0,0,0,2,0,76.683901236544,1,0
10,6,0.901862266176415,0,0,0,2,0,76.683901236544,1,0
10,8,0.68865303961568,0,0,0,2,0,76.683901236544,1,0
10,12,0.520511639110249,0,0,0,2,0,76.683901236544,1,0
10,24,0.22660175904757,0,0,0,2,0,76.683901236544,1,0
11,0,0,1,1,100,1,0,66.7212418637782,1,1
11,0.5,0.884567097867641,0,0,0,2,0,66.7212418637782,1,1
11,1,1.49117547913399,0,0,0,2,0,66.7212418637782,1,1
11,2,1.48320167748085,0,0,0,2,0,66.7212418637782,1,1
11,4,0.953252900871452,0,0,0,2,0,66.7212418637782,1,1
11,6,1.04474284720086,0,0,0,2,0,66.7212418637782,1,1
11,8,0.808153180178656,0,0,0,2,0,66.7212418637782,1,1
11,12,0.525597298128319,0,0,0,2,0,66.7212418637782,1,1
11,24,0.156736430982869,0,0,0,2,0,66.7212418637782,1,1
12,0,0,1,1,100,1,0,62.4105014466871,1,0
12,0.5,1.07635645996711,0,0,0,2,0,62.4105014466871,1,0
12,1,1.39948428247535,0,0,0,2,0,62.4105014466871,1,0
12,2,1.48400332781642,0,0,0,2,0,62.4105014466871,1,0
12,4,1.34209385387953,0,0,0,2,0,62.4105014466871,1,0
12,6,1.17096459141818,0,0,0,2,0,62.4105014466871,1,0
12,8,1.22387729421452,0,0,0,2,0,62.4105014466871,1,0
12,12,1.06286910170621,0,0,0,2,0,62.4105014466871,1,0
12,24,0.430688448437434,0,0,0,2,0,62.4105014466871,1,0
13,0,0,1,1,100,1,0,103.237085897383,1,1
13,0.5,0.676080303024806,0,0,0,2,0,103.237085897383,1,1
13,1,0.846539854729885,0,0,0,2,0,103.237085897383,1,1
13,2,0.768995123179336,0,0,0,2,0,103.237085897383,1,1
13,4,0.799339986578701,0,0,0,2,0,103.237085897383,1,1
13,6,0.845384149091367,0,0,0,2,0,103.237085897383,1,1
13,8,0.489964321008552,0,0,0,2,0,103.237085897383,1,1
13,12,0.532677088243692,0,0,0,2,0,103.237085897383,1,1
13,24,0.199706768252732,0,0,0,2,0,103.237085897383,1,1
14,0,0,1,1,100,1,0,61.7375163393753,1,0
14,0.5,0.501781319521802,0,0,0,2,0,61.7375163393753,1,0
14,1,0.969258690354423,0,0,0,2,0,61.7375163393753,1,0
14,2,1.17205551800425,0,0,0,2,0,61.7375163393753,1,0
14,4,1.2444393776655,0,0,0,2,0,61.7375163393753,1,0
14,6,1.00994372626616,0,0,0,2,0,61.7375163393753,1,0
14,8,0.801918880352724,0,0,0,2,0,61.7375163393753,1,0
14,12,0.618116421208695,0,0,0,2,0,61.7375163393753,1,0
14,24,0.192061755050283,0,0,0,2,0,61.7375163393753,1,0
15,0,0,1,1,100,1,0,61.7421808590987,1,0
15,0.5,0.611473795226335,0,0,0,2,0,61.7421808590987,1,0
15,1,0.763398440365327,0,0,0,2,0,61.7421808590987,1,0
15,2,1.1349981613335,0,0,0,2,0,61.7421808590987,1,0
15,4,0.943004875303617,0,0,0,2,0,61.7421808590987,1,0
15,6,0.791088727548481,0,0,0,2,0,61.7421808590987,1,0
15,8,0.703104202589645,0,0,0,2,0,61.7421808590987,1,0
15,12,0.603286206484914,0,0,0,2,0,61.7421808590987,1,0
15,24,0.403466777921951,0,0,0,2,0,61.7421808590987,1,0
16,0,0,1,1,100,1,0,71.7363671696619,0,1
16,0.5,1.09571335869448,0,0,0,2,0,71.7363671696619,0,1
16,1,1.39290802246503,0,0,0,2,0,71.7363671696619,0,1
16,2,1.6781616923713,0,0,0,2,0,71.7363671696619,0,1
16,4,1.7109835986876,0,0,0,2,0,71.7363671696619,0,1
16,6,1.26871653078364,0,0,0,2,0,71.7363671696619,0,1
16,8,1.10318369211699,0,0,0,2,0,71.7363671696619,0,1
16,12,0.903330049908419,0,0,0,2,0,71.7363671696619,0,1
16,24,0.336465806349096,0,0,0,2,0,71.7363671696619,0,1
17,0,0,1,1,100,1,0,118.799872845747,0,0
17,0.5,0.46592381859694,0,0,0,2,0,118.799872845747,0,0
17,1,0.774041665170236,0,0,0,2,0,118.799872845747,0,0
17,2,0.966938864628247,0,0,0,2,0,118.799872845747,0,0
17,4,0.692779935329239,0,0,0,2,0,118.799872845747,0,0
17,6,0.730842971730773,0,0,0,2,0,118.799872845747,0,0
17,8,0.606058431674531,0,0,0,2,0,118.799872845747,0,0
17,12,0.491901315251904,0,0,0,2,0,118.799872845747,0,0
17,24,0.181958343647274,0,0,0,2,0,118.799872845747,0,0
18,0,0,1,1,100,1,0,57.5097311258531,0,1
18,0.5,0.687230158955437,0,0,0,2,0,57.5097311258531,0,1
18,1,1.37040996254556,0,0,0,2,0,57.5097311258531,0,1
18,2,1.8077548615893,0,0,0,2,0,57.5097311258531,0,1
18,4,1.19124912965076,0,0,0,2,0,57.5097311258531,0,1
18,6,1.2643096651902,0,0,0,2,0,57.5097311258531,0,1
18,8,1.17447790232837,0,0,0,2,0,57.5097311258531,0,1
18,12,1.23683934184986,0,0,0,2,0,57.5097311258531,0,1
18,24,0.823138627753483,0,0,0,2,0,57.5097311258531,0,1
19,0,0,1,1,100,1,0,65.4645788294243,0,0
19,0.5,0.705937705827822,0,0,0,2,0,65.4645788294243,0,0
19,1,1.07650028672885,0,0,0,2,0,65.4645788294243,0,0
19,2,1.41848264240206,0,0,0,2,0,65.4645788294243,0,0
19,4,0.881908763242682,0,0,0,2,0,65.4645788294243,0,0
19,6,1.14730754183778,0,0,0,2,0,65.4645788294243,0,0
19,8,0.891404572275564,0,0,0,2,0,65.4645788294243,0,0
19,12,0.583755361833808,0,0,0,2,0,65.4645788294243,0,0
19,24,0.19327107778057,0,0,0,2,0,65.4645788294243,0,0
20,0,0,1,1,100,1,0,108.977270617702,0,0
20,0.5,0.463212686523507,0,0,0,2,0,108.977270617702,0,0
20,1,0.738284289308088,0,0,0,2,0,108.977270617702,0,0
20,2,0.879247627136675,0,0,0,2,0,108.977270617702,0,0
20,4,0.733841306904717,0,0,0,2,0,108.977270617702,0,0
20,6,0.629568098469821,0,0,0,2,0,108.977270617702,0,0
20,8,0.465677140721523,0,0,0,2,0,108.977270617702,0,0
20,12,0.269520611413241,0,0,0,2,0,108.977270617702,0,0
20,24,0.112244445259051,0,0,0,2,0,108.977270617702,0,0
21,0,0,1,1,100,1,0,76.7895056737534,1,0
21,0.5,0.750349307707214,0,0,0,2,0,76.7895056737534,1,0
21,1,1.09599709301901,0,0,0,2,0,76.7895056737534,1,0
21,2,1.13993549184922,0,0,0,2,0,76.7895056737534,1,0
21,4,1.28545818625912,0,0,0,2,0,76.7895056737534,1,0
21,6,0.984618395632576,0,0,0,2,0,76.7895056737534,1,0
21,8,0.707245794398258,0,0,0,2,0,76.7895056737534,1,0
21,12,0.482545142249274,0,0,0,2,0,76.7895056737534,1,0
21,24,0.273803031801299,0,0,0,2,0,76.7895056737534,1,0
22,0,0,1,1,100,1,0,86.3188813818742,1,0
22,0.5,0.409267994468609,0,0,0,2,0,86.3188813818742,1,0
22,1,0.569182258875908,0,0,0,2,0,86.3188813818742,1,0
22,2,0.897173649723099,0,0,0,2,0,86.3188813818742,1,0
22,4,0.928360808993668,0,0,0,2,0,86.3188813818742,1,0
22,6,0.630917266052696,0,0,0,2,0,86.3188813818742,1,0
22,8,0.655499538581188,0,0,0,2,0,86.3188813818742,1,0
22,12,0.459133524623576,0,0,0,2,0,86.3188813818742,1,0
22,24,0.240957904536755,0,0,0,2,0,86.3188813818742,1,0
23,0,0,1,1,100,1,0,51.4609765439944,0,0
23,0.5,1.07264666769461,0,0,0,2,0,51.4609765439944,0,0
23,1,1.80576379601602,0,0,0,2,0,51.4609765439944,0,0
23,2,2.00454566307218,0,0,0,2,0,51.4609765439944,0,0
23,4,1.8126299165349,0,0,0,2,0,51.4609765439944,0,0
23,6,1.20850793481899,0,0,0,2,0,51.4609765439944,0,0
23,8,1.1532440147048,0,0,0,2,0,51.4609765439944,0,0
23,12,0.696418982643597,0,0,0,2,0,51.4609765439944,0,0
23,24,0.169266671723961,0,0,0,2,0,51.4609765439944,0,0
24,0,0,1,1,100,1,0,96.9355742435655,1,0
24,0.5,0.748321072171778,0,0,0,2,0,96.9355742435655,1,0
24,1,1.16116834065127,0,0,0,2,0,96.9355742435655,1,0
24,2,1.13485048880635,0,0,0,2,0,96.9355742435655,1,0
24,4,0.970420170571526,0,0,0,2,0,96.9355742435655,1,0
24,6,0.711263886240286,0,0,0,2,0,96.9355742435655,1,0
24,8,0.633188939548863,0,0,0,2,0,96.9355742435655,1,0
24,12,0.520339322025912,0,0,0,2,0,96.9355742435655,1,0
24,24,0.32253644336609,0,0,0,2,0,96.9355742435655,1,0
25,0,0,1,1,100,1,0,75.4512539518807,0,0
25,0.5,0.742424395256529,0,0,0,2,0,75.4512539518807,0,0
25,1,1.41135613816957,0,0,0,2,0,75.4512539518807,0,0
25,2,1.34888915415293,0,0,0,2,0,75.4512539518807,0,0
25,4,1.02199835296118,0,0,0,2,0,75.4512539518807,0,0
25,6,1.41192520727099,0,0,0,2,0,75.4512539518807,0,0
25,8,0.652650943815361,0,0,0,2,0,75.4512539518807,0,0
25,12,0.711369719699179,0,0,0,2,0,75.4512539518807,0,0
25,24,0.201014991308767,0,0,0,2,0,75.4512539518807,0,0
26,0,0,1,1,100,1,0,76.4587217870793,1,0
26,0.5,0.381750239130378,0,0,0,2,0,76.4587217870793,1,0
26,1,0.561448858347541,0,0,0,2,0,76.4587217870793,1,0
26,2,0.605915458478687,0,0,0,2,0,76.4587217870793,1,0
26,4,0.646118869621015,0,0,0,2,0,76.4587217870793,1,0
26,6,0.635540398676271,0,0,0,2,0,76.4587217870793,1,0
26,8,0.520698620966312,0,0,0,2,0,76.4587217870793,1,0
26,12,0.450458821574897,0,0,0,2,0,76.4587217870793,1,0
26,24,0.252403840801311,0,0,0,2,0,76.4587217870793,1,0
27,0,0,1,1,100,1,0,72.483113108118,1,0
27,0.5,0.657776464828565,0,0,0,2,0,72.483113108118,1,0
27,1,0.927132104969943,0,0,0,2,0,72.483113108118,1,0
27,2,1.31984688820876,0,0,0,2,0,72.483113108118,1,0
27,4,1.09037595233989,0,0,0,2,0,72.483113108118,1,0
27,6,0.98353560004381,0,0,0,2,0,72.483113108118,1,0
27,8,0.816195320873542,0,0,0,2,0,72.483113108118,1,0
27,12,0.640329690398113,0,0,0,2,0,72.483113108118,1,0
27,24,0.217371787292256,0,0,0,2,0,72.483113108118,1,0
28,0,0,1,1,100,1,0,80.3658061706794,1,0
28,0.5,0.932911253945125,0,0,0,2,0,80.3658061706794,1,0
28,1,1.12990474305603,0,0,0,2,0,80.3658061706794,1,0
28,2,1.37084054480253,0,0,0,2,0,80.3658061706794,1,0
28,4,1.23046507002505,0,0,0,2,0,80.3658061706794,1,0
28,6,1.01246900787937,0,0,0,2,0,80.3658061706794,1,0
28,8,0.645830886093405,0,0,0,2,0,80.3658061706794,1,0
28,12,0.6657423105895,0,0,0,2,0,80.3658061706794,1,0
28,24,0.182581330826252,0,0,0,2,0,80.3658061706794,1,0
29,0,0,1,1,100,1,0,77.7091990148505,1,1
29,0.5,0.539903892204952,0,0,0,2,0,77.7091990148505,1,1
29,1,1.06826764065414,0,0,0,2,0,77.7091990148505,1,1
29,2,0.990793789756512,0,0,0,2,0,77.7091990148505,1,1
29,4,1.23326636710934,0,0,0,2,0,77.7091990148505,1,1
29,6,1.30722311422253,0,0,0,2,0,77.7091990148505,1,1
29,8,1.21574088943616,0,0,0,2,0,77.7091990148505,1,1
29,12,1.06221732467858,0,0,0,2,0,77.7091990148505,1,1
29,24,0.7733441085788,0,0,0,2,0,77.7091990148505,1,1
30,0,0,1,1,100,1,0,83.2494490618388,1,1
30,0.5,0.487922330286711,0,0,0,2,0,83.2494490618388,1,1
30,1,1.15785727089942,0,0,0,2,0,83.2494490618388,1,1
30,2,0.77255361260566,0,0,0,2,0,83.2494490618388,1,1
30,4,0.616324765718777,0,0,0,2,0,83.2494490618388,1,1
30,6,0.57452657407804,0,0,0,2,0,83.2494490618388,1,1
30,8,0.532898549903165,0,0,0,2,0,83.2494490618388,1,1
30,12,0.513223009807232,0,0,0,2,0,83.2494490618388,1,1
30,24,0.207943743155915,0,0,0,2,0,83.2494490618388,1,1
31,0,0,1,1,100,1,0,90.550539895787,0,0
31,0.5,0.57665603163173,0,0,0,2,0,90.550539895787,0,0
31,1,0.890283966842607,0,0,0,2,0,90.550539895787,0,0
31,2,0.973091737980271,0,0,0,2,0,90.550539895787,0,0
31,4,1.00225222658459,0,0,0,2,0,90.550539895787,0,0
31,6,0.985499550360478,0,0,0,2,0,90.550539895787,0,0
31,8,0.705728085898393,0,0,0,2,0,90.550539895787,0,0
31,12,0.408593773519286,0,0,0,2,0,90.550539895787,0,0
31,24,0.208079100997531,0,0,0,2,0,90.550539895787,0,0
32,0,0,1,1,100,1,0,80.6143802773561,1,0
32,0.5,0.423464698271155,0,0,0,2,0,80.6143802773561,1,0
32,1,0.623787383031584,0,0,0,2,0,80.6143802773561,1,0
32,2,0.745311417440224,0,0,0,2,0,80.6143802773561,1,0
32,4,0.632690390009505,0,0,0,2,0,80.6143802773561,1,0
32,6,0.625376454979569,0,0,0,2,0,80.6143802773561,1,0
32,8,0.667256204358942,0,0,0,2,0,80.6143802773561,1,0
32,12,0.404005537683043,0,0,0,2,0,80.6143802773561,1,0
32,24,0.193704523809275,0,0,0,2,0,80.6143802773561,1,0
33,0,0,1,1,100,1,0,63.1592895493655,0,0
33,0.5,1.53233431025384,0,0,0,2,0,63.1592895493655,0,0
33,1,1.44362180816961,0,0,0,2,0,63.1592895493655,0,0
33,2,2.15288823706673,0,0,0,2,0,63.1592895493655,0,0
33,4,1.25148088584341,0,0,0,2,0,63.1592895493655,0,0
33,6,1.30927796792929,0,0,0,2,0,63.1592895493655,0,0
33,8,1.08544566542131,0,0,0,2,0,63.1592895493655,0,0
33,12,0.669515149884897,0,0,0,2,0,63.1592895493655,0,0
33,24,0.215482496238692,0,0,0,2,0,63.1592895493655,0,0
34,0,0,1,1,100,1,0,90.4663974184567,0,0
34,0.5,0.676258284641517,0,0,0,2,0,90.4663974184567,0,0
34,1,0.868948984968962,0,0,0,2,0,90.4663974184567,0,0
34,2,1.08237782060735,0,0,0,2,0,90.4663974184567,0,0
34,4,0.677094650104223,0,0,0,2,0,90.4663974184567,0,0
34,6,0.768817962106912,0,0,0,2,0,90.4663974184567,0,0
34,8,0.771800268553474,0,0,0,2,0,90.4663974184567,0,0
34,12,0.651030573701682,0,0,0,2,0,90.4663974184567,0,0
34,24,0.235354494143943,0,0,0,2,0,90.4663974184567,0,0
35,0,0,1,1,100,1,0,80.0887880770067,1,0
35,0.5,0.745398132201777,0,0,0,2,0,80.0887880770067,1,0
35,1,0.785286848402702,0,0,0,2,0,80.0887880770067,1,0
35,2,0.630761276208695,0,0,0,2,0,80.0887880770067,1,0
35,4,0.708950474637737,0,0,0,2,0,80.0887880770067,1,0
35,6,0.690148372923334,0,0,0,2,0,80.0887880770067,1,0
35,8,0.673013204617114,0,0,0,2,0,80.0887880770067,1,0
35,12,0.596422257241202,0,0,0,2,0,80.0887880770067,1,0
35,24,0.353171968931265,0,0,0,2,0,80.0887880770067,1,0
36,0,0,1,1,100,1,0,78.805992577539,1,0
36,0.5,0.536684474518934,0,0,0,2,0,78.805992577539,1,0
36,1,0.739177745997034,0,0,0,2,0,78.805992577539,1,0
36,2,0.774163446023657,0,0,0,2,0,78.805992577539,1,0
36,4,0.799546124928373,0,0,0,2,0,78.805992577539,1,0
36,6,0.558256221465542,0,0,0,2,0,78.805992577539,1,0
36,8,0.587254968058446,0,0,0,2,0,78.805992577539,1,0
36,12,0.388080753117775,0,0,0,2,0,78.805992577539,1,0
36,24,0.214583115235131,0,0,0,2,0,78.805992577539,1,0
37,0,0,1,1,100,1,0,40,0,1
37,0.5,1.24864794808318,0,0,0,2,0,40,0,1
37,1,2.06562848296845,0,0,0,2,0,40,0,1
37,2,3.04573272477008,0,0,0,2,0,40,0,1
37,4,2.31418405942965,0,0,0,2,0,40,0,1
37,6,2.65115481944998,0,0,0,2,0,40,0,1
37,8,2.21742826642471,0,0,0,2,0,40,0,1
37,12,1.61687095243213,0,0,0,2,0,40,0,1
37,24,0.718884902845435,0,0,0,2,0,40,0,1
38,0,0,1,1,100,1,0,76.0146101617746,0,0
38,0.5,0.519904927613008,0,0,0,2,0,76.0146101617746,0,0
38,1,0.784349726301646,0,0,0,2,0,76.0146101617746,0,0
38,2,1.08543733618471,0,0,0,2,0,76.0146101617746,0,0
38,4,0.865667619221026,0,0,0,2,0,76.0146101617746,0,0
38,6,0.773930962869799,0,0,0,2,0,76.0146101617746,0,0
38,8,0.850931271228976,0,0,0,2,0,76.0146101617746,0,0
38,12,0.518291243851872,0,0,0,2,0,76.0146101617746,0,0
38,24,0.179215498718182,0,0,0,2,0,76.0146101617746,0,0
39,0,0,1,1,100,1,0,82.9684377337193,1,0
39,0.5,0.733840274576253,0,0,0,2,0,82.9684377337193,1,0
39,1,1.03406024198946,0,0,0,2,0,82.9684377337193,1,0
39,2,1.12832112683273,0,0,0,2,0,82.9684377337193,1,0
39,4,0.775551914990296,0,0,0,2,0,82.9684377337193,1,0
39,6,0.819161452477076,0,0,0,2,0,82.9684377337193,1,0
39,8,0.8276162892736,0,0,0,2,0,82.9684377337193,1,0
39,12,0.709671424980134,0,0,0,2,0,82.9684377337193,1,0
39,24,0.275083862218821,0,0,0,2,0,82.9684377337193,1,0
40,0,0,1,1,100,1,0,90.5379636878955,0,0
40,0.5,0.686073121500781,0,0,0,2,0,90.5379636878955,0,0
40,1,1.02022472389702,0,0,0,2,0,90.5379636878955,0,0
40,2,1.32092637969494,0,0,0,2,0,90.5379636878955,0,0
40,4,1.00837251999343,0,0,0,2,0,90.5379636878955,0,0
40,6,1.06103784827307,0,0,0,2,0,90.5379636878955,0,0
40,8,0.845526819628133,0,0,0,2,0,90.5379636878955,0,0
40,12,0.67774309525724,0,0,0,2,0,90.5379636878955,0,0
40,24,0.229483858332702,0,0,0,2,0,90.5379636878955,0,0
41,0,0,1,1,100,1,0,46.2975010387461,1,0
41,0.5,0.613478541843211,0,0,0,2,0,46.2975010387461,1,0
41,1,0.870541433229438,0,0,0,2,0,46.2975010387461,1,0
41,2,1.24019004274722,0,0,0,2,0,46.2975010387461,1,0
41,4,1.39565658157337,0,0,0,2,0,46.2975010387461,1,0
41,6,1.17337001000714,0,0,0,2,0,46.2975010387461,1,0
41,8,0.866276100787774,0,0,0,2,0,46.2975010387461,1,0
41,12,0.794640139928192,0,0,0,2,0,46.2975010387461,1,0
41,24,0.388548204484406,0,0,0,2,0,46.2975010387461,1,0
42,0,0,1,1,100,1,0,71.6375195569516,0,0
42,0.5,0.731257497824902,0,0,0,2,0,71.6375195569516,0,0
42,1,0.80961350954897,0,0,0,2,0,71.6375195569516,0,0
42,2,1.05491954244714,0,0,0,2,0,71.6375195569516,0,0
42,4,1.00105860105368,0,0,0,2,0,71.6375195569516,0,0
42,6,0.90967351499793,0,0,0,2,0,71.6375195569516,0,0
42,8,0.702493791417466,0,0,0,2,0,71.6375195569516,0,0
42,12,0.385808446638597,0,0,0,2,0,71.6375195569516,0,0
42,24,0.160796359328365,0,0,0,2,0,71.6375195569516,0,0
43,0,0,1,1,100,1,0,100.676460025341,1,1
43,0.5,0.972316982790619,0,0,0,2,0,100.676460025341,1,1
43,1,1.12773823329805,0,0,0,2,0,100.676460025341,1,1
43,2,0.999804372548223,0,0,0,2,0,100.676460025341,1,1
43,4,0.718130266479092,0,0,0,2,0,100.676460025341,1,1
43,6,0.957629912469451,0,0,0,2,0,100.676460025341,1,1
43,8,0.75643018580953,0,0,0,2,0,100.676460025341,1,1
43,12,0.658112591400704,0,0,0,2,0,100.676460025341,1,1
43,24,0.230826907050971,0,0,0,2,0,100.676460025341,1,1
44,0,0,1,1,100,1,0,64.4876243776881,1,0
44,0.5,0.598655903348731,0,0,0,2,0,64.4876243776881,1,0
44,1,1.21858641456956,0,0,0,2,0,64.4876243776881,1,0
44,2,1.31911983349928,0,0,0,2,0,64.4876243776881,1,0
44,4,1.12147624669106,0,0,0,2,0,64.4876243776881,1,0
44,6,1.13135662964752,0,0,0,2,0,64.4876243776881,1,0
44,8,1.11940060087362,0,0,0,2,0,64.4876243776881,1,0
44,12,0.867620007522369,0,0,0,2,0,64.4876243776881,1,0
44,24,0.372238246738561,0,0,0,2,0,64.4876243776881,1,0
45,0,0,1,1,100,1,0,52.7907306113248,1,0
45,0.5,0.808857958550992,0,0,0,2,0,52.7907306113248,1,0
45,1,1.05816648353281,0,0,0,2,0,52.7907306113248,1,0
45,2,1.33928084028715,0,0,0,2,0,52.7907306113248,1,0
45,4,1.24216504888028,0,0,0,2,0,52.7907306113248,1,0
45,6,0.845609205259282,0,0,0,2,0,52.7907306113248,1,0
45,8,0.809953260382122,0,0,0,2,0,52.7907306113248,1,0
45,12,0.707013121564051,0,0,0,2,0,52.7907306113248,1,0
45,24,0.37116791885383,0,0,0,2,0,52.7907306113248,1,0
46,0,0,1,1,100,1,0,56.4772970175651,0,0
46,0.5,1.22699899079291,0,0,0,2,0,56.4772970175651,0,0
46,1,1.44354521097986,0,0,0,2,0,56.4772970175651,0,0
46,2,1.81053053398579,0,0,0,2,0,56.4772970175651,0,0
46,4,1.52277198022644,0,0,0,2,0,56.4772970175651,0,0
46,6,1.13038197974386,0,0,0,2,0,56.4772970175651,0,0
46,8,0.943973846513938,0,0,0,2,0,56.4772970175651,0,0
46,12,0.588832703383771,0,0,0,2,0,56.4772970175651,0,0
46,24,0.204677883251525,0,0,0,2,0,56.4772970175651,0,0
47,0,0,1,1,100,1,0,70.9355079144038,1,0
47,0.5,0.30782469094314,0,0,0,2,0,70.9355079144038,1,0
47,1,0.492258544998319,0,0,0,2,0,70.9355079144038,1,0
47,2,0.916340459906382,0,0,0,2,0,70.9355079144038,1,0
47,4,0.658041319623545,0,0,0,2,0,70.9355079144038,1,0
47,6,0.775847638757414,0,0,0,2,0,70.9355079144038,1,0
47,8,0.746202915539212,0,0,0,2,0,70.9355079144038,1,0
47,12,0.422121660410259,0,0,0,2,0,70.9355079144038,1,0
47,24,0.211053514955069,0,0,0,2,0,70.9355079144038,1,0
48,0,0,1,1,100,1,0,64.5917886192802,0,0
48,0.5,0.589482870869704,0,0,0,2,0,64.5917886192802,0,0
48,1,1.13697185757474,0,0,0,2,0,64.5917886192802,0,0
48,2,1.18562211652105,0,0,0,2,0,64.5917886192802,0,0
48,4,1.02454290498383,0,0,0,2,0,64.5917886192802,0,0
48,6,1.20646920140938,0,0,0,2,0,64.5917886192802,0,0
48,8,1.05235740282636,0,0,0,2,0,64.5917886192802,0,0
48,12,0.695492089863275,0,0,0,2,0,64.5917886192802,0,0
48,24,0.264363261194883,0,0,0,2,0,64.5917886192802,0,0
49,0,0,1,1,100,1,0,63.1904268699132,1,0
49,0.5,0.845609709464835,0,0,0,2,0,63.1904268699132,1,0
49,1,1.29312497556326,0,0,0,2,0,63.1904268699132,1,0
49,2,1.15103630502292,0,0,0,2,0,63.1904268699132,1,0
49,4,1.34911234972563,0,0,0,2,0,63.1904268699132,1,0
49,6,1.39508451921879,0,0,0,2,0,63.1904268699132,1,0
49,8,0.995123162668007,0,0,0,2,0,63.1904268699132,1,0
49,12,0.9141147665079,0,0,0,2,0,63.1904268699132,1,0
49,24,0.661636234512466,0,0,0,2,0,63.1904268699132,1,0
50,0,0,1,1,100,1,0,92.3983509831465,1,0
50,0.5,0.518694065789544,0,0,0,2,0,92.3983509831465,1,0
50,1,0.686127772816928,0,0,0,2,0,92.3983509831465,1,0
50,2,0.57319960929079,0,0,0,2,0,92.3983509831465,1,0
50,4,0.561228410929985,0,0,0,2,0,92.3983509831465,1,0
50,6,0.427771243839145,0,0,0,2,0,92.3983509831465,1,0
50,8,0.393862785394725,0,0,0,2,0,92.3983509831465,1,0
50,12,0.211121728986705,0,0,0,2,0,92.3983509831465,1,0
50,24,0.0425906958220484,0,0,0,2,0,92.3983509831465,1,0
51,0,0,1,1,100,1,0,80.3487953051183,1,0
51,0.5,0.691380256271546,0,0,0,2,0,80.3487953051183,1,0
51,1,1.11562523920325,0,0,0,2,0,80.3487953051183,1,0
51,2,0.94484874244502,0,0,0,2,0,80.3487953051183,1,0
51,4,1.08545805454318,0,0,0,2,0,80.3487953051183,1,0
51,6,0.991395863532437,0,0,0,2,0,80.3487953051183,1,0
51,8,0.838453762734777,0,0,0,2,0,80.3487953051183,1,0
51,12,0.565548584420079,0,0,0,2,0,80.3487953051183,1,0
51,24,0.21466301527815,0,0,0,2,0,80.3487953051183,1,0
52,0,0,1,1,100,1,0,71.7158182319284,1,0
52,0.5,0.772987692724477,0,0,0,2,0,71.7158182319284,1,0
52,1,1.06209010191026,0,0,0,2,0,71.7158182319284,1,0
52,2,1.46320042660552,0,0,0,2,0,71.7158182319284,1,0
52,4,1.03610770688242,0,0,0,2,0,71.7158182319284,1,0
52,6,0.641887898058414,0,0,0,2,0,71.7158182319284,1,0
52,8,0.588504559754312,0,0,0,2,0,71.7158182319284,1,0
52,12,0.460146509040148,0,0,0,2,0,71.7158182319284,1,0
52,24,0.0716090228249148,0,0,0,2,0,71.7158182319284,1,0
53,0,0,1,1,100,1,0,77.3346376187985,0,0
53,0.5,0.698333387846751,0,0,0,2,0,77.3346376187985,0,0
53,1,1.07033597519906,0,0,0,2,0,77.3346376187985,0,0
53,2,0.992200084634699,0,0,0,2,0,77.3346376187985,0,0
53,4,1.08999422029929,0,0,0,2,0,77.3346376187985,0,0
53,6,0.865548030265012,0,0,0,2,0,77.3346376187985,0,0
53,8,0.587023860984327,0,0,0,2,0,77.3346376187985,0,0
53,12,0.647314122110498,0,0,0,2,0,77.3346376187985,0,0
53,24,0.216510532565111,0,0,0,2,0,77.3346376187985,0,0
54,0,0,1,1,100,1,0,45.5969478126998,1,0
54,0.5,1.3058286200935,0,0,0,2,0,45.5969478126998,1,0
54,1,2.06097514396696,0,0,0,2,0,45.5969478126998,1,0
54,2,1.83167652061783,0,0,0,2,0,45.5969478126998,1,0
54,4,2.07274375496749,0,0,0,2,0,45.5969478126998,1,0
54,6,1.30922521226759,0,0,0,2,0,45.5969478126998,1,0
54,8,1.23826453557384,0,0,0,2,0,45.5969478126998,1,0
54,12,0.833550477054033,0,0,0,2,0,45.5969478126998,1,0
54,24,0.276336709952732,0,0,0,2,0,45.5969478126998,1,0
55,0,0,1,1,100,1,0,54.4606724502199,1,1
55,0.5,1.0396194784682,0,0,0,2,0,54.4606724502199,1,1
55,1,1.4982644487755,0,0,0,2,0,54.4606724502199,1,1
55,2,1.1919374430554,0,0,0,2,0,54.4606724502199,1,1
55,4,1.10058624747024,0,0,0,2,0,54.4606724502199,1,1
55,6,0.960964328917006,0,0,0,2,0,54.4606724502199,1,1
55,8,0.983644378167483,0,0,0,2,0,54.4606724502199,1,1
55,12,0.805208790019355,0,0,0,2,0,54.4606724502199,1,1
55,24,0.281359030023012,0,0,0,2,0,54.4606724502199,1,1
56,0,0,1,1,100,1,0,98.6984197772597,0,0
56,0.5,0.712212842187815,0,0,0,2,0,98.6984197772597,0,0
56,1,0.794779151968128,0,0,0,2,0,98.6984197772597,0,0
56,2,1.04875058737787,0,0,0,2,0,98.6984197772597,0,0
56,4,1.08671427517445,0,0,0,2,0,98.6984197772597,0,0
56,6,1.01048162452828,0,0,0,2,0,98.6984197772597,0,0
56,8,0.587682625792913,0,0,0,2,0,98.6984197772597,0,0
56,12,0.451081034755391,0,0,0,2,0,98.6984197772597,0,0
56,24,0.184070591611773,0,0,0,2,0,98.6984197772597,0,0
57,0,0,1,1,100,1,0,67.0701351038466,1,0
57,0.5,0.7608618605437,0,0,0,2,0,67.0701351038466,1,0
57,1,0.86677283748385,0,0,0,2,0,67.0701351038466,1,0
57,2,1.22829644304265,0,0,0,2,0,67.0701351038466,1,0
57,4,1.08218437769989,0,0,0,2,0,67.0701351038466,1,0
57,6,0.826608080505854,0,0,0,2,0,67.0701351038466,1,0
57,8,0.895561913724399,0,0,0,2,0,67.0701351038466,1,0
57,12,0.536916017842288,0,0,0,2,0,67.0701351038466,1,0
57,24,0.216169136054848,0,0,0,2,0,67.0701351038466,1,0
58,0,0,1,1,100,1,0,56.976210921649,0,0
58,0.5,0.597999907170939,0,0,0,2,0,56.976210921649,0,0
58,1,1.03385718186892,0,0,0,2,0,56.976210921649,0,0
58,2,1.30762343825278,0,0,0,2,0,56.976210921649,0,0
58,4,1.45107917851287,0,0,0,2,0,56.976210921649,0,0
58,6,1.43508802874781,0,0,0,2,0,56.976210921649,0,0
58,8,1.33658035529196,0,0,0,2,0,56.976210921649,0,0
58,12,0.702183908503803,0,0,0,2,0,56.976210921649,0,0
58,24,0.532912933475266,0,0,0,2,0,56.976210921649,0,0
59,0,0,1,1,100,1,0,72.0582849742263,0,1
59,0.5,0.791838200541219,0,0,0,2,0,72.0582849742263,0,1
59,1,1.16602418817653,0,0,0,2,0,72.0582849742263,0,1
59,2,1.77526055503925,0,0,0,2,0,72.0582849742263,0,1
59,4,1.34064616923335,0,0,0,2,0,72.0582849742263,0,1
59,6,1.40590792182833,0,0,0,2,0,72.0582849742263,0,1
59,8,1.25131151728576,0,0,0,2,0,72.0582849742263,0,1
59,12,0.894551671908001,0,0,0,2,0,72.0582849742263,0,1
59,24,0.639867079750782,0,0,0,2,0,72.0582849742263,0,1
60,0,0,1,1,100,1,0,62.8811689044452,1,1
60,0.5,1.04506215324175,0,0,0,2,0,62.8811689044452,1,1
60,1,1.35247337182612,0,0,0,2,0,62.8811689044452,1,1
60,2,1.45557887090672,0,0,0,2,0,62.8811689044452,1,1
60,4,1.71566307985982,0,0,0,2,0,62.8811689044452,1,1
60,6,0.97595011939768,0,0,0,2,0,62.8811689044452,1,1
60,8,0.958078843605119,0,0,0,2,0,62.8811689044452,1,1
60,12,0.551593346577675,0,0,0,2,0,62.8811689044452,1,1
60,24,0.165879316578218,0,0,0,2,0,62.8811689044452,1,1
61,0,0,1,1,100,1,0,83.8517900559293,1,0
61,0.5,0.65069617923136,0,0,0,2,0,83.8517900559293,1,0
61,1,0.861153273994476,0,0,0,2,0,83.8517900559293,1,0
61,2,1.13046818289749,0,0,0,2,0,83.8517900559293,1,0
61,4,1.06055630178866,0,0,0,2,0,83.8517900559293,1,0
61,6,0.820346912569126,0,0,0,2,0,83.8517900559293,1,0
61,8,0.65618323373419,0,0,0,2,0,83.8517900559293,1,0
61,12,0.367907923779424,0,0,0,2,0,83.8517900559293,1,0
61,24,0.239754536731477,0,0,0,2,0,83.8517900559293,1,0
62,0,0,1,1,100,1,0,80.305385234614,1,0
62,0.5,0.290403642484205,0,0,0,2,0,80.305385234614,1,0
62,1,0.607679339158164,0,0,0,2,0,80.305385234614,1,0
62,2,0.711512450373134,0,0,0,2,0,80.305385234614,1,0
62,4,0.903739211073515,0,0,0,2,0,80.305385234614,1,0
62,6,0.791805367280254,0,0,0,2,0,80.305385234614,1,0
62,8,0.828963289966143,0,0,0,2,0,80.305385234614,1,0
62,12,0.723595166205839,0,0,0,2,0,80.305385234614,1,0
62,24,0.254429637520379,0,0,0,2,0,80.305385234614,1,0
63,0,0,1,1,100,1,0,80.3574084544256,0,0
63,0.5,0.435179353021544,0,0,0,2,0,80.3574084544256,0,0
63,1,0.61638321756373,0,0,0,2,0,80.3574084544256,0,0
63,2,0.649235042187952,0,0,0,2,0,80.3574084544256,0,0
63,4,0.91160047314526,0,0,0,2,0,80.3574084544256,0,0
63,6,0.775447204434754,0,0,0,2,0,80.3574084544256,0,0
63,8,0.622726797470239,0,0,0,2,0,80.3574084544256,0,0
63,12,0.623917004684073,0,0,0,2,0,80.3574084544256,0,0
63,24,0.359257565668664,0,0,0,2,0,80.3574084544256,0,0
64,0,0,1,1,100,1,0,58.3572876689435,1,0
64,0.5,0.98954966188507,0,0,0,2,0,58.3572876689435,1,0
64,1,1.75823540948222,0,0,0,2,0,58.3572876689435,1,0
64,2,1.64483051320303,0,0,0,2,0,58.3572876689435,1,0
64,4,1.34687975194974,0,0,0,2,0,58.3572876689435,1,0
64,6,1.31854700430157,0,0,0,2,0,58.3572876689435,1,0
64,8,1.18012280774697,0,0,0,2,0,58.3572876689435,1,0
64,12,0.955610573443446,0,0,0,2,0,58.3572876689435,1,0
64,24,0.371595780660271,0,0,0,2,0,58.3572876689435,1,0
65,0,0,1,1,100,1,0,63.4831208733174,1,0
65,0.5,0.658225798232479,0,0,0,2,0,63.4831208733174,1,0
65,1,1.06344282607826,0,0,0,2,0,63.4831208733174,1,0
65,2,1.14197717077842,0,0,0,2,0,63.4831208733174,1,0
65,4,1.23742213959184,0,0,0,2,0,63.4831208733174,1,0
65,6,1.04936375836606,0,0,0,2,0,63.4831208733174,1,0
65,8,0.889089663823899,0,0,0,2,0,63.4831208733174,1,0
65,12,0.635291953382394,0,0,0,2,0,63.4831208733174,1,0
65,24,0.392751434755406,0,0,0,2,0,63.4831208733174,1,0
66,0,0,1,1,100,1,0,58.1279806917743,0,0
66,0.5,0.871533915369829,0,0,0,2,0,58.1279806917743,0,0
66,1,1.12322177390823,0,0,0,2,0,58.1279806917743,0,0
66,2,1.5093218304212,0,0,0,2,0,58.1279806917743,0,0
66,4,1.77719082929888,0,0,0,2,0,58.1279806917743,0,0
66,6,1.29698341590718,0,0,0,2,0,58.1279806917743,0,0
66,8,0.987461462869314,0,0,0,2,0,58.1279806917743,0,0
66,12,0.963295097406817,0,0,0,2,0,58.1279806917743,0,0
66,24,0.587678701897012,0,0,0,2,0,58.1279806917743,0,0
67,0,0,1,1,100,1,0,63.1125214800347,0,1
67,0.5,1.02226582660223,0,0,0,2,0,63.1125214800347,0,1
67,1,0.942192860295454,0,0,0,2,0,63.1125214800347,0,1
67,2,1.44432976993767,0,0,0,2,0,63.1125214800347,0,1
67,4,1.62382764605861,0,0,0,2,0,63.1125214800347,0,1
67,6,1.62087069140923,0,0,0,2,0,63.1125214800347,0,1
67,8,1.49690621753194,0,0,0,2,0,63.1125214800347,0,1
67,12,1.47606160843145,0,0,0,2,0,63.1125214800347,0,1
67,24,1.07612353068949,0,0,0,2,0,63.1125214800347,0,1
68,0,0,1,1,100,1,0,100.053741458994,0,0
68,0.5,0.580881351906784,0,0,0,2,0,100.053741458994,0,0
68,1,0.704579388982505,0,0,0,2,0,100.053741458994,0,0
68,2,0.999615298138833,0,0,0,2,0,100.053741458994,0,0
68,4,0.879721702328575,0,0,0,2,0,100.053741458994,0,0
68,6,0.807060070597826,0,0,0,2,0,100.053741458994,0,0
68,8,0.639141107747029,0,0,0,2,0,100.053741458994,0,0
68,12,0.578660166330846,0,0,0,2,0,100.053741458994,0,0
68,24,0.271710687950311,0,0,0,2,0,100.053741458994,0,0
69,0,0,1,1,100,1,0,80.2517454226751,1,0
69,0.5,0.597321670618608,0,0,0,2,0,80.2517454226751,1,0
69,1,0.917576568526898,0,0,0,2,0,80.2517454226751,1,0
69,2,1.02110752411293,0,0,0,2,0,80.2517454226751,1,0
69,4,0.882141658234884,0,0,0,2,0,80.2517454226751,1,0
69,6,0.970160523332577,0,0,0,2,0,80.2517454226751,1,0
69,8,0.875686206590963,0,0,0,2,0,80.2517454226751,1,0
69,12,0.643691309877848,0,0,0,2,0,80.2517454226751,1,0
69,24,0.382713364945988,0,0,0,2,0,80.2517454226751,1,0
70,0,0,1,1,100,1,0,72.2975374120296,1,0
70,0.5,0.77240402489901,0,0,0,2,0,72.2975374120296,1,0
70,1,0.977931882826217,0,0,0,2,0,72.2975374120296,1,0
70,2,1.18990510685463,0,0,0,2,0,72.2975374120296,1,0
70,4,1.22534431548467,0,0,0,2,0,72.2975374120296,1,0
70,6,1.24240305926507,0,0,0,2,0,72.2975374120296,1,0
70,8,0.803139394357241,0,0,0,2,0,72.2975374120296,1,0
70,12,0.601325064324702,0,0,0,2,0,72.2975374120296,1,0
70,24,0.205477925677617,0,0,0,2,0,72.2975374120296,1,0
71,0,0,1,1,100,1,0,93.5328831235596,0,0
71,0.5,0.628220062911091,0,0,0,2,0,93.5328831235596,0,0
71,1,1.00609068692735,0,0,0,2,0,93.5328831235596,0,0
71,2,1.16475510872986,0,0,0,2,0,93.5328831235596,0,0
71,4,1.22295522410988,0,0,0,2,0,93.5328831235596,0,0
71,6,1.11960447640113,0,0,0,2,0,93.5328831235596,0,0
71,8,0.785165019783988,0,0,0,2,0,93.5328831235596,0,0
71,12,0.606123130121669,0,0,0,2,0,93.5328831235596,0,0
71,24,0.310598473078543,0,0,0,2,0,93.5328831235596,0,0
72,0,0,1,1,100,1,0,62.8926106221058,1,0
72,0.5,0.924856465262389,0,0,0,2,0,62.8926106221058,1,0
72,1,1.23314223054767,0,0,0,2,0,62.8926106221058,1,0
72,2,1.26101326748837,0,0,0,2,0,62.8926106221058,1,0
72,4,1.29995151453994,0,0,0,2,0,62.8926106221058,1,0
72,6,0.974459921498432,0,0,0,2,0,62.8926106221058,1,0
72,8,0.710071685169145,0,0,0,2,0,62.8926106221058,1,0
72,12,0.667133685591501,0,0,0,2,0,62.8926106221058,1,0
72,24,0.217527476640121,0,0,0,2,0,62.8926106221058,1,0
73,0,0,1,1,100,1,0,70.6306247225803,0,0
73,0.5,0.571176025795847,0,0,0,2,0,70.6306247225803,0,0
73,1,0.988410307606402,0,0,0,2,0,70.6306247225803,0,0
73,2,1.02172847253376,0,0,0,2,0,70.6306247225803,0,0
73,4,1.16787288546719,0,0,0,2,0,70.6306247225803,0,0
73,6,0.963766054722943,0,0,0,2,0,70.6306247225803,0,0
73,8,0.86721512908597,0,0,0,2,0,70.6306247225803,0,0
73,12,0.811370568194819,0,0,0,2,0,70.6306247225803,0,0
73,24,0.423878196601211,0,0,0,2,0,70.6306247225803,0,0
74,0,0,1,1,100,1,0,48.8047482601079,0,1
74,0.5,0.806869300681585,0,0,0,2,0,48.8047482601079,0,1
74,1,1.1740356895077,0,0,0,2,0,48.8047482601079,0,1
74,2,1.79603121641529,0,0,0,2,0,48.8047482601079,0,1
74,4,2.1710418405457,0,0,0,2,0,48.8047482601079,0,1
74,6,2.21085254796189,0,0,0,2,0,48.8047482601079,0,1
74,8,2.16708544547726,0,0,0,2,0,48.8047482601079,0,1
74,12,1.46807209342721,0,0,0,2,0,48.8047482601079,0,1
74,24,0.904685790549061,0,0,0,2,0,48.8047482601079,0,1
75,0,0,1,1,100,1,0,60.3928016417397,0,0
75,0.5,0.923431283717891,0,0,0,2,0,60.3928016417397,0,0
75,1,1.11809534083385,0,0,0,2,0,60.3928016417397,0,0
75,2,1.20615480648396,0,0,0,2,0,60.3928016417397,0,0
75,4,0.793147491140965,0,0,0,2,0,60.3928016417397,0,0
75,6,0.99477837751215,0,0,0,2,0,60.3928016417397,0,0
75,8,0.784255788221889,0,0,0,2,0,60.3928016417397,0,0
75,12,0.759838995181867,0,0,0,2,0,60.3928016417397,0,0
75,24,0.298024626385618,0,0,0,2,0,60.3928016417397,0,0
76,0,0,1,1,100,1,0,65.9938217160162,1,0
76,0.5,0.84907140018742,0,0,0,2,0,65.9938217160162,1,0
76,1,1.21551698738214,0,0,0,2,0,65.9938217160162,1,0
76,2,1.111101369912,0,0,0,2,0,65.9938217160162,1,0
76,4,0.984427928829036,0,0,0,2,0,65.9938217160162,1,0
76,6,0.967636062897709,0,0,0,2,0,65.9938217160162,1,0
76,8,0.974230090185623,0,0,0,2,0,65.9938217160162,1,0
76,12,0.702379367738714,0,0,0,2,0,65.9938217160162,1,0
76,24,0.319360944496856,0,0,0,2,0,65.9938217160162,1,0
77,0,0,1,1,100,1,0,88.3606640428255,1,0
77,0.5,0.612404808214008,0,0,0,2,0,88.3606640428255,1,0
77,1,0.784761544576338,0,0,0,2,0,88.3606640428255,1,0
77,2,1.11198621078702,0,0,0,2,0,88.3606640428255,1,0
77,4,0.735912703545214,0,0,0,2,0,88.3606640428255,1,0
77,6,0.905115025819226,0,0,0,2,0,88.3606640428255,1,0
77,8,0.772626611566409,0,0,0,2,0,88.3606640428255,1,0
77,12,0.556991576241989,0,0,0,2,0,88.3606640428255,1,0
77,24,0.312450789768997,0,0,0,2,0,88.3606640428255,1,0
78,0,0,1,1,100,1,0,67.9202167043918,0,0
78,0.5,0.504411058122519,0,0,0,2,0,67.9202167043918,0,0
78,1,0.915177274993276,0,0,0,2,0,67.9202167043918,0,0
78,2,1.23094583151428,0,0,0,2,0,67.9202167043918,0,0
78,4,0.86641273656058,0,0,0,2,0,67.9202167043918,0,0
78,6,1.02946215579204,0,0,0,2,0,67.9202167043918,0,0
78,8,1.0254034835694,0,0,0,2,0,67.9202167043918,0,0
78,12,0.917970619409933,0,0,0,2,0,67.9202167043918,0,0
78,24,0.395515570009025,0,0,0,2,0,67.9202167043918,0,0
79,0,0,1,1,100,1,0,60.8526369655185,0,0
79,0.5,0.758315535246114,0,0,0,2,0,60.8526369655185,0,0
79,1,1.15437608606844,0,0,0,2,0,60.8526369655185,0,0
79,2,1.84404781695846,0,0,0,2,0,60.8526369655185,0,0
79,4,1.68135016425175,0,0,0,2,0,60.8526369655185,0,0
79,6,1.17122560183455,0,0,0,2,0,60.8526369655185,0,0
79,8,0.902276928089287,0,0,0,2,0,60.8526369655185,0,0
79,12,0.623190019165689,0,0,0,2,0,60.8526369655185,0,0
79,24,0.190416108728205,0,0,0,2,0,60.8526369655185,0,0
80,0,0,1,1,100,1,0,57.778346355862,1,0
80,0.5,0.913948476727189,0,0,0,2,0,57.778346355862,1,0
80,1,1.38846842084497,0,0,0,2,0,57.778346355862,1,0
80,2,1.2628820695385,0,0,0,2,0,57.778346355862,1,0
80,4,0.804743435147928,0,0,0,2,0,57.778346355862,1,0
80,6,0.653730673379225,0,0,0,2,0,57.778346355862,1,0
80,8,0.348130726691702,0,0,0,2,0,57.778346355862,1,0
80,12,0.222924981367089,0,0,0,2,0,57.778346355862,1,0
80,24,0.0400424467307957,0,0,0,2,0,57.778346355862,1,0
81,0,0,1,1,100,1,0,80.7775320756463,0,0
81,0.5,0.800156555786018,0,0,0,2,0,80.7775320756463,0,0
81,1,1.30061802041188,0,0,0,2,0,80.7775320756463,0,0
81,2,1.09728040920973,0,0,0,2,0,80.7775320756463,0,0
81,4,1.09615554570095,0,0,0,2,0,80.7775320756463,0,0
81,6,0.718768852903917,0,0,0,2,0,80.7775320756463,0,0
81,8,0.629631118404856,0,0,0,2,0,80.7775320756463,0,0
81,12,0.322961749824163,0,0,0,2,0,80.7775320756463,0,0
81,24,0.0760252851608618,0,0,0,2,0,80.7775320756463,0,0
82,0,0,1,1,100,1,0,103.207189506482,0,0
82,0.5,0.731338036751165,0,0,0,2,0,103.207189506482,0,0
82,1,0.692218952277205,0,0,0,2,0,103.207189506482,0,0
82,2,0.968432131529216,0,0,0,2,0,103.207189506482,0,0
82,4,0.981493995431314,0,0,0,2,0,103.207189506482,0,0
82,6,0.923939375716572,0,0,0,2,0,103.207189506482,0,0
82,8,0.748333161732998,0,0,0,2,0,103.207189506482,0,0
82,12,0.617936833736559,0,0,0,2,0,103.207189506482,0,0
82,24,0.228119368138624,0,0,0,2,0,103.207189506482,0,0
83,0,0,1,1,100,1,0,69.3709348884297,0,1
83,0.5,0.40248216247705,0,0,0,2,0,69.3709348884297,0,1
83,1,0.436690045309733,0,0,0,2,0,69.3709348884297,0,1
83,2,0.874724051365353,0,0,0,2,0,69.3709348884297,0,1
83,4,0.935739570774682,0,0,0,2,0,69.3709348884297,0,1
83,6,0.702457341695715,0,0,0,2,0,69.3709348884297,0,1
83,8,0.784133416586076,0,0,0,2,0,69.3709348884297,0,1
83,12,0.596800392800949,0,0,0,2,0,69.3709348884297,0,1
83,24,0.294317273015767,0,0,0,2,0,69.3709348884297,0,1
84,0,0,1,1,100,1,0,92.3627059591478,1,0
84,0.5,0.581461943115399,0,0,0,2,0,92.3627059591478,1,0
84,1,0.628760103158384,0,0,0,2,0,92.3627059591478,1,0
84,2,0.821913153440797,0,0,0,2,0,92.3627059591478,1,0
84,4,0.921586980191383,0,0,0,2,0,92.3627059591478,1,0
84,6,0.723764628912142,0,0,0,2,0,92.3627059591478,1,0
84,8,0.89300719225092,0,0,0,2,0,92.3627059591478,1,0
84,12,0.67380692987552,0,0,0,2,0,92.3627059591478,1,0
84,24,0.388807363413186,0,0,0,2,0,92.3627059591478,1,0
85,0,0,1,1,100,1,0,64.6552227928127,1,0
85,0.5,0.534296443929037,0,0,0,2,0,64.6552227928127,1,0
85,1,1.09376539437074,0,0,0,2,0,64.6552227928127,1,0
85,2,1.06707599618311,0,0,0,2,0,64.6552227928127,1,0
85,4,1.03742378000686,0,0,0,2,0,64.6552227928127,1,0
85,6,0.803359380892283,0,0,0,2,0,64.6552227928127,1,0
85,8,0.849611609043602,0,0,0,2,0,64.6552227928127,1,0
85,12,0.720339660199929,0,0,0,2,0,64.6552227928127,1,0
85,24,0.289794557124866,0,0,0,2,0,64.6552227928127,1,0
86,0,0,1,1,100,1,0,91.7285097033448,1,0
86,0.5,0.303672041771764,0,0,0,2,0,91.7285097033448,1,0
86,1,0.689922423781944,0,0,0,2,0,91.7285097033448,1,0
86,2,0.639935503107474,0,0,0,2,0,91.7285097033448,1,0
86,4,0.849605706994258,0,0,0,2,0,91.7285097033448,1,0
86,6,0.849072637337958,0,0,0,2,0,91.7285097033448,1,0
86,8,0.625260370686587,0,0,0,2,0,91.7285097033448,1,0
86,12,0.574240083006427,0,0,0,2,0,91.7285097033448,1,0
86,24,0.457552134889207,0,0,0,2,0,91.7285097033448,1,0
87,0,0,1,1,100,1,0,53.6637010788253,1,0
87,0.5,0.996599312264834,0,0,0,2,0,53.6637010788253,1,0
87,1,1.13177002911399,0,0,0,2,0,53.6637010788253,1,0
87,2,1.61235021871505,0,0,0,2,0,53.6637010788253,1,0
87,4,1.43584171862304,0,0,0,2,0,53.6637010788253,1,0
87,6,0.872633681126384,0,0,0,2,0,53.6637010788253,1,0
87,8,1.07798677243317,0,0,0,2,0,53.6637010788253,1,0
87,12,0.719150101869579,0,0,0,2,0,53.6637010788253,1,0
87,24,0.219557366704388,0,0,0,2,0,53.6637010788253,1,0
88,0,0,1,1,100,1,0,79.6690814955018,1,0
88,0.5,0.584273349151715,0,0,0,2,0,79.6690814955018,1,0
88,1,0.910100850008326,0,0,0,2,0,79.6690814955018,1,0
88,2,0.965531024726887,0,0,0,2,0,79.6690814955018,1,0
88,4,0.916709817242082,0,0,0,2,0,79.6690814955018,1,0
88,6,0.868358766775077,0,0,0,2,0,79.6690814955018,1,0
88,8,0.762419876111548,0,0,0,2,0,79.6690814955018,1,0
88,12,0.641488241058528,0,0,0,2,0,79.6690814955018,1,0
88,24,0.318904674026714,0,0,0,2,0,79.6690814955018,1,0
89,0,0,1,1,100,1,0,46.0221841178174,0,0
89,0.5,1.39740490127944,0,0,0,2,0,46.0221841178174,0,0
89,1,1.87608986094154,0,0,0,2,0,46.0221841178174,0,0
89,2,1.50543286349172,0,0,0,2,0,46.0221841178174,0,0
89,4,1.4735281407155,0,0,0,2,0,46.0221841178174,0,0
89,6,1.69875017319872,0,0,0,2,0,46.0221841178174,0,0
89,8,1.35622715215901,0,0,0,2,0,46.0221841178174,0,0
89,12,0.820757470681328,0,0,0,2,0,46.0221841178174,0,0
89,24,0.41692361286264,0,0,0,2,0,46.0221841178174,0,0
90,0,0,1,1,100,1,0,86.775388494475,1,0
90,0.5,0.53874525024009,0,0,0,2,0,86.775388494475,1,0
90,1,0.671750848088041,0,0,0,2,0,86.775388494475,1,0
90,2,0.918231487063188,0,0,0,2,0,86.775388494475,1,0
90,4,0.772951348023437,0,0,0,2,0,86.775388494475,1,0
90,6,0.582157567052761,0,0,0,2,0,86.775388494475,1,0
90,8,0.560732227350923,0,0,0,2,0,86.775388494475,1,0
90,12,0.531505848415108,0,0,0,2,0,86.775388494475,1,0
90,24,0.31389254335683,0,0,0,2,0,86.775388494475,1,0
91,0,0,1,1,100,1,0,92.8912379281372,1,0
91,0.5,0.564453749999284,0,0,0,2,0,92.8912379281372,1,0
91,1,0.705066677891156,0,0,0,2,0,92.8912379281372,1,0
91,2,0.737622019088505,0,0,0,2,0,92.8912379281372,1,0
91,4,0.693454239140223,0,0,0,2,0,92.8912379281372,1,0
91,6,0.583558694731003,0,0,0,2,0,92.8912379281372,1,0
91,8,0.591578272671438,0,0,0,2,0,92.8912379281372,1,0
91,12,0.46425799104805,0,0,0,2,0,92.8912379281372,1,0
91,24,0.243152325554237,0,0,0,2,0,92.8912379281372,1,0
92,0,0,1,1,100,1,0,48.8933106351497,1,0
92,0.5,0.576822407309575,0,0,0,2,0,48.8933106351497,1,0
92,1,1.18961834410484,0,0,0,2,0,48.8933106351497,1,0
92,2,1.33874337585037,0,0,0,2,0,48.8933106351497,1,0
92,4,1.47758577185651,0,0,0,2,0,48.8933106351497,1,0
92,6,1.24953941423775,0,0,0,2,0,48.8933106351497,1,0
92,8,1.57663335739613,0,0,0,2,0,48.8933106351497,1,0
92,12,1.15058196551193,0,0,0,2,0,48.8933106351497,1,0
92,24,0.59573090949793,0,0,0,2,0,48.8933106351497,1,0
93,0,0,1,1,100,1,0,52.7736326173676,0,0
93,0.5,1.08863325502531,0,0,0,2,0,52.7736326173676,0,0
93,1,1.41219600849084,0,0,0,2,0,52.7736326173676,0,0
93,2,1.60909003109463,0,0,0,2,0,52.7736326173676,0,0
93,4,1.47378542007905,0,0,0,2,0,52.7736326173676,0,0
93,6,1.1544897495312,0,0,0,2,0,52.7736326173676,0,0
93,8,0.898147315298733,0,0,0,2,0,52.7736326173676,0,0
93,12,0.796681168111088,0,0,0,2,0,52.7736326173676,0,0
93,24,0.343431951539147,0,0,0,2,0,52.7736326173676,0,0
94,0,0,1,1,100,1,0,55.2570389398895,1,1
94,0.5,0.987061445705337,0,0,0,2,0,55.2570389398895,1,1
94,1,1.66376458113406,0,0,0,2,0,55.2570389398895,1,1
94,2,2.49272697802623,0,0,0,2,0,55.2570389398895,1,1
94,4,1.91311523388991,0,0,0,2,0,55.2570389398895,1,1
94,6,1.51464082089736,0,0,0,2,0,55.2570389398895,1,1
94,8,1.16516974248704,0,0,0,2,0,55.2570389398895,1,1
94,12,1.38816539044524,0,0,0,2,0,55.2570389398895,1,1
94,24,0.626308244257735,0,0,0,2,0,55.2570389398895,1,1
95,0,0,1,1,100,1,0,63.432871046046,0,0
95,0.5,0.88989298936324,0,0,0,2,0,63.432871046046,0,0
95,1,1.46820061976546,0,0,0,2,0,63.432871046046,0,0
95,2,1.60227417257179,0,0,0,2,0,63.432871046046,0,0
95,4,1.22641179940878,0,0,0,2,0,63.432871046046,0,0
95,6,1.12418230018025,0,0,0,2,0,63.432871046046,0,0
95,8,0.705273470422912,0,0,0,2,0,63.432871046046,0,0
95,12,0.775800948265027,0,0,0,2,0,63.432871046046,0,0
95,24,0.317681388465814,0,0,0,2,0,63.432871046046,0,0
96,0,0,1,1,100,1,0,49.4539279167719,0,0
96,0.5,1.40021291921838,0,0,0,2,0,49.4539279167719,0,0
96,1,1.8611260608728,0,0,0,2,0,49.4539279167719,0,0
96,2,2.05838589016537,0,0,0,2,0,49.4539279167719,0,0
96,4,1.47141284236902,0,0,0,2,0,49.4539279167719,0,0
96,6,1.26045597601293,0,0,0,2,0,49.4539279167719,0,0
96,8,0.878871384512198,0,0,0,2,0,49.4539279167719,0,0
96,12,0.420895159200751,0,0,0,2,0,49.4539279167719,0,0
96,24,0.079185049870478,0,0,0,2,0,49.4539279167719,0,0
97,0,0,1,1,100,1,0,58.5849307242729,1,1
97,0.5,0.596134567177428,0,0,0,2,0,58.5849307242729,1,1
97,1,0.912540880456598,0,0,0,2,0,58.5849307242729,1,1
97,2,1.34725187602361,0,0,0,2,0,58.5849307242729,1,1
97,4,1.182756793486,0,0,0,2,0,58.5849307242729,1,1
97,6,1.40748749953428,0,0,0,2,0,58.5849307242729,1,1
97,8,1.37591160946022,0,0,0,2,0,58.5849307242729,1,1
97,12,1.11197467324768,0,0,0,2,0,58.5849307242729,1,1
97,24,0.571927616538931,0,0,0,2,0,58.5849307242729,1,1
98,0,0,1,1,100,1,0,57.5222343266158,1,0
98,0.5,1.63285391108633,0,0,0,2,0,57.5222343266158,1,0
98,1,1.91800065280169,0,0,0,2,0,57.5222343266158,1,0
98,2,2.04219508226843,0,0,0,2,0,57.5222343266158,1,0
98,4,0.997206670692074,0,0,0,2,0,57.5222343266158,1,0
98,6,1.02165127157036,0,0,0,2,0,57.5222343266158,1,0
98,8,0.641109235142815,0,0,0,2,0,57.5222343266158,1,0
98,12,0.571677092959565,0,0,0,2,0,57.5222343266158,1,0
98,24,0.081351340569123,0,0,0,2,0,57.5222343266158,1,0
99,0,0,1,1,100,1,0,73.4730920319854,0,0
99,0.5,0.783273887725224,0,0,0,2,0,73.4730920319854,0,0
99,1,1.02032608149388,0,0,0,2,0,73.4730920319854,0,0
99,2,0.903361486274829,0,0,0,2,0,73.4730920319854,0,0
99,4,1.08656006661715,0,0,0,2,0,73.4730920319854,0,0
99,6,1.01849799770199,0,0,0,2,0,73.4730920319854,0,0
99,8,0.853816510723772,0,0,0,2,0,73.4730920319854,0,0
99,12,0.624864341016765,0,0,0,2,0,73.4730920319854,0,0
99,24,0.294905423055859,0,0,0,2,0,73.4730920319854,0,0
100,0,0,1,1,100,1,0,57.8484758448339,1,1
100,0.5,0.959446006441354,0,0,0,2,0,57.8484758448339,1,1
100,1,1.80910069796463,0,0,0,2,0,57.8484758448339,1,1
100,2,1.79661444547092,0,0,0,2,0,57.8484758448339,1,1
100,4,1.86889996504072,0,0,0,2,0,57.8484758448339,1,1
100,6,1.48486721230838,0,0,0,2,0,57.8484758448339,1,1
100,8,1.24201739545996,0,0,0,2,0,57.8484758448339,1,1
100,12,0.951328339704258,0,0,0,2,0,57.8484758448339,1,1
100,24,0.431721310791684,0,0,0,2,0,57.8484758448339,1,1
