"NMID","eta.CL","eta.V","eta.ka"
"1",0.10166228828812,0.228987443982844,-0.0880966453931467
"2",-0.0983793460340413,-0.184101817914662,0.575701481908365
"3",0.127283184931608,-0.0646121906185875,0.408826075019987
"4",-0.43623072580926,-0.21005512473768,0.717404827752093
"5",-0.0518688224640052,0.0757281557998436,-0.0377584058738097
"6",0.0309833058301334,0.228839479854058,0.266730007559659
"7",0.105336485341681,0.0758514287804671,-0.490471906961026
"8",-0.0228201036248409,-0.339579494384033,0.238703590057352
"9",-0.0859068565422167,0.15815756101622,-0.245909255883758
"10",-0.000903876609323646,-0.00200425159235905,0.038082236493446
"11",0.0431475670097618,-0.100297053209081,0.0311424000434424
"12",-0.00973949817374798,0.131434713597518,-0.0825258868183827
"13",0.0322131325675245,0.0357045941140104,-0.179290909000862
"14",0.17592745252002,-0.336681456196664,-0.187463558341737
"15",0.086550368298662,-0.413252683368978,-0.0123783526026385
"16",0.0948334771398169,-0.00733459210504423,0.413304481930558
"17",0.188598681688805,0.032027178602621,-0.210466459251754
"18",-0.0220309958362405,-0.455528905932109,-0.514424211815509
"19",-0.18761929745704,-0.0363547907716397,0.185402069359338
"20",-0.36972712635102,0.315849937223284,-0.259515231812765
"21",-0.16127934400329,-0.215416829919812,0.041814386947505
"22",0.11983411227338,-0.0276229451530599,-0.367377596458785
"23",-0.104944227173384,-0.109203750090714,0.0271086287436986
"24",-0.312895622401049,0.185088501480217,0.0974066571437551
"25",-0.173227652348115,0.215407453090001,0.124901138696304
"26",0.00713046517825352,-0.0561008229276256,-0.0457259566255471
"27",0.207727926919349,-0.0947547991677131,-0.0334945204888662
"28",0.109111004921164,-0.0541680829858654,-0.290005336734273
"29",-0.0962241436022095,0.0234839210790249,-0.0162346284170783
"30",-0.0852850127868927,-0.414216417659456,-0.178405045576089
"31",-0.105754947358308,-0.14928675849723,0.0814759428380443
"32",0.122315638665332,0.210444761547283,0.0605601080013696
"33",-0.241528629880414,0.443482628838273,-0.450845341649862
"34",0.149866733995917,-0.0232442417997458,-0.447393058993845
"35",-0.19438302382709,0.076578008993695,-0.343355234635834
"36",-0.0778203774638858,0.135142638638078,0.364654422011119
"37",-0.184619862126666,-0.163559555387257,0.44769293726007
"38",0.0111623224352108,-0.0227299414106114,-0.243783531682164
"39",0.141533066817999,0.222120182375375,-0.2557985947293
"40",0.180006961230089,0.0944170425631076,0.179214058341881
"41",-0.0334752360169486,0.0111963713688964,0.139623252703054
"42",-0.000812468250490322,-0.149563367335121,-0.184090441235507
"43",0.0751427035090429,-0.0687763395402698,-0.0474561869455537
"44",-0.323535144993647,0.169850821220526,-0.360545541310592
"45",-0.303569303765059,-0.417464254819326,0.240689651631026
"46",0.136363223494575,0.0246567024678377,0.32276298403198
"47",-0.30709928465991,-0.409895303683247,-0.272737548128205
"48",0.295530859589616,-0.0956253075871434,-0.202877525132426
"49",0.00492583411972747,0.0793271981327993,-0.142196146194282
"50",0.0180909670400014,0.186197377836931,-0.101243583111026
"51",-0.124480432514797,0.27852032299195,-0.103862001697234
"52",0.127019921980642,0.115339902657708,0.188827684860638
"53",0.210445918781388,-0.318591584765166,0.0258817428336895
"54",-0.15559717304024,-0.209651741695132,0.40992789508911
"55",0.0782363330785559,-0.153915024819806,-0.803213419043087
"56",-0.416546141325712,0.326155358300072,-0.18785694844887
"57",0.235582095874839,-0.247297475059923,-0.196671180235797
"58",-0.303605161486031,-0.0757821436051764,-0.00508423348735447
"59",-0.13739631127671,-0.0822164363040055,-0.326829853978392
"60",0.340713652205744,0.00422344650353698,0.411967201213934
"61",0.406931447102895,-0.133534744101871,-0.273950812446656
"62",-0.099459749431244,-0.00765376317163956,-0.0548127282302009
"63",-0.333059715261085,0.32950341288398,0.165552861184945
"64",0.182348473751126,0.19826342337771,0.196067912130006
"65",0.261521637028195,0.24802790495888,0.349313847538325
"66",0.400760393495613,0.189725155431488,0.0362135631671702
"67",-0.187918478854342,0.243557769832769,-0.0872345020559089
"68",0.174193491318202,-0.0636815827610131,0.0334581542020748
"69",0.124653269908636,-0.052063091707076,-0.159291584590327
"70",-0.209901044331625,0.213923050357345,0.395520597548943
"71",0.410121493664202,0.411914352876488,0.0780418098318486
"72",0.115774927309797,-0.501776063229235,0.108208376095351
"73",-0.144771119399656,-0.314296920602946,-0.173676583143345
"74",0.26461593663225,-0.243811341832523,0.458204281179735
"75",0.276590867681122,-0.0611163104147337,-0.338024843358635
"76",0.308621054150089,0.298079451847455,-0.218089811463215
"77",-0.168317895437215,-0.000528937075095585,0.0868421923617158
"78",-0.131360424718065,0.169825578874457,-0.244808980939477
"79",-0.114641469536892,-0.0481295609651648,-0.0390099908431979
"80",0.177706669791062,-0.119282729551921,-0.0998723387443235
"81",-0.149621557550876,-0.45805424582147,-0.258141573081132
"82",0.132507375245804,-0.299748119732013,-0.0454170494044231
"83",-0.325685776073416,-0.179074764531774,0.102886008219952
"84",0.0925146278296271,0.043988464507779,0.101332319382644
"85",-0.15402739247572,0.0877094223347128,0.0327784725534699
"86",-0.376434572933194,-0.0163353787671123,-0.168890767784709
"87",0.0106978951384729,0.250059375559119,0.254691681389836
"88",-0.250725528764602,-0.173799461670821,0.501145403263536
"89",0.138332896052903,-0.063910525088805,0.0999241399111576
"90",0.00123467877464747,0.0656005023421408,-0.0247175546907384
"91",0.156244787114277,-0.255009322351309,-0.45891153336769
"92",-0.00706232765232406,-0.0784540978883014,-0.646743853947639
"93",-0.028158539135971,-0.00893756181161886,0.102104539157877
"94",-0.418254947542781,-0.159561668831841,0.242937707764589
"95",-0.265301133565124,-0.135991063278856,-0.196644494531035
"96",0.130907122534157,0.0029276933103236,-0.124965353129317
"97",0.0459188096232065,-0.216105126749716,-0.165164555064294
"98",0.238388905981344,0.0119968412101673,-0.210748864644601
"99",-0.226339361455134,-0.276078771298421,-0.0718649402705699
"100",0.602066247771916,0.10036852557447,-0.0395305921301984
