"NMID","TIME","DV","MDV","EVID","AMT","CMT","BLQ","WT","SEX","CRCL"
1,0,0,1,1,200,1,0,60.9485025319352,1,147.439798638225
1,0.25,1.76326078932267,0,0,0,2,0,60.9485025319352,1,147.439798638225
1,0.5,3.07616691783744,0,0,0,2,0,60.9485025319352,1,147.439798638225
1,1,3.62077369955512,0,0,0,2,0,60.9485025319352,1,147.439798638225
1,2,3.89588390334836,0,0,0,2,0,60.9485025319352,1,147.439798638225
1,4,2.4213830940093,0,0,0,2,0,60.9485025319352,1,147.439798638225
1,8,1.57389076687857,0,0,0,2,0,60.9485025319352,1,147.439798638225
1,12,0.704043241667317,0,0,0,2,0,60.9485025319352,1,147.439798638225
1,18,0.258760842737682,0,0,0,2,0,60.9485025319352,1,147.439798638225
1,24,0.0707809389796596,0,0,0,2,0,60.9485025319352,1,147.439798638225
1,36,0.0123676375153272,0,0,0,2,0,60.9485025319352,1,147.439798638225
1,48,0.00217491748995507,0,0,0,2,0,60.9485025319352,1,147.439798638225
2,0,0,1,1,200,1,0,66.2584714869874,0,41.6213780734688
2,0.25,5.1417906455186,0,0,0,2,0,66.2584714869874,0,41.6213780734688
2,0.5,6.96849841411172,0,0,0,2,0,66.2584714869874,0,41.6213780734688
2,1,7.19821147277108,0,0,0,2,0,66.2584714869874,0,41.6213780734688
2,2,5.79754459052182,0,0,0,2,0,66.2584714869874,0,41.6213780734688
2,4,6.33115124798376,0,0,0,2,0,66.2584714869874,0,41.6213780734688
2,8,4.05492713595693,0,0,0,2,0,66.2584714869874,0,41.6213780734688
2,12,2.62668884066075,0,0,0,2,0,66.2584714869874,0,41.6213780734688
2,18,1.8584657407097,0,0,0,2,0,66.2584714869874,0,41.6213780734688
2,24,1.05597196475862,0,0,0,2,0,66.2584714869874,0,41.6213780734688
2,36,0.450023583620634,0,0,0,2,0,66.2584714869874,0,41.6213780734688
2,48,0.20345606362618,0,0,0,2,0,66.2584714869874,0,41.6213780734688
3,0,0,1,1,200,1,0,69.2900266916822,0,143.376816390082
3,0.25,3.56402154633613,0,0,0,2,0,69.2900266916822,0,143.376816390082
3,0.5,4.7702170168842,0,0,0,2,0,69.2900266916822,0,143.376816390082
3,1,4.99946183470966,0,0,0,2,0,69.2900266916822,0,143.376816390082
3,2,5.3861571686734,0,0,0,2,0,69.2900266916822,0,143.376816390082
3,4,2.79957065744555,0,0,0,2,0,69.2900266916822,0,143.376816390082
3,8,1.0630023949774,0,0,0,2,0,69.2900266916822,0,143.376816390082
3,12,0.354929935215026,0,0,0,2,0,69.2900266916822,0,143.376816390082
3,18,0.100007796117799,0,0,0,2,0,69.2900266916822,0,143.376816390082
3,24,0.0262351590174875,0,0,0,2,0,69.2900266916822,0,143.376816390082
3,36,0.00170793762119033,0,0,0,2,0,69.2900266916822,0,143.376816390082
3,48,0.000197088434248014,0,0,0,2,0,69.2900266916822,0,143.376816390082
4,0,0,1,1,200,1,0,52.6423277583941,1,32.0916260406375
4,0.25,4.87112879605792,0,0,0,2,0,52.6423277583941,1,32.0916260406375
4,0.5,7.675134439709,0,0,0,2,0,52.6423277583941,1,32.0916260406375
4,1,8.35400257955471,0,0,0,2,0,52.6423277583941,1,32.0916260406375
4,2,6.53558487687935,0,0,0,2,0,52.6423277583941,1,32.0916260406375
4,4,6.91989173733912,0,0,0,2,0,52.6423277583941,1,32.0916260406375
4,8,5.16871395130595,0,0,0,2,0,52.6423277583941,1,32.0916260406375
4,12,4.64589274435591,0,0,0,2,0,52.6423277583941,1,32.0916260406375
4,18,2.88588612067124,0,0,0,2,0,52.6423277583941,1,32.0916260406375
4,24,2.50303426275133,0,0,0,2,0,52.6423277583941,1,32.0916260406375
4,36,1.52105149526377,0,0,0,2,0,52.6423277583941,1,32.0916260406375
4,48,0.831706722272589,0,0,0,2,0,52.6423277583941,1,32.0916260406375
5,0,0,1,1,200,1,0,74.0535910392817,0,52.6688769925386
5,0.25,2.14303559977233,0,0,0,2,0,74.0535910392817,0,52.6688769925386
5,0.5,3.91311480580308,0,0,0,2,0,74.0535910392817,0,52.6688769925386
5,1,4.71025852864421,0,0,0,2,0,74.0535910392817,0,52.6688769925386
5,2,4.50126076411937,0,0,0,2,0,74.0535910392817,0,52.6688769925386
5,4,4.69312606863562,0,0,0,2,0,74.0535910392817,0,52.6688769925386
5,8,3.14443761323062,0,0,0,2,0,74.0535910392817,0,52.6688769925386
5,12,2.40445327389137,0,0,0,2,0,74.0535910392817,0,52.6688769925386
5,18,1.20036762587325,0,0,0,2,0,74.0535910392817,0,52.6688769925386
5,24,0.910739673726499,0,0,0,2,0,74.0535910392817,0,52.6688769925386
5,36,0.389471059834712,0,0,0,2,0,74.0535910392817,0,52.6688769925386
5,48,0.1511815450391,0,0,0,2,0,74.0535910392817,0,52.6688769925386
6,0,0,1,1,200,1,0,73.8854440115405,1,58.0521116685122
6,0.25,2.70436870716549,0,0,0,2,0,73.8854440115405,1,58.0521116685122
6,0.5,3.74806909427205,0,0,0,2,0,73.8854440115405,1,58.0521116685122
6,1,3.95833370418418,0,0,0,2,0,73.8854440115405,1,58.0521116685122
6,2,4.62355843085942,0,0,0,2,0,73.8854440115405,1,58.0521116685122
6,4,3.84061369253999,0,0,0,2,0,73.8854440115405,1,58.0521116685122
6,8,2.42474440231575,0,0,0,2,0,73.8854440115405,1,58.0521116685122
6,12,2.15731733256491,0,0,0,2,0,73.8854440115405,1,58.0521116685122
6,18,1.14323043458585,0,0,0,2,0,73.8854440115405,1,58.0521116685122
6,24,0.624797157793297,0,0,0,2,0,73.8854440115405,1,58.0521116685122
6,36,0.348630621850802,0,0,0,2,0,73.8854440115405,1,58.0521116685122
6,48,0.155370152422695,0,0,0,2,0,73.8854440115405,1,58.0521116685122
7,0,0,1,1,200,1,0,90.9565857932174,1,67.4867720995098
7,0.25,1.49243786201764,0,0,0,2,0,90.9565857932174,1,67.4867720995098
7,0.5,2.93683845396736,0,0,0,2,0,90.9565857932174,1,67.4867720995098
7,1,3.29334446608833,0,0,0,2,0,90.9565857932174,1,67.4867720995098
7,2,5.12322235877069,0,0,0,2,0,90.9565857932174,1,67.4867720995098
7,4,4.9094062412026,0,0,0,2,0,90.9565857932174,1,67.4867720995098
7,8,2.61065522284832,0,0,0,2,0,90.9565857932174,1,67.4867720995098
7,12,1.68056963330665,0,0,0,2,0,90.9565857932174,1,67.4867720995098
7,18,0.832501257345974,0,0,0,2,0,90.9565857932174,1,67.4867720995098
7,24,0.502445575699725,0,0,0,2,0,90.9565857932174,1,67.4867720995098
7,36,0.126238179842274,0,0,0,2,0,90.9565857932174,1,67.4867720995098
7,48,0.0483970945922066,0,0,0,2,0,90.9565857932174,1,67.4867720995098
8,0,0,1,1,200,1,0,81.1377171628123,1,61.7802930157632
8,0.25,3.88252641395348,0,0,0,2,0,81.1377171628123,1,61.7802930157632
8,0.5,6.78420090128276,0,0,0,2,0,81.1377171628123,1,61.7802930157632
8,1,7.43522929645755,0,0,0,2,0,81.1377171628123,1,61.7802930157632
8,2,6.8842346181012,0,0,0,2,0,81.1377171628123,1,61.7802930157632
8,4,5.19733691630041,0,0,0,2,0,81.1377171628123,1,61.7802930157632
8,8,3.14559859170042,0,0,0,2,0,81.1377171628123,1,61.7802930157632
8,12,1.75650557992852,0,0,0,2,0,81.1377171628123,1,61.7802930157632
8,18,0.66833286585563,0,0,0,2,0,81.1377171628123,1,61.7802930157632
8,24,0.326177086764316,0,0,0,2,0,81.1377171628123,1,61.7802930157632
8,36,0.0657982128264238,0,0,0,2,0,81.1377171628123,1,61.7802930157632
8,48,0.0187172345842853,0,0,0,2,0,81.1377171628123,1,61.7802930157632
9,0,0,1,1,200,1,0,40,0,45.7460072357208
9,0.25,1.53063901385862,0,0,0,2,0,40,0,45.7460072357208
9,0.5,2.96817661575703,0,0,0,2,0,40,0,45.7460072357208
9,1,3.79738622869967,0,0,0,2,0,40,0,45.7460072357208
9,2,4.63305279534727,0,0,0,2,0,40,0,45.7460072357208
9,4,4.98153351970845,0,0,0,2,0,40,0,45.7460072357208
9,8,3.15275464189282,0,0,0,2,0,40,0,45.7460072357208
9,12,2.72067461191429,0,0,0,2,0,40,0,45.7460072357208
9,18,1.53245115318843,0,0,0,2,0,40,0,45.7460072357208
9,24,1.188558908858,0,0,0,2,0,40,0,45.7460072357208
9,36,0.666707501910505,0,0,0,2,0,40,0,45.7460072357208
9,48,0.339966187808657,0,0,0,2,0,40,0,45.7460072357208
10,0,0,1,1,200,1,0,58.9533402910907,0,114.31348381564
10,0.25,2.78592974499593,0,0,0,2,0,58.9533402910907,0,114.31348381564
10,0.5,3.36631816067479,0,0,0,2,0,58.9533402910907,0,114.31348381564
10,1,5.54923950998266,0,0,0,2,0,58.9533402910907,0,114.31348381564
10,2,4.82554550699783,0,0,0,2,0,58.9533402910907,0,114.31348381564
10,4,3.26786759224333,0,0,0,2,0,58.9533402910907,0,114.31348381564
10,8,1.7645853726349,0,0,0,2,0,58.9533402910907,0,114.31348381564
10,12,0.938905232331474,0,0,0,2,0,58.9533402910907,0,114.31348381564
10,18,0.364923814510868,0,0,0,2,0,58.9533402910907,0,114.31348381564
10,24,0.15054314963459,0,0,0,2,0,58.9533402910907,0,114.31348381564
10,36,0.0239522130388022,0,0,0,2,0,58.9533402910907,0,114.31348381564
10,48,0.0042714685787977,0,0,0,2,0,58.9533402910907,0,114.31348381564
11,0,0,1,1,200,1,0,89.0665833739922,0,76.6352642420679
11,0.25,3.10886662914946,0,0,0,2,0,89.0665833739922,0,76.6352642420679
11,0.5,5.27278052800906,0,0,0,2,0,89.0665833739922,0,76.6352642420679
11,1,4.64019161468719,0,0,0,2,0,89.0665833739922,0,76.6352642420679
11,2,5.52720737074939,0,0,0,2,0,89.0665833739922,0,76.6352642420679
11,4,4.63967729183536,0,0,0,2,0,89.0665833739922,0,76.6352642420679
11,8,2.57476650199326,0,0,0,2,0,89.0665833739922,0,76.6352642420679
11,12,1.51054521548362,0,0,0,2,0,89.0665833739922,0,76.6352642420679
11,18,0.670487403791417,0,0,0,2,0,89.0665833739922,0,76.6352642420679
11,24,0.251293568542601,0,0,0,2,0,89.0665833739922,0,76.6352642420679
11,36,0.0544232896702945,0,0,0,2,0,89.0665833739922,0,76.6352642420679
11,48,0.0114899508004705,0,0,0,2,0,89.0665833739922,0,76.6352642420679
12,0,0,1,1,200,1,0,63.1550399134618,0,97.2197024244815
12,0.25,1.74302993193325,0,0,0,2,0,63.1550399134618,0,97.2197024244815
12,0.5,3.21548380465672,0,0,0,2,0,63.1550399134618,0,97.2197024244815
12,1,3.61015048242714,0,0,0,2,0,63.1550399134618,0,97.2197024244815
12,2,4.86306888000917,0,0,0,2,0,63.1550399134618,0,97.2197024244815
12,4,3.5887546913346,0,0,0,2,0,63.1550399134618,0,97.2197024244815
12,8,1.9878648136979,0,0,0,2,0,63.1550399134618,0,97.2197024244815
12,12,1.37298058050243,0,0,0,2,0,63.1550399134618,0,97.2197024244815
12,18,0.684928352903252,0,0,0,2,0,63.1550399134618,0,97.2197024244815
12,24,0.293197311048572,0,0,0,2,0,63.1550399134618,0,97.2197024244815
12,36,0.080561435690155,0,0,0,2,0,63.1550399134618,0,97.2197024244815
12,48,0.0218881859112407,0,0,0,2,0,63.1550399134618,0,97.2197024244815
13,0,0,1,1,200,1,0,61.6457575092476,0,93.0909526906908
13,0.25,2.15713840587367,0,0,0,2,0,61.6457575092476,0,93.0909526906908
13,0.5,3.63626858831573,0,0,0,2,0,61.6457575092476,0,93.0909526906908
13,1,5.1287339229482,0,0,0,2,0,61.6457575092476,0,93.0909526906908
13,2,4.91101839986641,0,0,0,2,0,61.6457575092476,0,93.0909526906908
13,4,4.15621568833845,0,0,0,2,0,61.6457575092476,0,93.0909526906908
13,8,1.82474133171639,0,0,0,2,0,61.6457575092476,0,93.0909526906908
13,12,1.36574105928738,0,0,0,2,0,61.6457575092476,0,93.0909526906908
13,18,0.521728522372489,0,0,0,2,0,61.6457575092476,0,93.0909526906908
13,24,0.265927834654699,0,0,0,2,0,61.6457575092476,0,93.0909526906908
13,36,0.0396750090622338,0,0,0,2,0,61.6457575092476,0,93.0909526906908
13,48,0.01196525748392,0,0,0,2,0,61.6457575092476,0,93.0909526906908
14,0,0,1,1,200,1,0,75.6385801584712,0,56.4133216068149
14,0.25,2.9905610720637,0,0,0,2,0,75.6385801584712,0,56.4133216068149
14,0.5,4.55060348135224,0,0,0,2,0,75.6385801584712,0,56.4133216068149
14,1,5.48844176222888,0,0,0,2,0,75.6385801584712,0,56.4133216068149
14,2,6.45746581609187,0,0,0,2,0,75.6385801584712,0,56.4133216068149
14,4,5.38744407527686,0,0,0,2,0,75.6385801584712,0,56.4133216068149
14,8,2.6828650856879,0,0,0,2,0,75.6385801584712,0,56.4133216068149
14,12,1.3164746545997,0,0,0,2,0,75.6385801584712,0,56.4133216068149
14,18,0.545719110386293,0,0,0,2,0,75.6385801584712,0,56.4133216068149
14,24,0.227820082758865,0,0,0,2,0,75.6385801584712,0,56.4133216068149
14,36,0.0356172571774939,0,0,0,2,0,75.6385801584712,0,56.4133216068149
14,48,0.00733245374649536,0,0,0,2,0,75.6385801584712,0,56.4133216068149
15,0,0,1,1,200,1,0,81.6397226739703,1,147.144753271714
15,0.25,3.23315665785275,0,0,0,2,0,81.6397226739703,1,147.144753271714
15,0.5,5.43143451567615,0,0,0,2,0,81.6397226739703,1,147.144753271714
15,1,5.90837521783661,0,0,0,2,0,81.6397226739703,1,147.144753271714
15,2,5.65909314423227,0,0,0,2,0,81.6397226739703,1,147.144753271714
15,4,2.61682603180229,0,0,0,2,0,81.6397226739703,1,147.144753271714
15,8,0.834128090412108,0,0,0,2,0,81.6397226739703,1,147.144753271714
15,12,0.174066029317958,0,0,0,2,0,81.6397226739703,1,147.144753271714
15,18,0.0280535918531378,0,0,0,2,0,81.6397226739703,1,147.144753271714
15,24,0.0044632981497362,0,0,0,2,0,81.6397226739703,1,147.144753271714
15,36,0.000138125652613635,0,0,0,2,0,81.6397226739703,1,147.144753271714
15,48,3.75623536775985e-06,0,0,0,2,0,81.6397226739703,1,147.144753271714
16,0,0,1,1,200,1,0,82.264973442711,0,98.7464401032776
16,0.25,3.75280868287526,0,0,0,2,0,82.264973442711,0,98.7464401032776
16,0.5,4.97242015688808,0,0,0,2,0,82.264973442711,0,98.7464401032776
16,1,5.76962086294892,0,0,0,2,0,82.264973442711,0,98.7464401032776
16,2,5.53030856339809,0,0,0,2,0,82.264973442711,0,98.7464401032776
16,4,3.79185130218057,0,0,0,2,0,82.264973442711,0,98.7464401032776
16,8,1.95791599791676,0,0,0,2,0,82.264973442711,0,98.7464401032776
16,12,0.935190071335155,0,0,0,2,0,82.264973442711,0,98.7464401032776
16,18,0.397834692292546,0,0,0,2,0,82.264973442711,0,98.7464401032776
16,24,0.14306860421192,0,0,0,2,0,82.264973442711,0,98.7464401032776
16,36,0.0226609659591999,0,0,0,2,0,82.264973442711,0,98.7464401032776
16,48,0.00418711127692198,0,0,0,2,0,82.264973442711,0,98.7464401032776
17,0,0,1,1,200,1,0,83.5110513047271,0,38.1354375276715
17,0.25,2.04482165915157,0,0,0,2,0,83.5110513047271,0,38.1354375276715
17,0.5,3.33252237442795,0,0,0,2,0,83.5110513047271,0,38.1354375276715
17,1,3.92742343712595,0,0,0,2,0,83.5110513047271,0,38.1354375276715
17,2,4.22350805115455,0,0,0,2,0,83.5110513047271,0,38.1354375276715
17,4,4.40321833872424,0,0,0,2,0,83.5110513047271,0,38.1354375276715
17,8,3.94466189788087,0,0,0,2,0,83.5110513047271,0,38.1354375276715
17,12,2.17969142132749,0,0,0,2,0,83.5110513047271,0,38.1354375276715
17,18,1.4789603817531,0,0,0,2,0,83.5110513047271,0,38.1354375276715
17,24,0.968624458493567,0,0,0,2,0,83.5110513047271,0,38.1354375276715
17,36,0.426566992756096,0,0,0,2,0,83.5110513047271,0,38.1354375276715
17,48,0.154780679934113,0,0,0,2,0,83.5110513047271,0,38.1354375276715
18,0,0,1,1,200,1,0,88.4522956693665,0,128.359446236864
18,0.25,2.04546318093604,0,0,0,2,0,88.4522956693665,0,128.359446236864
18,0.5,3.18612686953471,0,0,0,2,0,88.4522956693665,0,128.359446236864
18,1,5.2325978701975,0,0,0,2,0,88.4522956693665,0,128.359446236864
18,2,5.8030973897548,0,0,0,2,0,88.4522956693665,0,128.359446236864
18,4,3.97246311233865,0,0,0,2,0,88.4522956693665,0,128.359446236864
18,8,1.39166841898989,0,0,0,2,0,88.4522956693665,0,128.359446236864
18,12,0.456765319163848,0,0,0,2,0,88.4522956693665,0,128.359446236864
18,18,0.0588840000559825,0,0,0,2,0,88.4522956693665,0,128.359446236864
18,24,0.0167310168562968,0,0,0,2,0,88.4522956693665,0,128.359446236864
18,36,0.00101903525435254,0,0,0,2,0,88.4522956693665,0,128.359446236864
18,48,6.02390726200961e-05,0,0,0,2,0,88.4522956693665,0,128.359446236864
19,0,0,1,1,200,1,0,95.5175584081865,1,34.8953458014876
19,0.25,2.97046812072126,0,0,0,2,0,95.5175584081865,1,34.8953458014876
19,0.5,4.89759193700691,0,0,0,2,0,95.5175584081865,1,34.8953458014876
19,1,5.38013441134995,0,0,0,2,0,95.5175584081865,1,34.8953458014876
19,2,6.48812217601462,0,0,0,2,0,95.5175584081865,1,34.8953458014876
19,4,6.08088533092624,0,0,0,2,0,95.5175584081865,1,34.8953458014876
19,8,3.99727686021517,0,0,0,2,0,95.5175584081865,1,34.8953458014876
19,12,3.89549627996056,0,0,0,2,0,95.5175584081865,1,34.8953458014876
19,18,2.85960175175774,0,0,0,2,0,95.5175584081865,1,34.8953458014876
19,24,1.67338231597278,0,0,0,2,0,95.5175584081865,1,34.8953458014876
19,36,0.960454063621617,0,0,0,2,0,95.5175584081865,1,34.8953458014876
19,48,0.537166730528031,0,0,0,2,0,95.5175584081865,1,34.8953458014876
20,0,0,1,1,200,1,0,71.6183590178369,1,91.5162052586675
20,0.25,1.37914679518485,0,0,0,2,0,71.6183590178369,1,91.5162052586675
20,0.5,2.27564961664039,0,0,0,2,0,71.6183590178369,1,91.5162052586675
20,1,4.01053948521194,0,0,0,2,0,71.6183590178369,1,91.5162052586675
20,2,4.86631621788585,0,0,0,2,0,71.6183590178369,1,91.5162052586675
20,4,3.26271742606857,0,0,0,2,0,71.6183590178369,1,91.5162052586675
20,8,3.35460266169203,0,0,0,2,0,71.6183590178369,1,91.5162052586675
20,12,1.99412310034739,0,0,0,2,0,71.6183590178369,1,91.5162052586675
20,18,1.47349381872622,0,0,0,2,0,71.6183590178369,1,91.5162052586675
20,24,0.817358682557136,0,0,0,2,0,71.6183590178369,1,91.5162052586675
20,36,0.431832014175341,0,0,0,2,0,71.6183590178369,1,91.5162052586675
20,48,0.187755715192788,0,0,0,2,0,71.6183590178369,1,91.5162052586675
21,0,0,1,1,200,1,0,44.7135948440536,1,74.3834782484919
21,0.25,2.98647391250765,0,0,0,2,0,44.7135948440536,1,74.3834782484919
21,0.5,5.16796162257272,0,0,0,2,0,44.7135948440536,1,74.3834782484919
21,1,5.86300924381677,0,0,0,2,0,44.7135948440536,1,74.3834782484919
21,2,7.16690399492465,0,0,0,2,0,44.7135948440536,1,74.3834782484919
21,4,5.39629335529353,0,0,0,2,0,44.7135948440536,1,74.3834782484919
21,8,3.05456752864079,0,0,0,2,0,44.7135948440536,1,74.3834782484919
21,12,1.81579353909945,0,0,0,2,0,44.7135948440536,1,74.3834782484919
21,18,0.876809372637208,0,0,0,2,0,44.7135948440536,1,74.3834782484919
21,24,0.480821756683281,0,0,0,2,0,44.7135948440536,1,74.3834782484919
21,36,0.121961896247376,0,0,0,2,0,44.7135948440536,1,74.3834782484919
21,48,0.0312806866064891,0,0,0,2,0,44.7135948440536,1,74.3834782484919
22,0,0,1,1,200,1,0,67.5512396721313,0,109.090355979279
22,0.25,1.89863419795933,0,0,0,2,0,67.5512396721313,0,109.090355979279
22,0.5,3.47237720991409,0,0,0,2,0,67.5512396721313,0,109.090355979279
22,1,4.68275294624721,0,0,0,2,0,67.5512396721313,0,109.090355979279
22,2,4.76272654280398,0,0,0,2,0,67.5512396721313,0,109.090355979279
22,4,3.4296776165918,0,0,0,2,0,67.5512396721313,0,109.090355979279
22,8,1.79918727025709,0,0,0,2,0,67.5512396721313,0,109.090355979279
22,12,0.80822309554109,0,0,0,2,0,67.5512396721313,0,109.090355979279
22,18,0.300381732654325,0,0,0,2,0,67.5512396721313,0,109.090355979279
22,24,0.0907568595620483,0,0,0,2,0,67.5512396721313,0,109.090355979279
22,36,0.0125932673728319,0,0,0,2,0,67.5512396721313,0,109.090355979279
22,48,0.00182715614310246,0,0,0,2,0,67.5512396721313,0,109.090355979279
23,0,0,1,1,200,1,0,82.2799245950932,1,141.673081582412
23,0.25,2.09518245940816,0,0,0,2,0,82.2799245950932,1,141.673081582412
23,0.5,3.69994399264297,0,0,0,2,0,82.2799245950932,1,141.673081582412
23,1,5.75549707831516,0,0,0,2,0,82.2799245950932,1,141.673081582412
23,2,5.86770473210356,0,0,0,2,0,82.2799245950932,1,141.673081582412
23,4,3.44861225271764,0,0,0,2,0,82.2799245950932,1,141.673081582412
23,8,1.87014038991626,0,0,0,2,0,82.2799245950932,1,141.673081582412
23,12,0.790472010404871,0,0,0,2,0,82.2799245950932,1,141.673081582412
23,18,0.273331158420936,0,0,0,2,0,82.2799245950932,1,141.673081582412
23,24,0.0681226994828113,0,0,0,2,0,82.2799245950932,1,141.673081582412
23,36,0.00873606861927112,0,0,0,2,0,82.2799245950932,1,141.673081582412
23,48,0.00156408711497778,0,0,0,2,0,82.2799245950932,1,141.673081582412
24,0,0,1,1,200,1,0,43.9159707033748,0,76.9934100285172
24,0.25,2.16146832463216,0,0,0,2,0,43.9159707033748,0,76.9934100285172
24,0.5,3.80076563062277,0,0,0,2,0,43.9159707033748,0,76.9934100285172
24,1,5.26480437663551,0,0,0,2,0,43.9159707033748,0,76.9934100285172
24,2,5.19834812344273,0,0,0,2,0,43.9159707033748,0,76.9934100285172
24,4,4.10532219435713,0,0,0,2,0,43.9159707033748,0,76.9934100285172
24,8,2.80130538707762,0,0,0,2,0,43.9159707033748,0,76.9934100285172
24,12,2.1995767286704,0,0,0,2,0,43.9159707033748,0,76.9934100285172
24,18,1.44417242525586,0,0,0,2,0,43.9159707033748,0,76.9934100285172
24,24,0.931994870521182,0,0,0,2,0,43.9159707033748,0,76.9934100285172
24,36,0.358659984563566,0,0,0,2,0,43.9159707033748,0,76.9934100285172
24,48,0.193870644286615,0,0,0,2,0,43.9159707033748,0,76.9934100285172
25,0,0,1,1,200,1,0,75.6466426618466,0,118.079716181383
25,0.25,2.03639725315736,0,0,0,2,0,75.6466426618466,0,118.079716181383
25,0.5,2.92583483742794,0,0,0,2,0,75.6466426618466,0,118.079716181383
25,1,4.21489136049293,0,0,0,2,0,75.6466426618466,0,118.079716181383
25,2,4.43760195473666,0,0,0,2,0,75.6466426618466,0,118.079716181383
25,4,3.59184590854133,0,0,0,2,0,75.6466426618466,0,118.079716181383
25,8,2.10668161148841,0,0,0,2,0,75.6466426618466,0,118.079716181383
25,12,1.34449123261815,0,0,0,2,0,75.6466426618466,0,118.079716181383
25,18,0.649160007054493,0,0,0,2,0,75.6466426618466,0,118.079716181383
25,24,0.315698720349462,0,0,0,2,0,75.6466426618466,0,118.079716181383
25,36,0.104031695495028,0,0,0,2,0,75.6466426618466,0,118.079716181383
25,48,0.0405890993052858,0,0,0,2,0,75.6466426618466,0,118.079716181383
26,0,0,1,1,200,1,0,55.6438102472799,1,113.519110567868
26,0.25,2.67144326009116,0,0,0,2,0,55.6438102472799,1,113.519110567868
26,0.5,3.73954319203641,0,0,0,2,0,55.6438102472799,1,113.519110567868
26,1,5.577877637555,0,0,0,2,0,55.6438102472799,1,113.519110567868
26,2,4.09881911645486,0,0,0,2,0,55.6438102472799,1,113.519110567868
26,4,4.0988811914238,0,0,0,2,0,55.6438102472799,1,113.519110567868
26,8,2.27568991847855,0,0,0,2,0,55.6438102472799,1,113.519110567868
26,12,0.868340962457816,0,0,0,2,0,55.6438102472799,1,113.519110567868
26,18,0.307377898369143,0,0,0,2,0,55.6438102472799,1,113.519110567868
26,24,0.123785793605217,0,0,0,2,0,55.6438102472799,1,113.519110567868
26,36,0.0165726827820772,0,0,0,2,0,55.6438102472799,1,113.519110567868
26,48,0.00260381508304882,0,0,0,2,0,55.6438102472799,1,113.519110567868
27,0,0,1,1,200,1,0,78.4880216575402,0,72.7586294151843
27,0.25,2.51014914766103,0,0,0,2,0,78.4880216575402,0,72.7586294151843
27,0.5,3.7961176025491,0,0,0,2,0,78.4880216575402,0,72.7586294151843
27,1,5.73804009129208,0,0,0,2,0,78.4880216575402,0,72.7586294151843
27,2,5.52164723228586,0,0,0,2,0,78.4880216575402,0,72.7586294151843
27,4,4.50371355175042,0,0,0,2,0,78.4880216575402,0,72.7586294151843
27,8,2.17160151298711,0,0,0,2,0,78.4880216575402,0,72.7586294151843
27,12,1.14699045957117,0,0,0,2,0,78.4880216575402,0,72.7586294151843
27,18,0.325887937018305,0,0,0,2,0,78.4880216575402,0,72.7586294151843
27,24,0.168507051821494,0,0,0,2,0,78.4880216575402,0,72.7586294151843
27,36,0.0300134935638044,0,0,0,2,0,78.4880216575402,0,72.7586294151843
27,48,0.00611972838372363,0,0,0,2,0,78.4880216575402,0,72.7586294151843
28,0,0,1,1,200,1,0,78.8578288827254,0,94.8597829788923
28,0.25,2.14318559000113,0,0,0,2,0,78.8578288827254,0,94.8597829788923
28,0.5,3.08471308860355,0,0,0,2,0,78.8578288827254,0,94.8597829788923
28,1,4.47128668366049,0,0,0,2,0,78.8578288827254,0,94.8597829788923
28,2,4.87859774851438,0,0,0,2,0,78.8578288827254,0,94.8597829788923
28,4,4.28543384414408,0,0,0,2,0,78.8578288827254,0,94.8597829788923
28,8,1.78507028379571,0,0,0,2,0,78.8578288827254,0,94.8597829788923
28,12,1.17721148031617,0,0,0,2,0,78.8578288827254,0,94.8597829788923
28,18,0.331569712336578,0,0,0,2,0,78.8578288827254,0,94.8597829788923
28,24,0.126798503569371,0,0,0,2,0,78.8578288827254,0,94.8597829788923
28,36,0.0210741587736266,0,0,0,2,0,78.8578288827254,0,94.8597829788923
28,48,0.00377205411338644,0,0,0,2,0,78.8578288827254,0,94.8597829788923
29,0,0,1,1,200,1,0,71.7235219888758,0,93.1446094997227
29,0.25,2.32365097634579,0,0,0,2,0,71.7235219888758,0,93.1446094997227
29,0.5,3.73273867380459,0,0,0,2,0,71.7235219888758,0,93.1446094997227
29,1,4.76696878481662,0,0,0,2,0,71.7235219888758,0,93.1446094997227
29,2,5.34671433087783,0,0,0,2,0,71.7235219888758,0,93.1446094997227
29,4,4.86001001939131,0,0,0,2,0,71.7235219888758,0,93.1446094997227
29,8,2.13979760690074,0,0,0,2,0,71.7235219888758,0,93.1446094997227
29,12,1.56485777679883,0,0,0,2,0,71.7235219888758,0,93.1446094997227
29,18,0.644796246046311,0,0,0,2,0,71.7235219888758,0,93.1446094997227
29,24,0.34111943425778,0,0,0,2,0,71.7235219888758,0,93.1446094997227
29,36,0.0892004460017502,0,0,0,2,0,71.7235219888758,0,93.1446094997227
29,48,0.0288240052234997,0,0,0,2,0,71.7235219888758,0,93.1446094997227
30,0,0,1,1,200,1,0,84.3089038760793,0,144.699063654989
30,0.25,3.45583635759089,0,0,0,2,0,84.3089038760793,0,144.699063654989
30,0.5,4.76955055723767,0,0,0,2,0,84.3089038760793,0,144.699063654989
30,1,7.5021980378185,0,0,0,2,0,84.3089038760793,0,144.699063654989
30,2,6.40347561200138,0,0,0,2,0,84.3089038760793,0,144.699063654989
30,4,3.83474931872305,0,0,0,2,0,84.3089038760793,0,144.699063654989
30,8,1.34446949278757,0,0,0,2,0,84.3089038760793,0,144.699063654989
30,12,0.37182346881567,0,0,0,2,0,84.3089038760793,0,144.699063654989
30,18,0.0768186265477158,0,0,0,2,0,84.3089038760793,0,144.699063654989
30,24,0.0189408152163812,0,0,0,2,0,84.3089038760793,0,144.699063654989
30,36,0.00100010258486458,0,0,0,2,0,84.3089038760793,0,144.699063654989
30,48,5.58131109457128e-05,0,0,0,2,0,84.3089038760793,0,144.699063654989
31,0,0,1,1,200,1,0,64.9510400433493,1,116.637170556933
31,0.25,2.5653891911805,0,0,0,2,0,64.9510400433493,1,116.637170556933
31,0.5,5.04916355615233,0,0,0,2,0,64.9510400433493,1,116.637170556933
31,1,6.75549293081503,0,0,0,2,0,64.9510400433493,1,116.637170556933
31,2,5.23362385136994,0,0,0,2,0,64.9510400433493,1,116.637170556933
31,4,3.87612900190775,0,0,0,2,0,64.9510400433493,1,116.637170556933
31,8,1.69317060484665,0,0,0,2,0,64.9510400433493,1,116.637170556933
31,12,0.929546408290182,0,0,0,2,0,64.9510400433493,1,116.637170556933
31,18,0.334740479346022,0,0,0,2,0,64.9510400433493,1,116.637170556933
31,24,0.132113807632434,0,0,0,2,0,64.9510400433493,1,116.637170556933
31,36,0.0177519693823681,0,0,0,2,0,64.9510400433493,1,116.637170556933
31,48,0.00261907098174916,0,0,0,2,0,64.9510400433493,1,116.637170556933
32,0,0,1,1,200,1,0,54.443070488485,0,89.1322610713542
32,0.25,2.23927192790728,0,0,0,2,0,54.443070488485,0,89.1322610713542
32,0.5,2.9523566769807,0,0,0,2,0,54.443070488485,0,89.1322610713542
32,1,4.1130382688092,0,0,0,2,0,54.443070488485,0,89.1322610713542
32,2,4.34595471323109,0,0,0,2,0,54.443070488485,0,89.1322610713542
32,4,3.94817183695217,0,0,0,2,0,54.443070488485,0,89.1322610713542
32,8,2.05342493054272,0,0,0,2,0,54.443070488485,0,89.1322610713542
32,12,1.23876590853644,0,0,0,2,0,54.443070488485,0,89.1322610713542
32,18,0.591023406882005,0,0,0,2,0,54.443070488485,0,89.1322610713542
32,24,0.291182523319505,0,0,0,2,0,54.443070488485,0,89.1322610713542
32,36,0.0588695175517456,0,0,0,2,0,54.443070488485,0,89.1322610713542
32,48,0.0229750251833321,0,0,0,2,0,54.443070488485,0,89.1322610713542
33,0,0,1,1,200,1,0,82.6644562032126,0,145.039409240708
33,0.25,1.02366847219107,0,0,0,2,0,82.6644562032126,0,145.039409240708
33,0.5,1.94801888335661,0,0,0,2,0,82.6644562032126,0,145.039409240708
33,1,2.89027713439238,0,0,0,2,0,82.6644562032126,0,145.039409240708
33,2,4.30183689823435,0,0,0,2,0,82.6644562032126,0,145.039409240708
33,4,2.9534150520488,0,0,0,2,0,82.6644562032126,0,145.039409240708
33,8,1.99425330236415,0,0,0,2,0,82.6644562032126,0,145.039409240708
33,12,1.34112291635407,0,0,0,2,0,82.6644562032126,0,145.039409240708
33,18,0.762241416259669,0,0,0,2,0,82.6644562032126,0,145.039409240708
33,24,0.46419399326831,0,0,0,2,0,82.6644562032126,0,145.039409240708
33,36,0.161376838962261,0,0,0,2,0,82.6644562032126,0,145.039409240708
33,48,0.0536968325439138,0,0,0,2,0,82.6644562032126,0,145.039409240708
34,0,0,1,1,200,1,0,67.1100194401154,0,97.0456624869257
34,0.25,1.74671592254615,0,0,0,2,0,67.1100194401154,0,97.0456624869257
34,0.5,2.3706819202049,0,0,0,2,0,67.1100194401154,0,97.0456624869257
34,1,4.22760046904983,0,0,0,2,0,67.1100194401154,0,97.0456624869257
34,2,4.69837640396357,0,0,0,2,0,67.1100194401154,0,97.0456624869257
34,4,3.80520404072636,0,0,0,2,0,67.1100194401154,0,97.0456624869257
34,8,2.06531777729508,0,0,0,2,0,67.1100194401154,0,97.0456624869257
34,12,1.01779037576379,0,0,0,2,0,67.1100194401154,0,97.0456624869257
34,18,0.343340968853632,0,0,0,2,0,67.1100194401154,0,97.0456624869257
34,24,0.141542771443545,0,0,0,2,0,67.1100194401154,0,97.0456624869257
34,36,0.0202510740379275,0,0,0,2,0,67.1100194401154,0,97.0456624869257
34,48,0.00329284305566763,0,0,0,2,0,67.1100194401154,0,97.0456624869257
35,0,0,1,1,200,1,0,44.6078498611041,0,77.1918880753219
35,0.25,1.67832301731829,0,0,0,2,0,44.6078498611041,0,77.1918880753219
35,0.5,2.65923095727979,0,0,0,2,0,44.6078498611041,0,77.1918880753219
35,1,4.41247798649047,0,0,0,2,0,44.6078498611041,0,77.1918880753219
35,2,5.82191983795297,0,0,0,2,0,44.6078498611041,0,77.1918880753219
35,4,4.64695945201371,0,0,0,2,0,44.6078498611041,0,77.1918880753219
35,8,2.47498703386196,0,0,0,2,0,44.6078498611041,0,77.1918880753219
35,12,1.55634275158138,0,0,0,2,0,44.6078498611041,0,77.1918880753219
35,18,1.18165168511446,0,0,0,2,0,44.6078498611041,0,77.1918880753219
35,24,0.509590319809407,0,0,0,2,0,44.6078498611041,0,77.1918880753219
35,36,0.24820524846619,0,0,0,2,0,44.6078498611041,0,77.1918880753219
35,48,0.095277842798689,0,0,0,2,0,44.6078498611041,0,77.1918880753219
36,0,0,1,1,200,1,0,66.544012326792,1,137.62722006999
36,0.25,2.79737209059844,0,0,0,2,0,66.544012326792,1,137.62722006999
36,0.5,4.51123047078825,0,0,0,2,0,66.544012326792,1,137.62722006999
36,1,4.66210496383627,0,0,0,2,0,66.544012326792,1,137.62722006999
36,2,4.57599659084596,0,0,0,2,0,66.544012326792,1,137.62722006999
36,4,2.92495638326029,0,0,0,2,0,66.544012326792,1,137.62722006999
36,8,2.11960398844658,0,0,0,2,0,66.544012326792,1,137.62722006999
36,12,0.759912428774497,0,0,0,2,0,66.544012326792,1,137.62722006999
36,18,0.360643030942432,0,0,0,2,0,66.544012326792,1,137.62722006999
36,24,0.139873366881772,0,0,0,2,0,66.544012326792,1,137.62722006999
36,36,0.0329716812562101,0,0,0,2,0,66.544012326792,1,137.62722006999
36,48,0.00650988215574089,0,0,0,2,0,66.544012326792,1,137.62722006999
37,0,0,1,1,200,1,0,56.7983873532298,1,96.017086962238
37,0.25,3.63561297523753,0,0,0,2,0,56.7983873532298,1,96.017086962238
37,0.5,5.82459831058261,0,0,0,2,0,56.7983873532298,1,96.017086962238
37,1,6.984882035286,0,0,0,2,0,56.7983873532298,1,96.017086962238
37,2,6.53343386460662,0,0,0,2,0,56.7983873532298,1,96.017086962238
37,4,4.85038712056025,0,0,0,2,0,56.7983873532298,1,96.017086962238
37,8,3.02964037924225,0,0,0,2,0,56.7983873532298,1,96.017086962238
37,12,1.45112105061424,0,0,0,2,0,56.7983873532298,1,96.017086962238
37,18,0.615522173502533,0,0,0,2,0,56.7983873532298,1,96.017086962238
37,24,0.263727373309028,0,0,0,2,0,56.7983873532298,1,96.017086962238
37,36,0.0515509580445096,0,0,0,2,0,56.7983873532298,1,96.017086962238
37,48,0.0123491690038476,0,0,0,2,0,56.7983873532298,1,96.017086962238
38,0,0,1,1,200,1,0,51.5494013804059,1,136.198657723144
38,0.25,2.18169122251621,0,0,0,2,0,51.5494013804059,1,136.198657723144
38,0.5,3.10722966510823,0,0,0,2,0,51.5494013804059,1,136.198657723144
38,1,4.65136291936701,0,0,0,2,0,51.5494013804059,1,136.198657723144
38,2,4.49745289282884,0,0,0,2,0,51.5494013804059,1,136.198657723144
38,4,3.10083248534598,0,0,0,2,0,51.5494013804059,1,136.198657723144
38,8,1.62856482487354,0,0,0,2,0,51.5494013804059,1,136.198657723144
38,12,0.67668834705412,0,0,0,2,0,51.5494013804059,1,136.198657723144
38,18,0.260492891876806,0,0,0,2,0,51.5494013804059,1,136.198657723144
38,24,0.0601528625653952,0,0,0,2,0,51.5494013804059,1,136.198657723144
38,36,0.00992833825255154,0,0,0,2,0,51.5494013804059,1,136.198657723144
38,48,0.000956891920330363,0,0,0,2,0,51.5494013804059,1,136.198657723144
39,0,0,1,1,200,1,0,67.8316537998297,1,37.4037733767182
39,0.25,1.13086968113086,0,0,0,2,0,67.8316537998297,1,37.4037733767182
39,0.5,2.67483731198465,0,0,0,2,0,67.8316537998297,1,37.4037733767182
39,1,4.23522525396189,0,0,0,2,0,67.8316537998297,1,37.4037733767182
39,2,4.19180650674223,0,0,0,2,0,67.8316537998297,1,37.4037733767182
39,4,4.15298701015454,0,0,0,2,0,67.8316537998297,1,37.4037733767182
39,8,3.06979686111931,0,0,0,2,0,67.8316537998297,1,37.4037733767182
39,12,2.27999735806205,0,0,0,2,0,67.8316537998297,1,37.4037733767182
39,18,1.37603660568887,0,0,0,2,0,67.8316537998297,1,37.4037733767182
39,24,1.15700976257519,0,0,0,2,0,67.8316537998297,1,37.4037733767182
39,36,0.493386270003165,0,0,0,2,0,67.8316537998297,1,37.4037733767182
39,48,0.293797697369556,0,0,0,2,0,67.8316537998297,1,37.4037733767182
40,0,0,1,1,200,1,0,64.2862709835361,0,119.801609683782
40,0.25,2.26502493372289,0,0,0,2,0,64.2862709835361,0,119.801609683782
40,0.5,2.7692513443978,0,0,0,2,0,64.2862709835361,0,119.801609683782
40,1,5.03600456449041,0,0,0,2,0,64.2862709835361,0,119.801609683782
40,2,4.89492914806996,0,0,0,2,0,64.2862709835361,0,119.801609683782
40,4,2.71498442231806,0,0,0,2,0,64.2862709835361,0,119.801609683782
40,8,1.3365019720341,0,0,0,2,0,64.2862709835361,0,119.801609683782
40,12,0.647151808418263,0,0,0,2,0,64.2862709835361,0,119.801609683782
40,18,0.180683144195368,0,0,0,2,0,64.2862709835361,0,119.801609683782
40,24,0.0877597631401722,0,0,0,2,0,64.2862709835361,0,119.801609683782
40,36,0.0105060253999657,0,0,0,2,0,64.2862709835361,0,119.801609683782
40,48,0.00146639965100139,0,0,0,2,0,64.2862709835361,0,119.801609683782
41,0,0,1,1,200,1,0,71.8910007387731,1,33.7266658712178
41,0.25,2.91481830935925,0,0,0,2,0,71.8910007387731,1,33.7266658712178
41,0.5,4.51993795453243,0,0,0,2,0,71.8910007387731,1,33.7266658712178
41,1,4.99603509546802,0,0,0,2,0,71.8910007387731,1,33.7266658712178
41,2,6.57773726164971,0,0,0,2,0,71.8910007387731,1,33.7266658712178
41,4,5.46480266760855,0,0,0,2,0,71.8910007387731,1,33.7266658712178
41,8,3.91396497165726,0,0,0,2,0,71.8910007387731,1,33.7266658712178
41,12,2.77751193495379,0,0,0,2,0,71.8910007387731,1,33.7266658712178
41,18,1.98566915030091,0,0,0,2,0,71.8910007387731,1,33.7266658712178
41,24,1.62510799905182,0,0,0,2,0,71.8910007387731,1,33.7266658712178
41,36,0.612930892106586,0,0,0,2,0,71.8910007387731,1,33.7266658712178
41,48,0.437663060103613,0,0,0,2,0,71.8910007387731,1,33.7266658712178
42,0,0,1,1,200,1,0,40,0,86.5953101869673
42,0.25,2.53889559067278,0,0,0,2,0,40,0,86.5953101869673
42,0.5,3.87412496665735,0,0,0,2,0,40,0,86.5953101869673
42,1,5.52715572581861,0,0,0,2,0,40,0,86.5953101869673
42,2,6.13014487311638,0,0,0,2,0,40,0,86.5953101869673
42,4,5.02510540471066,0,0,0,2,0,40,0,86.5953101869673
42,8,2.32332307625274,0,0,0,2,0,40,0,86.5953101869673
42,12,1.30516702532043,0,0,0,2,0,40,0,86.5953101869673
42,18,0.511372811278379,0,0,0,2,0,40,0,86.5953101869673
42,24,0.225198602160496,0,0,0,2,0,40,0,86.5953101869673
42,36,0.0370162079064742,0,0,0,2,0,40,0,86.5953101869673
42,48,0.00825624455146727,0,0,0,2,0,40,0,86.5953101869673
43,0,0,1,1,200,1,0,68.3061362078615,1,55.3605152573436
43,0.25,2.58758137478547,0,0,0,2,0,68.3061362078615,1,55.3605152573436
43,0.5,4.44500014537238,0,0,0,2,0,68.3061362078615,1,55.3605152573436
43,1,5.84047381816197,0,0,0,2,0,68.3061362078615,1,55.3605152573436
43,2,5.7706344705627,0,0,0,2,0,68.3061362078615,1,55.3605152573436
43,4,4.92010635465874,0,0,0,2,0,68.3061362078615,1,55.3605152573436
43,8,2.84225365687567,0,0,0,2,0,68.3061362078615,1,55.3605152573436
43,12,1.71996856529678,0,0,0,2,0,68.3061362078615,1,55.3605152573436
43,18,0.914263926837333,0,0,0,2,0,68.3061362078615,1,55.3605152573436
43,24,0.579296777977016,0,0,0,2,0,68.3061362078615,1,55.3605152573436
43,36,0.15950943266733,0,0,0,2,0,68.3061362078615,1,55.3605152573436
43,48,0.0543847824471112,0,0,0,2,0,68.3061362078615,1,55.3605152573436
44,0,0,1,1,200,1,0,82.1167170986742,1,122.338791210204
44,0.25,1.48573883781,0,0,0,2,0,82.1167170986742,1,122.338791210204
44,0.5,2.79771801470113,0,0,0,2,0,82.1167170986742,1,122.338791210204
44,1,4.29201662258032,0,0,0,2,0,82.1167170986742,1,122.338791210204
44,2,4.81496766894633,0,0,0,2,0,82.1167170986742,1,122.338791210204
44,4,3.74853100302407,0,0,0,2,0,82.1167170986742,1,122.338791210204
44,8,2.47097482823373,0,0,0,2,0,82.1167170986742,1,122.338791210204
44,12,1.4948193355993,0,0,0,2,0,82.1167170986742,1,122.338791210204
44,18,0.831338865516607,0,0,0,2,0,82.1167170986742,1,122.338791210204
44,24,0.463331799491237,0,0,0,2,0,82.1167170986742,1,122.338791210204
44,36,0.16380544735902,0,0,0,2,0,82.1167170986742,1,122.338791210204
44,48,0.0510524314445766,0,0,0,2,0,82.1167170986742,1,122.338791210204
45,0,0,1,1,200,1,0,77.0948868893071,1,59.0681462734938
45,0.25,4.15291522449999,0,0,0,2,0,77.0948868893071,1,59.0681462734938
45,0.5,6.61556829379398,0,0,0,2,0,77.0948868893071,1,59.0681462734938
45,1,8.43810676502434,0,0,0,2,0,77.0948868893071,1,59.0681462734938
45,2,7.61019995826786,0,0,0,2,0,77.0948868893071,1,59.0681462734938
45,4,6.49500049287658,0,0,0,2,0,77.0948868893071,1,59.0681462734938
45,8,3.72804782906402,0,0,0,2,0,77.0948868893071,1,59.0681462734938
45,12,2.30448953599935,0,0,0,2,0,77.0948868893071,1,59.0681462734938
45,18,1.5236779620453,0,0,0,2,0,77.0948868893071,1,59.0681462734938
45,24,0.693010252730472,0,0,0,2,0,77.0948868893071,1,59.0681462734938
45,36,0.212194464384467,0,0,0,2,0,77.0948868893071,1,59.0681462734938
45,48,0.0663664067306567,0,0,0,2,0,77.0948868893071,1,59.0681462734938
46,0,0,1,1,200,1,0,60.3725855521145,0,62.0009009353817
46,0.25,2.7415874151076,0,0,0,2,0,60.3725855521145,0,62.0009009353817
46,0.5,4.47164831981571,0,0,0,2,0,60.3725855521145,0,62.0009009353817
46,1,6.16855052056355,0,0,0,2,0,60.3725855521145,0,62.0009009353817
46,2,5.24476594051676,0,0,0,2,0,60.3725855521145,0,62.0009009353817
46,4,4.58247131297161,0,0,0,2,0,60.3725855521145,0,62.0009009353817
46,8,2.74606584846137,0,0,0,2,0,60.3725855521145,0,62.0009009353817
46,12,1.7816076079565,0,0,0,2,0,60.3725855521145,0,62.0009009353817
46,18,0.83090958341094,0,0,0,2,0,60.3725855521145,0,62.0009009353817
46,24,0.386605538016417,0,0,0,2,0,60.3725855521145,0,62.0009009353817
46,36,0.107096189285608,0,0,0,2,0,60.3725855521145,0,62.0009009353817
46,48,0.0312173541548446,0,0,0,2,0,60.3725855521145,0,62.0009009353817
47,0,0,1,1,200,1,0,87.0649728676654,1,64.7867299430072
47,0.25,3.37995619275303,0,0,0,2,0,87.0649728676654,1,64.7867299430072
47,0.5,5.78118473248666,0,0,0,2,0,87.0649728676654,1,64.7867299430072
47,1,5.54095810016622,0,0,0,2,0,87.0649728676654,1,64.7867299430072
47,2,7.08614769677552,0,0,0,2,0,87.0649728676654,1,64.7867299430072
47,4,7.02091988983387,0,0,0,2,0,87.0649728676654,1,64.7867299430072
47,8,3.52885595318656,0,0,0,2,0,87.0649728676654,1,64.7867299430072
47,12,2.35409880458623,0,0,0,2,0,87.0649728676654,1,64.7867299430072
47,18,1.1859710280187,0,0,0,2,0,87.0649728676654,1,64.7867299430072
47,24,0.55913040612453,0,0,0,2,0,87.0649728676654,1,64.7867299430072
47,36,0.171126644911072,0,0,0,2,0,87.0649728676654,1,64.7867299430072
47,48,0.0561632545518127,0,0,0,2,0,87.0649728676654,1,64.7867299430072
48,0,0,1,1,200,1,0,57.0490157387971,1,145.303973900154
48,0.25,2.14893624320533,0,0,0,2,0,57.0490157387971,1,145.303973900154
48,0.5,3.47474399974047,0,0,0,2,0,57.0490157387971,1,145.303973900154
48,1,4.40477620095505,0,0,0,2,0,57.0490157387971,1,145.303973900154
48,2,4.21140491348417,0,0,0,2,0,57.0490157387971,1,145.303973900154
48,4,2.46271955143575,0,0,0,2,0,57.0490157387971,1,145.303973900154
48,8,0.832268366452267,0,0,0,2,0,57.0490157387971,1,145.303973900154
48,12,0.239074896636809,0,0,0,2,0,57.0490157387971,1,145.303973900154
48,18,0.0445166497634555,0,0,0,2,0,57.0490157387971,1,145.303973900154
48,24,0.00818043531582774,0,0,0,2,0,57.0490157387971,1,145.303973900154
48,36,0.000348805594840651,0,0,0,2,0,57.0490157387971,1,145.303973900154
48,48,1.83533621337985e-05,0,0,0,2,0,57.0490157387971,1,145.303973900154
49,0,0,1,1,200,1,0,87.4582674650361,1,136.056389110163
49,0.25,1.93827240475898,0,0,0,2,0,87.4582674650361,1,136.056389110163
49,0.5,3.02529585265997,0,0,0,2,0,87.4582674650361,1,136.056389110163
49,1,3.77193105870107,0,0,0,2,0,87.4582674650361,1,136.056389110163
49,2,4.64104652859779,0,0,0,2,0,87.4582674650361,1,136.056389110163
49,4,2.94022135957541,0,0,0,2,0,87.4582674650361,1,136.056389110163
49,8,1.54708110173815,0,0,0,2,0,87.4582674650361,1,136.056389110163
49,12,0.684503255354252,0,0,0,2,0,87.4582674650361,1,136.056389110163
49,18,0.305314699797262,0,0,0,2,0,87.4582674650361,1,136.056389110163
49,24,0.126503415173899,0,0,0,2,0,87.4582674650361,1,136.056389110163
49,36,0.0158169860807834,0,0,0,2,0,87.4582674650361,1,136.056389110163
49,48,0.00246271887271202,0,0,0,2,0,87.4582674650361,1,136.056389110163
50,0,0,1,1,200,1,0,69.7416934914889,1,117.824118481949
50,0.25,1.91361832340324,0,0,0,2,0,69.7416934914889,1,117.824118481949
50,0.5,3.0673542232712,0,0,0,2,0,69.7416934914889,1,117.824118481949
50,1,4.25680738442054,0,0,0,2,0,69.7416934914889,1,117.824118481949
50,2,3.76828317505863,0,0,0,2,0,69.7416934914889,1,117.824118481949
50,4,3.02241241944615,0,0,0,2,0,69.7416934914889,1,117.824118481949
50,8,2.07880518396826,0,0,0,2,0,69.7416934914889,1,117.824118481949
50,12,1.14544637026783,0,0,0,2,0,69.7416934914889,1,117.824118481949
50,18,0.454132631620158,0,0,0,2,0,69.7416934914889,1,117.824118481949
50,24,0.222004768273357,0,0,0,2,0,69.7416934914889,1,117.824118481949
50,36,0.0442798801631061,0,0,0,2,0,69.7416934914889,1,117.824118481949
50,48,0.00923466371204696,0,0,0,2,0,69.7416934914889,1,117.824118481949
51,0,0,1,1,200,1,0,63.6437603353,1,133.23743769899
51,0.25,1.91172290850296,0,0,0,2,0,63.6437603353,1,133.23743769899
51,0.5,2.38425789154709,0,0,0,2,0,63.6437603353,1,133.23743769899
51,1,3.49435650374103,0,0,0,2,0,63.6437603353,1,133.23743769899
51,2,4.41697039637799,0,0,0,2,0,63.6437603353,1,133.23743769899
51,4,3.03612587277255,0,0,0,2,0,63.6437603353,1,133.23743769899
51,8,1.81176139867053,0,0,0,2,0,63.6437603353,1,133.23743769899
51,12,1.22876975851445,0,0,0,2,0,63.6437603353,1,133.23743769899
51,18,0.516161393237258,0,0,0,2,0,63.6437603353,1,133.23743769899
51,24,0.307707556420246,0,0,0,2,0,63.6437603353,1,133.23743769899
51,36,0.0773911188225412,0,0,0,2,0,63.6437603353,1,133.23743769899
51,48,0.0214813632832394,0,0,0,2,0,63.6437603353,1,133.23743769899
52,0,0,1,1,200,1,0,81.4048350001588,0,42.8505322337151
52,0.25,2.60614754750053,0,0,0,2,0,81.4048350001588,0,42.8505322337151
52,0.5,3.40672903746161,0,0,0,2,0,81.4048350001588,0,42.8505322337151
52,1,4.7165591121872,0,0,0,2,0,81.4048350001588,0,42.8505322337151
52,2,4.19267811169467,0,0,0,2,0,81.4048350001588,0,42.8505322337151
52,4,4.75851570440177,0,0,0,2,0,81.4048350001588,0,42.8505322337151
52,8,3.04295883266407,0,0,0,2,0,81.4048350001588,0,42.8505322337151
52,12,2.4883325960637,0,0,0,2,0,81.4048350001588,0,42.8505322337151
52,18,1.40367614331189,0,0,0,2,0,81.4048350001588,0,42.8505322337151
52,24,0.885334253828912,0,0,0,2,0,81.4048350001588,0,42.8505322337151
52,36,0.380616199207945,0,0,0,2,0,81.4048350001588,0,42.8505322337151
52,48,0.147257826638094,0,0,0,2,0,81.4048350001588,0,42.8505322337151
53,0,0,1,1,200,1,0,77.5066931946279,0,115.624178303406
53,0.25,3.43063610573386,0,0,0,2,0,77.5066931946279,0,115.624178303406
53,0.5,5.2045420585251,0,0,0,2,0,77.5066931946279,0,115.624178303406
53,1,5.28055618297199,0,0,0,2,0,77.5066931946279,0,115.624178303406
53,2,5.65565884215589,0,0,0,2,0,77.5066931946279,0,115.624178303406
53,4,3.50179207768104,0,0,0,2,0,77.5066931946279,0,115.624178303406
53,8,0.86952914854382,0,0,0,2,0,77.5066931946279,0,115.624178303406
53,12,0.349761174826229,0,0,0,2,0,77.5066931946279,0,115.624178303406
53,18,0.0577385662861328,0,0,0,2,0,77.5066931946279,0,115.624178303406
53,24,0.0126896840693834,0,0,0,2,0,77.5066931946279,0,115.624178303406
53,36,0.000535192416164629,0,0,0,2,0,77.5066931946279,0,115.624178303406
53,48,3.71044720047147e-05,0,0,0,2,0,77.5066931946279,0,115.624178303406
54,0,0,1,1,200,1,0,48.7830726193108,1,50.4536741785705
54,0.25,3.51003959986594,0,0,0,2,0,48.7830726193108,1,50.4536741785705
54,0.5,5.25186964508436,0,0,0,2,0,48.7830726193108,1,50.4536741785705
54,1,6.65695372255317,0,0,0,2,0,48.7830726193108,1,50.4536741785705
54,2,7.42787016489676,0,0,0,2,0,48.7830726193108,1,50.4536741785705
54,4,5.23823732454434,0,0,0,2,0,48.7830726193108,1,50.4536741785705
54,8,3.34688616640546,0,0,0,2,0,48.7830726193108,1,50.4536741785705
54,12,2.71781271787208,0,0,0,2,0,48.7830726193108,1,50.4536741785705
54,18,1.43949242759365,0,0,0,2,0,48.7830726193108,1,50.4536741785705
54,24,0.73907756278587,0,0,0,2,0,48.7830726193108,1,50.4536741785705
54,36,0.336963998486264,0,0,0,2,0,48.7830726193108,1,50.4536741785705
54,48,0.143542188157163,0,0,0,2,0,48.7830726193108,1,50.4536741785705
55,0,0,1,1,200,1,0,89.7236890051135,1,32.5038098730147
55,0.25,1.49657977997169,0,0,0,2,0,89.7236890051135,1,32.5038098730147
55,0.5,2.66339000729274,0,0,0,2,0,89.7236890051135,1,32.5038098730147
55,1,4.81475512583404,0,0,0,2,0,89.7236890051135,1,32.5038098730147
55,2,4.00021878972457,0,0,0,2,0,89.7236890051135,1,32.5038098730147
55,4,5.67998966182904,0,0,0,2,0,89.7236890051135,1,32.5038098730147
55,8,4.40545441187163,0,0,0,2,0,89.7236890051135,1,32.5038098730147
55,12,3.14234999710466,0,0,0,2,0,89.7236890051135,1,32.5038098730147
55,18,2.04241882435531,0,0,0,2,0,89.7236890051135,1,32.5038098730147
55,24,1.34156824611659,0,0,0,2,0,89.7236890051135,1,32.5038098730147
55,36,0.561924712066989,0,0,0,2,0,89.7236890051135,1,32.5038098730147
55,48,0.226835209938988,0,0,0,2,0,89.7236890051135,1,32.5038098730147
56,0,0,1,1,200,1,0,72.6119362449495,1,91.2132481578737
56,0.25,1.73102119819903,0,0,0,2,0,72.6119362449495,1,91.2132481578737
56,0.5,2.61971809201809,0,0,0,2,0,72.6119362449495,1,91.2132481578737
56,1,3.23502907404283,0,0,0,2,0,72.6119362449495,1,91.2132481578737
56,2,4.06628938459244,0,0,0,2,0,72.6119362449495,1,91.2132481578737
56,4,3.84342156603166,0,0,0,2,0,72.6119362449495,1,91.2132481578737
56,8,2.81321600579765,0,0,0,2,0,72.6119362449495,1,91.2132481578737
56,12,2.05541016530039,0,0,0,2,0,72.6119362449495,1,91.2132481578737
56,18,1.72834204043168,0,0,0,2,0,72.6119362449495,1,91.2132481578737
56,24,0.944539489237292,0,0,0,2,0,72.6119362449495,1,91.2132481578737
56,36,0.600489929269448,0,0,0,2,0,72.6119362449495,1,91.2132481578737
56,48,0.281440584626412,0,0,0,2,0,72.6119362449495,1,91.2132481578737
57,0,0,1,1,200,1,0,76.3451353734174,0,103.29789692536
57,0.25,2.40558662781426,0,0,0,2,0,76.3451353734174,0,103.29789692536
57,0.5,3.39398497248962,0,0,0,2,0,76.3451353734174,0,103.29789692536
57,1,4.58641895347176,0,0,0,2,0,76.3451353734174,0,103.29789692536
57,2,5.73186990908018,0,0,0,2,0,76.3451353734174,0,103.29789692536
57,4,3.7560942020798,0,0,0,2,0,76.3451353734174,0,103.29789692536
57,8,1.07050256331864,0,0,0,2,0,76.3451353734174,0,103.29789692536
57,12,0.413815469954118,0,0,0,2,0,76.3451353734174,0,103.29789692536
57,18,0.100213050579909,0,0,0,2,0,76.3451353734174,0,103.29789692536
57,24,0.0258583165788795,0,0,0,2,0,76.3451353734174,0,103.29789692536
57,36,0.00181702991085393,0,0,0,2,0,76.3451353734174,0,103.29789692536
57,48,0.000144695827758731,0,0,0,2,0,76.3451353734174,0,103.29789692536
58,0,0,1,1,200,1,0,68.4925534021016,1,37.584404842928
58,0.25,2.62663098316923,0,0,0,2,0,68.4925534021016,1,37.584404842928
58,0.5,4.21427842688096,0,0,0,2,0,68.4925534021016,1,37.584404842928
58,1,6.18934981346024,0,0,0,2,0,68.4925534021016,1,37.584404842928
58,2,6.88673559825196,0,0,0,2,0,68.4925534021016,1,37.584404842928
58,4,5.6606372677209,0,0,0,2,0,68.4925534021016,1,37.584404842928
58,8,4.96852376484709,0,0,0,2,0,68.4925534021016,1,37.584404842928
58,12,4.05079095672326,0,0,0,2,0,68.4925534021016,1,37.584404842928
58,18,2.90801144785672,0,0,0,2,0,68.4925534021016,1,37.584404842928
58,24,2.18024129083705,0,0,0,2,0,68.4925534021016,1,37.584404842928
58,36,1.08617410452534,0,0,0,2,0,68.4925534021016,1,37.584404842928
58,48,0.60788969125118,0,0,0,2,0,68.4925534021016,1,37.584404842928
59,0,0,1,1,200,1,0,51.3924597142119,1,139.955314490944
59,0.25,1.98547118390279,0,0,0,2,0,51.3924597142119,1,139.955314490944
59,0.5,3.49585811119838,0,0,0,2,0,51.3924597142119,1,139.955314490944
59,1,3.98444506125686,0,0,0,2,0,51.3924597142119,1,139.955314490944
59,2,5.84256191818879,0,0,0,2,0,51.3924597142119,1,139.955314490944
59,4,3.67909055395763,0,0,0,2,0,51.3924597142119,1,139.955314490944
59,8,1.90899085557459,0,0,0,2,0,51.3924597142119,1,139.955314490944
59,12,0.967101047657583,0,0,0,2,0,51.3924597142119,1,139.955314490944
59,18,0.323964092691307,0,0,0,2,0,51.3924597142119,1,139.955314490944
59,24,0.0959769328677672,0,0,0,2,0,51.3924597142119,1,139.955314490944
59,36,0.0155079514171124,0,0,0,2,0,51.3924597142119,1,139.955314490944
59,48,0.00246076371822732,0,0,0,2,0,51.3924597142119,1,139.955314490944
60,0,0,1,1,200,1,0,86.4347385227426,0,53.6835499573499
60,0.25,3.10146303018752,0,0,0,2,0,86.4347385227426,0,53.6835499573499
60,0.5,4.37843682000615,0,0,0,2,0,86.4347385227426,0,53.6835499573499
60,1,5.75482055870737,0,0,0,2,0,86.4347385227426,0,53.6835499573499
60,2,5.4604585381719,0,0,0,2,0,86.4347385227426,0,53.6835499573499
60,4,3.61381328814391,0,0,0,2,0,86.4347385227426,0,53.6835499573499
60,8,2.55722697176179,0,0,0,2,0,86.4347385227426,0,53.6835499573499
60,12,1.51289821768505,0,0,0,2,0,86.4347385227426,0,53.6835499573499
60,18,0.533983278079813,0,0,0,2,0,86.4347385227426,0,53.6835499573499
60,24,0.308234476594851,0,0,0,2,0,86.4347385227426,0,53.6835499573499
60,36,0.069182996595539,0,0,0,2,0,86.4347385227426,0,53.6835499573499
60,48,0.0174260043289365,0,0,0,2,0,86.4347385227426,0,53.6835499573499
61,0,0,1,1,200,1,0,93.4883094092138,0,85.508282314986
61,0.25,1.75291307994132,0,0,0,2,0,93.4883094092138,0,85.508282314986
61,0.5,3.50795402371634,0,0,0,2,0,93.4883094092138,0,85.508282314986
61,1,5.19650332328598,0,0,0,2,0,93.4883094092138,0,85.508282314986
61,2,4.84364400426397,0,0,0,2,0,93.4883094092138,0,85.508282314986
61,4,2.97286675806682,0,0,0,2,0,93.4883094092138,0,85.508282314986
61,8,1.18242749576964,0,0,0,2,0,93.4883094092138,0,85.508282314986
61,12,0.525353832335357,0,0,0,2,0,93.4883094092138,0,85.508282314986
61,18,0.153419377097119,0,0,0,2,0,93.4883094092138,0,85.508282314986
61,24,0.0398982739848736,0,0,0,2,0,93.4883094092138,0,85.508282314986
61,36,0.00271435020812106,0,0,0,2,0,93.4883094092138,0,85.508282314986
61,48,0.000300522657815799,0,0,0,2,0,93.4883094092138,0,85.508282314986
62,0,0,1,1,200,1,0,87.7347798712876,1,137.890702905133
62,0.25,2.40014791330973,0,0,0,2,0,87.7347798712876,1,137.890702905133
62,0.5,2.61916143722441,0,0,0,2,0,87.7347798712876,1,137.890702905133
62,1,3.86683588173942,0,0,0,2,0,87.7347798712876,1,137.890702905133
62,2,5.07747186269632,0,0,0,2,0,87.7347798712876,1,137.890702905133
62,4,3.90263606342839,0,0,0,2,0,87.7347798712876,1,137.890702905133
62,8,1.44279423247276,0,0,0,2,0,87.7347798712876,1,137.890702905133
62,12,0.851144415109277,0,0,0,2,0,87.7347798712876,1,137.890702905133
62,18,0.322701746690247,0,0,0,2,0,87.7347798712876,1,137.890702905133
62,24,0.10657094995346,0,0,0,2,0,87.7347798712876,1,137.890702905133
62,36,0.0182141053129124,0,0,0,2,0,87.7347798712876,1,137.890702905133
62,48,0.0029569043652853,0,0,0,2,0,87.7347798712876,1,137.890702905133
63,0,0,1,1,200,1,0,79.341242809474,0,111.84871153906
63,0.25,1.81250097098602,0,0,0,2,0,79.341242809474,0,111.84871153906
63,0.5,3.00653161596484,0,0,0,2,0,79.341242809474,0,111.84871153906
63,1,3.91439413976581,0,0,0,2,0,79.341242809474,0,111.84871153906
63,2,3.90823225465992,0,0,0,2,0,79.341242809474,0,111.84871153906
63,4,3.41742195757133,0,0,0,2,0,79.341242809474,0,111.84871153906
63,8,2.70400296143402,0,0,0,2,0,79.341242809474,0,111.84871153906
63,12,1.96451572578093,0,0,0,2,0,79.341242809474,0,111.84871153906
63,18,1.10671063128463,0,0,0,2,0,79.341242809474,0,111.84871153906
63,24,0.577032520080131,0,0,0,2,0,79.341242809474,0,111.84871153906
63,36,0.28541281950554,0,0,0,2,0,79.341242809474,0,111.84871153906
63,48,0.116947332653475,0,0,0,2,0,79.341242809474,0,111.84871153906
64,0,0,1,1,200,1,0,83.6302807751828,1,106.60981759429
64,0.25,2.44060467487463,0,0,0,2,0,83.6302807751828,1,106.60981759429
64,0.5,3.48928359254885,0,0,0,2,0,83.6302807751828,1,106.60981759429
64,1,4.56894169682654,0,0,0,2,0,83.6302807751828,1,106.60981759429
64,2,4.40300348158641,0,0,0,2,0,83.6302807751828,1,106.60981759429
64,4,3.24121372545047,0,0,0,2,0,83.6302807751828,1,106.60981759429
64,8,1.46516198752115,0,0,0,2,0,83.6302807751828,1,106.60981759429
64,12,0.913626768171081,0,0,0,2,0,83.6302807751828,1,106.60981759429
64,18,0.400616802677178,0,0,0,2,0,83.6302807751828,1,106.60981759429
64,24,0.1550750838727,0,0,0,2,0,83.6302807751828,1,106.60981759429
64,36,0.0301458026346684,0,0,0,2,0,83.6302807751828,1,106.60981759429
64,48,0.00569137808559198,0,0,0,2,0,83.6302807751828,1,106.60981759429
65,0,0,1,1,200,1,0,65.5519088472029,1,97.8354793880135
65,0.25,2.39831703636385,0,0,0,2,0,65.5519088472029,1,97.8354793880135
65,0.5,3.45612440094014,0,0,0,2,0,65.5519088472029,1,97.8354793880135
65,1,4.44246365697182,0,0,0,2,0,65.5519088472029,1,97.8354793880135
65,2,3.98117705412924,0,0,0,2,0,65.5519088472029,1,97.8354793880135
65,4,2.71265562985407,0,0,0,2,0,65.5519088472029,1,97.8354793880135
65,8,1.61268018397416,0,0,0,2,0,65.5519088472029,1,97.8354793880135
65,12,0.733649705829447,0,0,0,2,0,65.5519088472029,1,97.8354793880135
65,18,0.347444921827571,0,0,0,2,0,65.5519088472029,1,97.8354793880135
65,24,0.157953933340737,0,0,0,2,0,65.5519088472029,1,97.8354793880135
65,36,0.0331413779705211,0,0,0,2,0,65.5519088472029,1,97.8354793880135
65,48,0.00666673453004019,0,0,0,2,0,65.5519088472029,1,97.8354793880135
66,0,0,1,1,200,1,0,96.3877470277951,0,67.3280604556203
66,0.25,1.99014526429443,0,0,0,2,0,96.3877470277951,0,67.3280604556203
66,0.5,3.20121592599715,0,0,0,2,0,96.3877470277951,0,67.3280604556203
66,1,4.39016731560141,0,0,0,2,0,96.3877470277951,0,67.3280604556203
66,2,4.45153709491509,0,0,0,2,0,96.3877470277951,0,67.3280604556203
66,4,2.93486814948279,0,0,0,2,0,96.3877470277951,0,67.3280604556203
66,8,1.89879076912897,0,0,0,2,0,96.3877470277951,0,67.3280604556203
66,12,1.10425578452783,0,0,0,2,0,96.3877470277951,0,67.3280604556203
66,18,0.449897465554955,0,0,0,2,0,96.3877470277951,0,67.3280604556203
66,24,0.208417643116377,0,0,0,2,0,96.3877470277951,0,67.3280604556203
66,36,0.0546913749152143,0,0,0,2,0,96.3877470277951,0,67.3280604556203
66,48,0.014029671725092,0,0,0,2,0,96.3877470277951,0,67.3280604556203
67,0,0,1,1,200,1,0,74.8756218918561,1,148.684870842844
67,0.25,1.89792972727227,0,0,0,2,0,74.8756218918561,1,148.684870842844
67,0.5,2.68408332876177,0,0,0,2,0,74.8756218918561,1,148.684870842844
67,1,3.99778824257071,0,0,0,2,0,74.8756218918561,1,148.684870842844
67,2,4.39694692114722,0,0,0,2,0,74.8756218918561,1,148.684870842844
67,4,3.35252605521069,0,0,0,2,0,74.8756218918561,1,148.684870842844
67,8,1.88146368620015,0,0,0,2,0,74.8756218918561,1,148.684870842844
67,12,1.09707979341711,0,0,0,2,0,74.8756218918561,1,148.684870842844
67,18,0.552047154372741,0,0,0,2,0,74.8756218918561,1,148.684870842844
67,24,0.264329810574316,0,0,0,2,0,74.8756218918561,1,148.684870842844
67,36,0.0535664174279058,0,0,0,2,0,74.8756218918561,1,148.684870842844
67,48,0.0171871193975012,0,0,0,2,0,74.8756218918561,1,148.684870842844
68,0,0,1,1,200,1,0,54.1875950308834,1,105.027837501839
68,0.25,2.50818091715587,0,0,0,2,0,54.1875950308834,1,105.027837501839
68,0.5,4.44473475128203,0,0,0,2,0,54.1875950308834,1,105.027837501839
68,1,6.54843610164288,0,0,0,2,0,54.1875950308834,1,105.027837501839
68,2,5.76524114346161,0,0,0,2,0,54.1875950308834,1,105.027837501839
68,4,3.22835963759611,0,0,0,2,0,54.1875950308834,1,105.027837501839
68,8,1.54580600035036,0,0,0,2,0,54.1875950308834,1,105.027837501839
68,12,0.660647276188494,0,0,0,2,0,54.1875950308834,1,105.027837501839
68,18,0.236282407131553,0,0,0,2,0,54.1875950308834,1,105.027837501839
68,24,0.0628124511336708,0,0,0,2,0,54.1875950308834,1,105.027837501839
68,36,0.00923390084560353,0,0,0,2,0,54.1875950308834,1,105.027837501839
68,48,0.0011589345216228,0,0,0,2,0,54.1875950308834,1,105.027837501839
69,0,0,1,1,200,1,0,53.4942032489546,0,88.7642883136868
69,0.25,2.42560129896511,0,0,0,2,0,53.4942032489546,0,88.7642883136868
69,0.5,2.98594300582812,0,0,0,2,0,53.4942032489546,0,88.7642883136868
69,1,5.9586480592432,0,0,0,2,0,53.4942032489546,0,88.7642883136868
69,2,5.00696208864335,0,0,0,2,0,53.4942032489546,0,88.7642883136868
69,4,3.73340073141466,0,0,0,2,0,53.4942032489546,0,88.7642883136868
69,8,1.88011226243743,0,0,0,2,0,53.4942032489546,0,88.7642883136868
69,12,1.01021336067736,0,0,0,2,0,53.4942032489546,0,88.7642883136868
69,18,0.423148769214905,0,0,0,2,0,53.4942032489546,0,88.7642883136868
69,24,0.125541154770368,0,0,0,2,0,53.4942032489546,0,88.7642883136868
69,36,0.028018077327166,0,0,0,2,0,53.4942032489546,0,88.7642883136868
69,48,0.00611960352908203,0,0,0,2,0,53.4942032489546,0,88.7642883136868
70,0,0,1,1,200,1,0,57.8359130419282,0,147.474039383233
70,0.25,2.30813434229319,0,0,0,2,0,57.8359130419282,0,147.474039383233
70,0.5,3.41285888188485,0,0,0,2,0,57.8359130419282,0,147.474039383233
70,1,4.43046207220466,0,0,0,2,0,57.8359130419282,0,147.474039383233
70,2,4.45872971923621,0,0,0,2,0,57.8359130419282,0,147.474039383233
70,4,3.4308732267816,0,0,0,2,0,57.8359130419282,0,147.474039383233
70,8,1.44918190958172,0,0,0,2,0,57.8359130419282,0,147.474039383233
70,12,1.20153034095587,0,0,0,2,0,57.8359130419282,0,147.474039383233
70,18,0.530883045345935,0,0,0,2,0,57.8359130419282,0,147.474039383233
70,24,0.226185234401047,0,0,0,2,0,57.8359130419282,0,147.474039383233
70,36,0.0600070256158582,0,0,0,2,0,57.8359130419282,0,147.474039383233
70,48,0.0157746253805552,0,0,0,2,0,57.8359130419282,0,147.474039383233
71,0,0,1,1,200,1,0,101.026890010062,0,127.041982579976
71,0.25,1.7049901246222,0,0,0,2,0,101.026890010062,0,127.041982579976
71,0.5,2.91531110725231,0,0,0,2,0,101.026890010062,0,127.041982579976
71,1,2.92931525113894,0,0,0,2,0,101.026890010062,0,127.041982579976
71,2,2.89135663887761,0,0,0,2,0,101.026890010062,0,127.041982579976
71,4,2.48717064583281,0,0,0,2,0,101.026890010062,0,127.041982579976
71,8,1.11649382665709,0,0,0,2,0,101.026890010062,0,127.041982579976
71,12,0.501924021381624,0,0,0,2,0,101.026890010062,0,127.041982579976
71,18,0.170200031361276,0,0,0,2,0,101.026890010062,0,127.041982579976
71,24,0.0754557428424768,0,0,0,2,0,101.026890010062,0,127.041982579976
71,36,0.00787979467950918,0,0,0,2,0,101.026890010062,0,127.041982579976
71,48,0.00140470040330788,0,0,0,2,0,101.026890010062,0,127.041982579976
72,0,0,1,1,200,1,0,91.1748551204971,1,108.680977877229
72,0.25,3.74500268857236,0,0,0,2,0,91.1748551204971,1,108.680977877229
72,0.5,6.65163117729893,0,0,0,2,0,91.1748551204971,1,108.680977877229
72,1,6.93258079091376,0,0,0,2,0,91.1748551204971,1,108.680977877229
72,2,5.987015137025,0,0,0,2,0,91.1748551204971,1,108.680977877229
72,4,3.53792513635849,0,0,0,2,0,91.1748551204971,1,108.680977877229
72,8,1.14282866131569,0,0,0,2,0,91.1748551204971,1,108.680977877229
72,12,0.32361888275905,0,0,0,2,0,91.1748551204971,1,108.680977877229
72,18,0.0603342205715822,0,0,0,2,0,91.1748551204971,1,108.680977877229
72,24,0.0105916215646002,0,0,0,2,0,91.1748551204971,1,108.680977877229
72,36,0.00041231815739441,0,0,0,2,0,91.1748551204971,1,108.680977877229
72,48,2.1185608686471e-05,0,0,0,2,0,91.1748551204971,1,108.680977877229
73,0,0,1,1,200,1,0,102.354682637403,0,94.2359766270965
73,0.25,3.04964782653027,0,0,0,2,0,102.354682637403,0,94.2359766270965
73,0.5,4.92722797859693,0,0,0,2,0,102.354682637403,0,94.2359766270965
73,1,6.90706795593674,0,0,0,2,0,102.354682637403,0,94.2359766270965
73,2,7.13396613824382,0,0,0,2,0,102.354682637403,0,94.2359766270965
73,4,5.5092979824448,0,0,0,2,0,102.354682637403,0,94.2359766270965
73,8,2.33499229494315,0,0,0,2,0,102.354682637403,0,94.2359766270965
73,12,1.24313794332349,0,0,0,2,0,102.354682637403,0,94.2359766270965
73,18,0.445665632085476,0,0,0,2,0,102.354682637403,0,94.2359766270965
73,24,0.148504834089348,0,0,0,2,0,102.354682637403,0,94.2359766270965
73,36,0.0284143016903788,0,0,0,2,0,102.354682637403,0,94.2359766270965
73,48,0.00593583266898477,0,0,0,2,0,102.354682637403,0,94.2359766270965
74,0,0,1,1,200,1,0,98.1540260364141,0,75.635177437216
74,0.25,3.85493376529713,0,0,0,2,0,98.1540260364141,0,75.635177437216
74,0.5,6.57753559493161,0,0,0,2,0,98.1540260364141,0,75.635177437216
74,1,6.76633182107012,0,0,0,2,0,98.1540260364141,0,75.635177437216
74,2,6.24625202742479,0,0,0,2,0,98.1540260364141,0,75.635177437216
74,4,4.47757405708133,0,0,0,2,0,98.1540260364141,0,75.635177437216
74,8,1.64785080267939,0,0,0,2,0,98.1540260364141,0,75.635177437216
74,12,0.774699526960124,0,0,0,2,0,98.1540260364141,0,75.635177437216
74,18,0.288138364459529,0,0,0,2,0,98.1540260364141,0,75.635177437216
74,24,0.0559528458542506,0,0,0,2,0,98.1540260364141,0,75.635177437216
74,36,0.00752724300505889,0,0,0,2,0,98.1540260364141,0,75.635177437216
74,48,0.000953748120988278,0,0,0,2,0,98.1540260364141,0,75.635177437216
75,0,0,1,1,200,1,0,51.6742508847576,0,130.903643136844
75,0.25,2.04559914561158,0,0,0,2,0,51.6742508847576,0,130.903643136844
75,0.5,3.16189838634142,0,0,0,2,0,51.6742508847576,0,130.903643136844
75,1,4.22517441249645,0,0,0,2,0,51.6742508847576,0,130.903643136844
75,2,4.3116883869482,0,0,0,2,0,51.6742508847576,0,130.903643136844
75,4,3.23467605432939,0,0,0,2,0,51.6742508847576,0,130.903643136844
75,8,1.11156883209725,0,0,0,2,0,51.6742508847576,0,130.903643136844
75,12,0.367398377700837,0,0,0,2,0,51.6742508847576,0,130.903643136844
75,18,0.0906313872562889,0,0,0,2,0,51.6742508847576,0,130.903643136844
75,24,0.018216022042429,0,0,0,2,0,51.6742508847576,0,130.903643136844
75,36,0.000962102741981867,0,0,0,2,0,51.6742508847576,0,130.903643136844
75,48,8.54383221681862e-05,0,0,0,2,0,51.6742508847576,0,130.903643136844
76,0,0,1,1,200,1,0,92.5191091370442,0,96.2648159824312
76,0.25,1.64241396082082,0,0,0,2,0,92.5191091370442,0,96.2648159824312
76,0.5,2.33507049789294,0,0,0,2,0,92.5191091370442,0,96.2648159824312
76,1,3.12978021482706,0,0,0,2,0,92.5191091370442,0,96.2648159824312
76,2,3.44980219670217,0,0,0,2,0,92.5191091370442,0,96.2648159824312
76,4,2.86294967401343,0,0,0,2,0,92.5191091370442,0,96.2648159824312
76,8,1.55614717940972,0,0,0,2,0,92.5191091370442,0,96.2648159824312
76,12,0.836481572342989,0,0,0,2,0,92.5191091370442,0,96.2648159824312
76,18,0.364044634797708,0,0,0,2,0,92.5191091370442,0,96.2648159824312
76,24,0.133511873089877,0,0,0,2,0,92.5191091370442,0,96.2648159824312
76,36,0.0302265615511038,0,0,0,2,0,92.5191091370442,0,96.2648159824312
76,48,0.00740267734177342,0,0,0,2,0,92.5191091370442,0,96.2648159824312
77,0,0,1,1,200,1,0,71.6946452256251,1,54.5006063394248
77,0.25,2.36721456926245,0,0,0,2,0,71.6946452256251,1,54.5006063394248
77,0.5,4.58776024595115,0,0,0,2,0,71.6946452256251,1,54.5006063394248
77,1,4.95641619820706,0,0,0,2,0,71.6946452256251,1,54.5006063394248
77,2,6.22719875134549,0,0,0,2,0,71.6946452256251,1,54.5006063394248
77,4,4.89360928470542,0,0,0,2,0,71.6946452256251,1,54.5006063394248
77,8,3.81280583426046,0,0,0,2,0,71.6946452256251,1,54.5006063394248
77,12,2.27301562344278,0,0,0,2,0,71.6946452256251,1,54.5006063394248
77,18,1.55674371500365,0,0,0,2,0,71.6946452256251,1,54.5006063394248
77,24,1.11992114295794,0,0,0,2,0,71.6946452256251,1,54.5006063394248
77,36,0.417139355796346,0,0,0,2,0,71.6946452256251,1,54.5006063394248
77,48,0.18180635624569,0,0,0,2,0,71.6946452256251,1,54.5006063394248
78,0,0,1,1,200,1,0,78.0336293063703,0,146.968236174434
78,0.25,1.57513734804021,0,0,0,2,0,78.0336293063703,0,146.968236174434
78,0.5,3.10479228336473,0,0,0,2,0,78.0336293063703,0,146.968236174434
78,1,4.20191211004008,0,0,0,2,0,78.0336293063703,0,146.968236174434
78,2,4.5063136601625,0,0,0,2,0,78.0336293063703,0,146.968236174434
78,4,3.46558381401358,0,0,0,2,0,78.0336293063703,0,146.968236174434
78,8,1.73570335581569,0,0,0,2,0,78.0336293063703,0,146.968236174434
78,12,0.922200476500798,0,0,0,2,0,78.0336293063703,0,146.968236174434
78,18,0.504228115078295,0,0,0,2,0,78.0336293063703,0,146.968236174434
78,24,0.204287151460291,0,0,0,2,0,78.0336293063703,0,146.968236174434
78,36,0.0351585166220858,0,0,0,2,0,78.0336293063703,0,146.968236174434
78,48,0.0095425909320774,0,0,0,2,0,78.0336293063703,0,146.968236174434
79,0,0,1,1,200,1,0,71.5487969486739,1,97.6492985710502
79,0.25,2.19345871304929,0,0,0,2,0,71.5487969486739,1,97.6492985710502
79,0.5,3.94683877888941,0,0,0,2,0,71.5487969486739,1,97.6492985710502
79,1,5.72736332397002,0,0,0,2,0,71.5487969486739,1,97.6492985710502
79,2,6.94467431699412,0,0,0,2,0,71.5487969486739,1,97.6492985710502
79,4,4.66035691627655,0,0,0,2,0,71.5487969486739,1,97.6492985710502
79,8,2.08706521897235,0,0,0,2,0,71.5487969486739,1,97.6492985710502
79,12,1.42439622070356,0,0,0,2,0,71.5487969486739,1,97.6492985710502
79,18,0.637041907913077,0,0,0,2,0,71.5487969486739,1,97.6492985710502
79,24,0.26945608714799,0,0,0,2,0,71.5487969486739,1,97.6492985710502
79,36,0.0542241966860461,0,0,0,2,0,71.5487969486739,1,97.6492985710502
79,48,0.01285402285941,0,0,0,2,0,71.5487969486739,1,97.6492985710502
80,0,0,1,1,200,1,0,61.9568533047092,1,117.970395376906
80,0.25,2.65219589152977,0,0,0,2,0,61.9568533047092,1,117.970395376906
80,0.5,3.82901804556121,0,0,0,2,0,61.9568533047092,1,117.970395376906
80,1,4.83072535285905,0,0,0,2,0,61.9568533047092,1,117.970395376906
80,2,5.3493440890483,0,0,0,2,0,61.9568533047092,1,117.970395376906
80,4,3.3807247789017,0,0,0,2,0,61.9568533047092,1,117.970395376906
80,8,1.22193660692153,0,0,0,2,0,61.9568533047092,1,117.970395376906
80,12,0.560271212210467,0,0,0,2,0,61.9568533047092,1,117.970395376906
80,18,0.136743717085657,0,0,0,2,0,61.9568533047092,1,117.970395376906
80,24,0.0295821211249612,0,0,0,2,0,61.9568533047092,1,117.970395376906
80,36,0.00335549970266631,0,0,0,2,0,61.9568533047092,1,117.970395376906
80,48,0.000310804214874781,0,0,0,2,0,61.9568533047092,1,117.970395376906
81,0,0,1,1,200,1,0,85.7917744176227,1,88.1095650047064
81,0.25,3.52129753634324,0,0,0,2,0,85.7917744176227,1,88.1095650047064
81,0.5,5.37927763643409,0,0,0,2,0,85.7917744176227,1,88.1095650047064
81,1,6.13325632875127,0,0,0,2,0,85.7917744176227,1,88.1095650047064
81,2,6.37438791905862,0,0,0,2,0,85.7917744176227,1,88.1095650047064
81,4,5.19977869233561,0,0,0,2,0,85.7917744176227,1,88.1095650047064
81,8,2.46969832525363,0,0,0,2,0,85.7917744176227,1,88.1095650047064
81,12,1.07203665524959,0,0,0,2,0,85.7917744176227,1,88.1095650047064
81,18,0.421188484785279,0,0,0,2,0,85.7917744176227,1,88.1095650047064
81,24,0.149525147534395,0,0,0,2,0,85.7917744176227,1,88.1095650047064
81,36,0.0177410910175823,0,0,0,2,0,85.7917744176227,1,88.1095650047064
81,48,0.00330425120291698,0,0,0,2,0,85.7917744176227,1,88.1095650047064
82,0,0,1,1,200,1,0,83.6815959152061,1,107.628361070529
82,0.25,3.2164618578026,0,0,0,2,0,83.6815959152061,1,107.628361070529
82,0.5,4.16874945679558,0,0,0,2,0,83.6815959152061,1,107.628361070529
82,1,6.62132062015173,0,0,0,2,0,83.6815959152061,1,107.628361070529
82,2,5.37673437184491,0,0,0,2,0,83.6815959152061,1,107.628361070529
82,4,3.79994295434995,0,0,0,2,0,83.6815959152061,1,107.628361070529
82,8,1.0970357776014,0,0,0,2,0,83.6815959152061,1,107.628361070529
82,12,0.448906561010325,0,0,0,2,0,83.6815959152061,1,107.628361070529
82,18,0.123771134489321,0,0,0,2,0,83.6815959152061,1,107.628361070529
82,24,0.0252575044058767,0,0,0,2,0,83.6815959152061,1,107.628361070529
82,36,0.00219094222142275,0,0,0,2,0,83.6815959152061,1,107.628361070529
82,48,0.000187447676264297,0,0,0,2,0,83.6815959152061,1,107.628361070529
83,0,0,1,1,200,1,0,87.0644857488822,1,81.1752928979695
83,0.25,3.25842707829498,0,0,0,2,0,87.0644857488822,1,81.1752928979695
83,0.5,4.20731703099968,0,0,0,2,0,87.0644857488822,1,81.1752928979695
83,1,6.29793874657688,0,0,0,2,0,87.0644857488822,1,81.1752928979695
83,2,8.00559005961212,0,0,0,2,0,87.0644857488822,1,81.1752928979695
83,4,5.95056394042085,0,0,0,2,0,87.0644857488822,1,81.1752928979695
83,8,3.5056526413783,0,0,0,2,0,87.0644857488822,1,81.1752928979695
83,12,2.18571159345587,0,0,0,2,0,87.0644857488822,1,81.1752928979695
83,18,1.31351402289608,0,0,0,2,0,87.0644857488822,1,81.1752928979695
83,24,0.527364248478122,0,0,0,2,0,87.0644857488822,1,81.1752928979695
83,36,0.203582777202271,0,0,0,2,0,87.0644857488822,1,81.1752928979695
83,48,0.0562239018766734,0,0,0,2,0,87.0644857488822,1,81.1752928979695
84,0,0,1,1,200,1,0,70.547988581358,0,94.9571988265961
84,0.25,2.63618486584767,0,0,0,2,0,70.547988581358,0,94.9571988265961
84,0.5,3.50654285933095,0,0,0,2,0,70.547988581358,0,94.9571988265961
84,1,5.00086815500864,0,0,0,2,0,70.547988581358,0,94.9571988265961
84,2,5.01101950571332,0,0,0,2,0,70.547988581358,0,94.9571988265961
84,4,4.81445688070749,0,0,0,2,0,70.547988581358,0,94.9571988265961
84,8,2.1437859759589,0,0,0,2,0,70.547988581358,0,94.9571988265961
84,12,1.05229327484416,0,0,0,2,0,70.547988581358,0,94.9571988265961
84,18,0.398071013913803,0,0,0,2,0,70.547988581358,0,94.9571988265961
84,24,0.183554950135419,0,0,0,2,0,70.547988581358,0,94.9571988265961
84,36,0.0370552689119538,0,0,0,2,0,70.547988581358,0,94.9571988265961
84,48,0.00744905043670735,0,0,0,2,0,70.547988581358,0,94.9571988265961
85,0,0,1,1,200,1,0,65.161377248294,1,33.7278263736516
85,0.25,2.72262952030666,0,0,0,2,0,65.161377248294,1,33.7278263736516
85,0.5,3.42882970923426,0,0,0,2,0,65.161377248294,1,33.7278263736516
85,1,4.90209310581778,0,0,0,2,0,65.161377248294,1,33.7278263736516
85,2,4.83262393750473,0,0,0,2,0,65.161377248294,1,33.7278263736516
85,4,4.96179842302682,0,0,0,2,0,65.161377248294,1,33.7278263736516
85,8,3.73111108357636,0,0,0,2,0,65.161377248294,1,33.7278263736516
85,12,3.76036140874666,0,0,0,2,0,65.161377248294,1,33.7278263736516
85,18,2.20272051824061,0,0,0,2,0,65.161377248294,1,33.7278263736516
85,24,1.77331042014459,0,0,0,2,0,65.161377248294,1,33.7278263736516
85,36,0.955530524599776,0,0,0,2,0,65.161377248294,1,33.7278263736516
85,48,0.638628218985254,0,0,0,2,0,65.161377248294,1,33.7278263736516
86,0,0,1,1,200,1,0,86.0386306210281,1,58.5423980467021
86,0.25,2.19329733211196,0,0,0,2,0,86.0386306210281,1,58.5423980467021
86,0.5,3.57991618120796,0,0,0,2,0,86.0386306210281,1,58.5423980467021
86,1,5.30589555834371,0,0,0,2,0,86.0386306210281,1,58.5423980467021
86,2,4.84576423645234,0,0,0,2,0,86.0386306210281,1,58.5423980467021
86,4,4.89812163768641,0,0,0,2,0,86.0386306210281,1,58.5423980467021
86,8,3.18001609087643,0,0,0,2,0,86.0386306210281,1,58.5423980467021
86,12,2.16806225118712,0,0,0,2,0,86.0386306210281,1,58.5423980467021
86,18,1.98023242889349,0,0,0,2,0,86.0386306210281,1,58.5423980467021
86,24,1.4841902676388,0,0,0,2,0,86.0386306210281,1,58.5423980467021
86,36,0.542087962950316,0,0,0,2,0,86.0386306210281,1,58.5423980467021
86,48,0.351166048202336,0,0,0,2,0,86.0386306210281,1,58.5423980467021
87,0,0,1,1,200,1,0,64.9182458304087,0,49.7989418450743
87,0.25,2.08797548395766,0,0,0,2,0,64.9182458304087,0,49.7989418450743
87,0.5,3.82042169512403,0,0,0,2,0,64.9182458304087,0,49.7989418450743
87,1,4.7552894211807,0,0,0,2,0,64.9182458304087,0,49.7989418450743
87,2,4.2724133409374,0,0,0,2,0,64.9182458304087,0,49.7989418450743
87,4,4.16440132747817,0,0,0,2,0,64.9182458304087,0,49.7989418450743
87,8,3.24311243428639,0,0,0,2,0,64.9182458304087,0,49.7989418450743
87,12,2.21309704235807,0,0,0,2,0,64.9182458304087,0,49.7989418450743
87,18,1.50793925404221,0,0,0,2,0,64.9182458304087,0,49.7989418450743
87,24,1.00218146123852,0,0,0,2,0,64.9182458304087,0,49.7989418450743
87,36,0.480234363281314,0,0,0,2,0,64.9182458304087,0,49.7989418450743
87,48,0.283099007092618,0,0,0,2,0,64.9182458304087,0,49.7989418450743
88,0,0,1,1,200,1,0,64.742434013406,1,123.512155255303
88,0.25,3.33456525077094,0,0,0,2,0,64.742434013406,1,123.512155255303
88,0.5,5.71532681720857,0,0,0,2,0,64.742434013406,1,123.512155255303
88,1,7.14314437580879,0,0,0,2,0,64.742434013406,1,123.512155255303
88,2,5.90434304632485,0,0,0,2,0,64.742434013406,1,123.512155255303
88,4,4.23935460124274,0,0,0,2,0,64.742434013406,1,123.512155255303
88,8,1.8193714346911,0,0,0,2,0,64.742434013406,1,123.512155255303
88,12,0.896399460696096,0,0,0,2,0,64.742434013406,1,123.512155255303
88,18,0.444034182897774,0,0,0,2,0,64.742434013406,1,123.512155255303
88,24,0.164886957048578,0,0,0,2,0,64.742434013406,1,123.512155255303
88,36,0.0280117619404095,0,0,0,2,0,64.742434013406,1,123.512155255303
88,48,0.00611390464261831,0,0,0,2,0,64.742434013406,1,123.512155255303
89,0,0,1,1,200,1,0,47.9777532623801,0,135.530455308035
89,0.25,3.08233398644202,0,0,0,2,0,47.9777532623801,0,135.530455308035
89,0.5,4.06114853352804,0,0,0,2,0,47.9777532623801,0,135.530455308035
89,1,4.51510694751855,0,0,0,2,0,47.9777532623801,0,135.530455308035
89,2,5.736958523004,0,0,0,2,0,47.9777532623801,0,135.530455308035
89,4,2.59605996119999,0,0,0,2,0,47.9777532623801,0,135.530455308035
89,8,1.16479732765584,0,0,0,2,0,47.9777532623801,0,135.530455308035
89,12,0.537956443253427,0,0,0,2,0,47.9777532623801,0,135.530455308035
89,18,0.121480142705464,0,0,0,2,0,47.9777532623801,0,135.530455308035
89,24,0.0290080363643376,0,0,0,2,0,47.9777532623801,0,135.530455308035
89,36,0.00246794150266997,0,0,0,2,0,47.9777532623801,0,135.530455308035
89,48,0.000281366552143227,0,0,0,2,0,47.9777532623801,0,135.530455308035
90,0,0,1,1,200,1,0,44.9236645424147,0,47.40542630665
90,0.25,2.21274757979444,0,0,0,2,0,44.9236645424147,0,47.40542630665
90,0.5,3.82908848190743,0,0,0,2,0,44.9236645424147,0,47.40542630665
90,1,4.50415654820824,0,0,0,2,0,44.9236645424147,0,47.40542630665
90,2,5.79636602064424,0,0,0,2,0,44.9236645424147,0,47.40542630665
90,4,4.35464650724376,0,0,0,2,0,44.9236645424147,0,47.40542630665
90,8,3.11608321622669,0,0,0,2,0,44.9236645424147,0,47.40542630665
90,12,2.53272103656991,0,0,0,2,0,44.9236645424147,0,47.40542630665
90,18,1.50809430507022,0,0,0,2,0,44.9236645424147,0,47.40542630665
90,24,1.07452162632166,0,0,0,2,0,44.9236645424147,0,47.40542630665
90,36,0.394501724274875,0,0,0,2,0,44.9236645424147,0,47.40542630665
90,48,0.164725894575034,0,0,0,2,0,44.9236645424147,0,47.40542630665
91,0,0,1,1,200,1,0,81.5394319937808,0,114.55456500873
91,0.25,1.91088692204201,0,0,0,2,0,81.5394319937808,0,114.55456500873
91,0.5,3.66533413557784,0,0,0,2,0,81.5394319937808,0,114.55456500873
91,1,4.86189482364125,0,0,0,2,0,81.5394319937808,0,114.55456500873
91,2,5.79271400344312,0,0,0,2,0,81.5394319937808,0,114.55456500873
91,4,3.55827546817798,0,0,0,2,0,81.5394319937808,0,114.55456500873
91,8,1.56702004564196,0,0,0,2,0,81.5394319937808,0,114.55456500873
91,12,0.437174802373084,0,0,0,2,0,81.5394319937808,0,114.55456500873
91,18,0.096040388510008,0,0,0,2,0,81.5394319937808,0,114.55456500873
91,24,0.0334475863097338,0,0,0,2,0,81.5394319937808,0,114.55456500873
91,36,0.00205254744192213,0,0,0,2,0,81.5394319937808,0,114.55456500873
91,48,0.000158152807874053,0,0,0,2,0,81.5394319937808,0,114.55456500873
92,0,0,1,1,200,1,0,60.014668151812,1,69.6712637320161
92,0.25,1.17686430375118,0,0,0,2,0,60.014668151812,1,69.6712637320161
92,0.5,2.2912220913306,0,0,0,2,0,60.014668151812,1,69.6712637320161
92,1,3.7397307065183,0,0,0,2,0,60.014668151812,1,69.6712637320161
92,2,4.36417295535735,0,0,0,2,0,60.014668151812,1,69.6712637320161
92,4,4.37696080572649,0,0,0,2,0,60.014668151812,1,69.6712637320161
92,8,3.17079420138121,0,0,0,2,0,60.014668151812,1,69.6712637320161
92,12,1.98297698771254,0,0,0,2,0,60.014668151812,1,69.6712637320161
92,18,0.951442619777955,0,0,0,2,0,60.014668151812,1,69.6712637320161
92,24,0.385558917291648,0,0,0,2,0,60.014668151812,1,69.6712637320161
92,36,0.122185685969638,0,0,0,2,0,60.014668151812,1,69.6712637320161
92,48,0.0379167916036432,0,0,0,2,0,60.014668151812,1,69.6712637320161
93,0,0,1,1,200,1,0,85.3567034006354,0,128.369318749756
93,0.25,2.44547321003138,0,0,0,2,0,85.3567034006354,0,128.369318749756
93,0.5,3.50644587838243,0,0,0,2,0,85.3567034006354,0,128.369318749756
93,1,5.51915577801174,0,0,0,2,0,85.3567034006354,0,128.369318749756
93,2,4.3959439012861,0,0,0,2,0,85.3567034006354,0,128.369318749756
93,4,3.37501723113833,0,0,0,2,0,85.3567034006354,0,128.369318749756
93,8,1.30436914866478,0,0,0,2,0,85.3567034006354,0,128.369318749756
93,12,0.732232187147585,0,0,0,2,0,85.3567034006354,0,128.369318749756
93,18,0.279662049529468,0,0,0,2,0,85.3567034006354,0,128.369318749756
93,24,0.0768793802319416,0,0,0,2,0,85.3567034006354,0,128.369318749756
93,36,0.014203334333179,0,0,0,2,0,85.3567034006354,0,128.369318749756
93,48,0.00294696251264264,0,0,0,2,0,85.3567034006354,0,128.369318749756
94,0,0,1,1,200,1,0,66.4964404018619,1,97.0622305758297
94,0.25,3.3342411281171,0,0,0,2,0,66.4964404018619,1,97.0622305758297
94,0.5,5.17942195278254,0,0,0,2,0,66.4964404018619,1,97.0622305758297
94,1,6.08167308261222,0,0,0,2,0,66.4964404018619,1,97.0622305758297
94,2,6.75978924711557,0,0,0,2,0,66.4964404018619,1,97.0622305758297
94,4,4.24875634382533,0,0,0,2,0,66.4964404018619,1,97.0622305758297
94,8,3.203304487567,0,0,0,2,0,66.4964404018619,1,97.0622305758297
94,12,1.9488776138968,0,0,0,2,0,66.4964404018619,1,97.0622305758297
94,18,0.920291246885967,0,0,0,2,0,66.4964404018619,1,97.0622305758297
94,24,0.579575357661885,0,0,0,2,0,66.4964404018619,1,97.0622305758297
94,36,0.165483880974616,0,0,0,2,0,66.4964404018619,1,97.0622305758297
94,48,0.0574101790153888,0,0,0,2,0,66.4964404018619,1,97.0622305758297
95,0,0,1,1,200,1,0,67.8041964558382,0,106.731339767575
95,0.25,2.07380976172757,0,0,0,2,0,67.8041964558382,0,106.731339767575
95,0.5,3.85763724665303,0,0,0,2,0,67.8041964558382,0,106.731339767575
95,1,5.04845555157763,0,0,0,2,0,67.8041964558382,0,106.731339767575
95,2,5.0361026258401,0,0,0,2,0,67.8041964558382,0,106.731339767575
95,4,4.9034801594658,0,0,0,2,0,67.8041964558382,0,106.731339767575
95,8,2.36806051204899,0,0,0,2,0,67.8041964558382,0,106.731339767575
95,12,1.51884512847495,0,0,0,2,0,67.8041964558382,0,106.731339767575
95,18,0.675598962868185,0,0,0,2,0,67.8041964558382,0,106.731339767575
95,24,0.31147732126752,0,0,0,2,0,67.8041964558382,0,106.731339767575
95,36,0.0813324727856476,0,0,0,2,0,67.8041964558382,0,106.731339767575
95,48,0.0147766753324764,0,0,0,2,0,67.8041964558382,0,106.731339767575
96,0,0,1,1,200,1,0,72.7740797479602,0,106.24252717942
96,0.25,2.16777924721052,0,0,0,2,0,72.7740797479602,0,106.24252717942
96,0.5,3.1291174246118,0,0,0,2,0,72.7740797479602,0,106.24252717942
96,1,5.08468813812168,0,0,0,2,0,72.7740797479602,0,106.24252717942
96,2,5.58278787663548,0,0,0,2,0,72.7740797479602,0,106.24252717942
96,4,3.69970005308579,0,0,0,2,0,72.7740797479602,0,106.24252717942
96,8,1.74862075869171,0,0,0,2,0,72.7740797479602,0,106.24252717942
96,12,0.877019534253409,0,0,0,2,0,72.7740797479602,0,106.24252717942
96,18,0.314406860501118,0,0,0,2,0,72.7740797479602,0,106.24252717942
96,24,0.105064614337276,0,0,0,2,0,72.7740797479602,0,106.24252717942
96,36,0.0143881112210239,0,0,0,2,0,72.7740797479602,0,106.24252717942
96,48,0.00236596853570586,0,0,0,2,0,72.7740797479602,0,106.24252717942
97,0,0,1,1,200,1,0,72.6755306480146,0,115.224473113194
97,0.25,2.28417426130537,0,0,0,2,0,72.6755306480146,0,115.224473113194
97,0.5,4.1693143993618,0,0,0,2,0,72.6755306480146,0,115.224473113194
97,1,5.3179349209999,0,0,0,2,0,72.6755306480146,0,115.224473113194
97,2,5.35549790018548,0,0,0,2,0,72.6755306480146,0,115.224473113194
97,4,3.48630349534334,0,0,0,2,0,72.6755306480146,0,115.224473113194
97,8,1.73558149383701,0,0,0,2,0,72.6755306480146,0,115.224473113194
97,12,0.535985482982318,0,0,0,2,0,72.6755306480146,0,115.224473113194
97,18,0.158723604637379,0,0,0,2,0,72.6755306480146,0,115.224473113194
97,24,0.0560678038436038,0,0,0,2,0,72.6755306480146,0,115.224473113194
97,36,0.0049526859816689,0,0,0,2,0,72.6755306480146,0,115.224473113194
97,48,0.000524519178786509,0,0,0,2,0,72.6755306480146,0,115.224473113194
98,0,0,1,1,200,1,0,75.5758685053841,0,148.209179705009
98,0.25,1.73239250937926,0,0,0,2,0,75.5758685053841,0,148.209179705009
98,0.5,3.24802252339965,0,0,0,2,0,75.5758685053841,0,148.209179705009
98,1,3.70753632296094,0,0,0,2,0,75.5758685053841,0,148.209179705009
98,2,4.6876647752215,0,0,0,2,0,75.5758685053841,0,148.209179705009
98,4,2.6568769769155,0,0,0,2,0,75.5758685053841,0,148.209179705009
98,8,1.08151140056807,0,0,0,2,0,75.5758685053841,0,148.209179705009
98,12,0.406131800171501,0,0,0,2,0,75.5758685053841,0,148.209179705009
98,18,0.0820371511615142,0,0,0,2,0,75.5758685053841,0,148.209179705009
98,24,0.0175818995663523,0,0,0,2,0,75.5758685053841,0,148.209179705009
98,36,0.00119789621921576,0,0,0,2,0,75.5758685053841,0,148.209179705009
98,48,7.87029385748471e-05,0,0,0,2,0,75.5758685053841,0,148.209179705009
99,0,0,1,1,200,1,0,48.339308846072,1,86.727108573541
99,0.25,1.8967402330409,0,0,0,2,0,48.339308846072,1,86.727108573541
99,0.5,4.74629727820618,0,0,0,2,0,48.339308846072,1,86.727108573541
99,1,6.58573114825933,0,0,0,2,0,48.339308846072,1,86.727108573541
99,2,6.815793247365,0,0,0,2,0,48.339308846072,1,86.727108573541
99,4,6.42611346825186,0,0,0,2,0,48.339308846072,1,86.727108573541
99,8,3.0062656682136,0,0,0,2,0,48.339308846072,1,86.727108573541
99,12,1.81307741619943,0,0,0,2,0,48.339308846072,1,86.727108573541
99,18,0.735127894571377,0,0,0,2,0,48.339308846072,1,86.727108573541
99,24,0.331019711999149,0,0,0,2,0,48.339308846072,1,86.727108573541
99,36,0.0798583976754417,0,0,0,2,0,48.339308846072,1,86.727108573541
99,48,0.0154847691004025,0,0,0,2,0,48.339308846072,1,86.727108573541
100,0,0,1,1,200,1,0,56.9989916247274,0,57.247177446261
100,0.25,2.16472817364655,0,0,0,2,0,56.9989916247274,0,57.247177446261
100,0.5,3.15594193777371,0,0,0,2,0,56.9989916247274,0,57.247177446261
100,1,4.68098760346588,0,0,0,2,0,56.9989916247274,0,57.247177446261
100,2,4.35829186006595,0,0,0,2,0,56.9989916247274,0,57.247177446261
100,4,3.91401291031811,0,0,0,2,0,56.9989916247274,0,57.247177446261
100,8,1.53937596397348,0,0,0,2,0,56.9989916247274,0,57.247177446261
100,12,0.821397293707862,0,0,0,2,0,56.9989916247274,0,57.247177446261
100,18,0.392735916343499,0,0,0,2,0,56.9989916247274,0,57.247177446261
100,24,0.128307683663112,0,0,0,2,0,56.9989916247274,0,57.247177446261
100,36,0.0248103270673165,0,0,0,2,0,56.9989916247274,0,57.247177446261
100,48,0.00545664239454866,0,0,0,2,0,56.9989916247274,0,57.247177446261
